SCENARIO ID,CROP,VOLUME,FARMER ID,LOCATION,INPUT,EXPECTED BEHAVIOR,ACTUAL BEHAVIOR,MATCHING RESULT,RANKING RESULT,TOP-N RESULT,NEGOTIATION RESULT,NEGOTIATION TRANSCRIPT,DATABASE RESULT,EVENT RESULT,DOWNSTREAM RESULT,FINAL WORKFLOW STATE,STATUS,FAILURE REASON,EVIDENCE
SCN-BASE-BR-SUG-120,Sugarcane,120.0,F0002,Thane Subdistrict,"{""crop"": ""Sugarcane"", ""quantity"": 120.0, ""target_price"": 4.65, ""max_price"": 5.23, ""location"": ""Thane Subdistrict"", ""budget"": 941.4, ""candidates"": [{""id"": ""F0001"", ""name"": ""Aarav Patil"", ""crop"": ""Sugarcane"", ""quantity"": 60.0, ""price"": 4.74, ""location"": ""Karjat, Raigad"", ""distance_km"": 33.8, ""match_score"": 90.0}, {""id"": ""F0002"", ""name"": ""Vikram Jadhav"", ""crop"": ""Sugarcane"", ""quantity"": 120.0, ""price"": 4.88, ""location"": ""Panvel, Raigad"", ""distance_km"": 10.4, ""match_score"": 88.0}, {""id"": ""F0003"", ""name"": ""Suresh Shinde"", ""crop"": ""Sugarcane"", ""quantity"": 180.0, ""price"": 5.02, ""location"": ""Karjat, Raigad"", ""distance_km"": 33.8, ""match_score"": 86.0}, {""id"": ""F0004"", ""name"": ""Mahesh Pawar"", ""crop"": ""Sugarcane"", ""quantity"": 72.0, ""price"": 5.16, ""location"": ""Panvel, Raigad"", ""distance_km"": 10.4, ""match_score"": 84.0}, {""id"": ""F0005"", ""name"": ""Ganesh More"", ""crop"": ""Sugarcane"", ""quantity"": 60.0, ""price"": 5.3, ""location"": ""Talegaon, Pune"", ""distance_km"": 75.5, ""match_score"": 82.0}], ""force_deterministic"": true}","Identify Top-5 candidates, negotiate multi-round below ₹5.23/kg, and select lowest landed cost winner.",Autonomous deal reached with Vikram Jadhav at ₹4.75/kg (Landed: ₹10.22/kg),Discovered 5 candidates,Ranked by Landed Cost (Base + Highway Freight + APMC Cess),Evaluated 5 parallel branches,Agreed at ₹4.75/kg,"============================================================
BUYER AUTONOMOUS PROCUREMENT ORCHESTRATION
============================================================
Buyer Requirement: Sugarcane | Quantity: 120kg | Target: ₹4.65/kg | Max Reservation: ₹5.23/kg | Budget: ₹941.40
System: Found 5 eligibl...",Persisted in history & updated status,"Broadcasted TOP5_STATUS, TOP5_ROUND_UPDATE, TOP5_DEAL_FINALIZED",Single agent mode: downstream bypassed,DEAL_SELECTED,PASS,,Txn: TXN-MH-2026-CBCB9358 | IdempotencyKey: 22612a97589b61be7066d0de6391a5cc36d99005fc673327f198bf2cb16350e2
SCN-BASE-BR-SUG-500,Sugarcane,500.0,F0002,Thane Subdistrict,"{""crop"": ""Sugarcane"", ""quantity"": 500.0, ""target_price"": 4.65, ""max_price"": 5.23, ""location"": ""Thane Subdistrict"", ""budget"": 3922.5, ""candidates"": [{""id"": ""F0001"", ""name"": ""Aarav Patil"", ""crop"": ""Sugarcane"", ""quantity"": 250.0, ""price"": 4.74, ""location"": ""Karjat, Raigad"", ""distance_km"": 33.8, ""match_score"": 90.0}, {""id"": ""F0002"", ""name"": ""Vikram Jadhav"", ""crop"": ""Sugarcane"", ""quantity"": 500.0, ""price"": 4.88, ""location"": ""Panvel, Raigad"", ""distance_km"": 10.4, ""match_score"": 88.0}, {""id"": ""F0003"", ""name"": ""Suresh Shinde"", ""crop"": ""Sugarcane"", ""quantity"": 750.0, ""price"": 5.02, ""location"": ""Karjat, Raigad"", ""distance_km"": 33.8, ""match_score"": 86.0}, {""id"": ""F0004"", ""name"": ""Mahesh Pawar"", ""crop"": ""Sugarcane"", ""quantity"": 300.0, ""price"": 5.16, ""location"": ""Panvel, Raigad"", ""distance_km"": 10.4, ""match_score"": 84.0}, {""id"": ""F0005"", ""name"": ""Ganesh More"", ""crop"": ""Sugarcane"", ""quantity"": 250.0, ""price"": 5.3, ""location"": ""Talegaon, Pune"", ""distance_km"": 75.5, ""match_score"": 82.0}], ""force_deterministic"": true}","Identify Top-5 candidates, negotiate multi-round below ₹5.23/kg, and select lowest landed cost winner.",Autonomous deal reached with Vikram Jadhav at ₹4.75/kg (Landed: ₹6.10/kg),Discovered 5 candidates,Ranked by Landed Cost (Base + Highway Freight + APMC Cess),Evaluated 5 parallel branches,Agreed at ₹4.75/kg,"============================================================
BUYER AUTONOMOUS PROCUREMENT ORCHESTRATION
============================================================
Buyer Requirement: Sugarcane | Quantity: 500kg | Target: ₹4.65/kg | Max Reservation: ₹5.23/kg | Budget: ₹3,922.50
System: Found 5 eligi...",Persisted in history & updated status,"Broadcasted TOP5_STATUS, TOP5_ROUND_UPDATE, TOP5_DEAL_FINALIZED",Single agent mode: downstream bypassed,DEAL_SELECTED,PASS,,Txn: TXN-MH-2026-D2C84FDF | IdempotencyKey: 26db30eb67c38644f3aa536084374db0aa565757b3faa919b1e8d6c04143e674
SCN-BASE-BR-SUG-1000,Sugarcane,1000.0,F0002,Thane Subdistrict,"{""crop"": ""Sugarcane"", ""quantity"": 1000.0, ""target_price"": 4.65, ""max_price"": 5.23, ""location"": ""Thane Subdistrict"", ""budget"": 7845.0, ""candidates"": [{""id"": ""F0001"", ""name"": ""Aarav Patil"", ""crop"": ""Sugarcane"", ""quantity"": 500.0, ""price"": 4.74, ""location"": ""Karjat, Raigad"", ""distance_km"": 33.8, ""match_score"": 90.0}, {""id"": ""F0002"", ""name"": ""Vikram Jadhav"", ""crop"": ""Sugarcane"", ""quantity"": 1000.0, ""price"": 4.88, ""location"": ""Panvel, Raigad"", ""distance_km"": 10.4, ""match_score"": 88.0}, {""id"": ""F0003"", ""name"": ""Suresh Shinde"", ""crop"": ""Sugarcane"", ""quantity"": 1500.0, ""price"": 5.02, ""location"": ""Karjat, Raigad"", ""distance_km"": 33.8, ""match_score"": 86.0}, {""id"": ""F0004"", ""name"": ""Mahesh Pawar"", ""crop"": ""Sugarcane"", ""quantity"": 600.0, ""price"": 5.16, ""location"": ""Panvel, Raigad"", ""distance_km"": 10.4, ""match_score"": 84.0}, {""id"": ""F0005"", ""name"": ""Ganesh More"", ""crop"": ""Sugarcane"", ""quantity"": 500.0, ""price"": 5.3, ""location"": ""Talegaon, Pune"", ""distance_km"": 75.5, ""match_score"": 82.0}], ""force_deterministic"": true}","Identify Top-5 candidates, negotiate multi-round below ₹5.23/kg, and select lowest landed cost winner.",Autonomous deal reached with Vikram Jadhav at ₹4.75/kg (Landed: ₹5.45/kg),Discovered 5 candidates,Ranked by Landed Cost (Base + Highway Freight + APMC Cess),Evaluated 5 parallel branches,Agreed at ₹4.75/kg,"============================================================
BUYER AUTONOMOUS PROCUREMENT ORCHESTRATION
============================================================
Buyer Requirement: Sugarcane | Quantity: 1,000kg | Target: ₹4.65/kg | Max Reservation: ₹5.23/kg | Budget: ₹7,845.00
System: Found 5 eli...",Persisted in history & updated status,"Broadcasted TOP5_STATUS, TOP5_ROUND_UPDATE, TOP5_DEAL_FINALIZED",Single agent mode: downstream bypassed,DEAL_SELECTED,PASS,,Txn: TXN-MH-2026-0E50ABDA | IdempotencyKey: 87fd9865ff4284a653eb42f522700abfb155c650222d910d25a5283eb4f2e6be
SCN-BASE-BR-SUG-5000,Sugarcane,5000.0,F0002,Thane Subdistrict,"{""crop"": ""Sugarcane"", ""quantity"": 5000.0, ""target_price"": 4.65, ""max_price"": 5.23, ""location"": ""Thane Subdistrict"", ""budget"": 39225.0, ""candidates"": [{""id"": ""F0001"", ""name"": ""Aarav Patil"", ""crop"": ""Sugarcane"", ""quantity"": 2500.0, ""price"": 4.74, ""location"": ""Karjat, Raigad"", ""distance_km"": 33.8, ""match_score"": 90.0}, {""id"": ""F0002"", ""name"": ""Vikram Jadhav"", ""crop"": ""Sugarcane"", ""quantity"": 5000.0, ""price"": 4.88, ""location"": ""Panvel, Raigad"", ""distance_km"": 10.4, ""match_score"": 88.0}, {""id"": ""F0003"", ""name"": ""Suresh Shinde"", ""crop"": ""Sugarcane"", ""quantity"": 7500.0, ""price"": 5.02, ""location"": ""Karjat, Raigad"", ""distance_km"": 33.8, ""match_score"": 86.0}, {""id"": ""F0004"", ""name"": ""Mahesh Pawar"", ""crop"": ""Sugarcane"", ""quantity"": 3000.0, ""price"": 5.16, ""location"": ""Panvel, Raigad"", ""distance_km"": 10.4, ""match_score"": 84.0}, {""id"": ""F0005"", ""name"": ""Ganesh More"", ""crop"": ""Sugarcane"", ""quantity"": 2500.0, ""price"": 5.3, ""location"": ""Talegaon, Pune"", ""distance_km"": 75.5, ""match_score"": 82.0}], ""force_deterministic"": true}","Identify Top-5 candidates, negotiate multi-round below ₹5.23/kg, and select lowest landed cost winner.",Autonomous deal reached with Vikram Jadhav at ₹4.75/kg (Landed: ₹5.16/kg),Discovered 5 candidates,Ranked by Landed Cost (Base + Highway Freight + APMC Cess),Evaluated 5 parallel branches,Agreed at ₹4.75/kg,"============================================================
BUYER AUTONOMOUS PROCUREMENT ORCHESTRATION
============================================================
Buyer Requirement: Sugarcane | Quantity: 5,000kg | Target: ₹4.65/kg | Max Reservation: ₹5.23/kg | Budget: ₹39,225.00
System: Found 5 el...",Persisted in history & updated status,"Broadcasted TOP5_STATUS, TOP5_ROUND_UPDATE, TOP5_DEAL_FINALIZED",Single agent mode: downstream bypassed,DEAL_SELECTED,PASS,,Txn: TXN-MH-2026-BBC7DB05 | IdempotencyKey: 0eaa04511c8dd58e9697db598ed73542c1e7cc27689d78516566d01a93a4b5fd
SCN-BASE-BR-SUG-10000,Sugarcane,10000.0,F0002,Thane Subdistrict,"{""crop"": ""Sugarcane"", ""quantity"": 10000.0, ""target_price"": 4.65, ""max_price"": 5.23, ""location"": ""Thane Subdistrict"", ""budget"": 78450.0, ""candidates"": [{""id"": ""F0001"", ""name"": ""Aarav Patil"", ""crop"": ""Sugarcane"", ""quantity"": 5000.0, ""price"": 4.74, ""location"": ""Karjat, Raigad"", ""distance_km"": 33.8, ""match_score"": 90.0}, {""id"": ""F0002"", ""name"": ""Vikram Jadhav"", ""crop"": ""Sugarcane"", ""quantity"": 10000.0, ""price"": 4.88, ""location"": ""Panvel, Raigad"", ""distance_km"": 10.4, ""match_score"": 88.0}, {""id"": ""F0003"", ""name"": ""Suresh Shinde"", ""crop"": ""Sugarcane"", ""quantity"": 15000.0, ""price"": 5.02, ""location"": ""Karjat, Raigad"", ""distance_km"": 33.8, ""match_score"": 86.0}, {""id"": ""F0004"", ""name"": ""Mahesh Pawar"", ""crop"": ""Sugarcane"", ""quantity"": 6000.0, ""price"": 5.16, ""location"": ""Panvel, Raigad"", ""distance_km"": 10.4, ""match_score"": 84.0}, {""id"": ""F0005"", ""name"": ""Ganesh More"", ""crop"": ""Sugarcane"", ""quantity"": 5000.0, ""price"": 5.3, ""location"": ""Talegaon, Pune"", ""distance_km"": 75.5, ""match_score"": 82.0}], ""force_deterministic"": true}","Identify Top-5 candidates, negotiate multi-round below ₹5.23/kg, and select lowest landed cost winner.",Autonomous deal reached with Vikram Jadhav at ₹4.75/kg (Landed: ₹5.16/kg),Discovered 5 candidates,Ranked by Landed Cost (Base + Highway Freight + APMC Cess),Evaluated 5 parallel branches,Agreed at ₹4.75/kg,"============================================================
BUYER AUTONOMOUS PROCUREMENT ORCHESTRATION
============================================================
Buyer Requirement: Sugarcane | Quantity: 10,000kg | Target: ₹4.65/kg | Max Reservation: ₹5.23/kg | Budget: ₹78,450.00
System: Found 5 e...",Persisted in history & updated status,"Broadcasted TOP5_STATUS, TOP5_ROUND_UPDATE, TOP5_DEAL_FINALIZED",Single agent mode: downstream bypassed,DEAL_SELECTED,PASS,,Txn: TXN-MH-2026-D14B3D1E | IdempotencyKey: a2a5f9d214295dc6c5d2cced7adb2cb7c19192a671076f307671d2a455ab4a1c
SCN-BASE-BR-SOY-120,Soybean,120.0,F0022,Thane Subdistrict,"{""crop"": ""Soybean"", ""quantity"": 120.0, ""target_price"": 66.9, ""max_price"": 75.2, ""location"": ""Thane Subdistrict"", ""budget"": 13536.0, ""candidates"": [{""id"": ""F0021"", ""name"": ""Aarav Patil"", ""crop"": ""Soybean"", ""quantity"": 60.0, ""price"": 68.24, ""location"": ""Uran, Raigad"", ""distance_km"": 19.7, ""match_score"": 90.0}, {""id"": ""F0022"", ""name"": ""Vikram Jadhav"", ""crop"": ""Soybean"", ""quantity"": 120.0, ""price"": 70.25, ""location"": ""Karjat, Raigad"", ""distance_km"": 33.8, ""match_score"": 88.0}, {""id"": ""F0023"", ""name"": ""Suresh Shinde"", ""crop"": ""Soybean"", ""quantity"": 180.0, ""price"": 72.25, ""location"": ""Alibag, Raigad"", ""distance_km"": 46.6, ""match_score"": 86.0}, {""id"": ""F0024"", ""name"": ""Mahesh Pawar"", ""crop"": ""Soybean"", ""quantity"": 72.0, ""price"": 74.26, ""location"": ""Panvel, Raigad"", ""distance_km"": 10.4, ""match_score"": 84.0}, {""id"": ""F0025"", ""name"": ""Ganesh More"", ""crop"": ""Soybean"", ""quantity"": 60.0, ""price"": 76.27, ""location"": ""Talegaon, Pune"", ""distance_km"": 75.5, ""match_score"": 82.0}], ""force_deterministic"": true}","Identify Top-5 candidates, negotiate multi-round below ₹75.20/kg, and select lowest landed cost winner.",Autonomous deal reached with Vikram Jadhav at ₹68.14/kg (Landed: ₹74.24/kg),Discovered 5 candidates,Ranked by Landed Cost (Base + Highway Freight + APMC Cess),Evaluated 5 parallel branches,Agreed at ₹68.14/kg,"============================================================
BUYER AUTONOMOUS PROCUREMENT ORCHESTRATION
============================================================
Buyer Requirement: Soybean | Quantity: 120kg | Target: ₹66.90/kg | Max Reservation: ₹75.20/kg | Budget: ₹13,536.00
System: Found 5 elig...",Persisted in history & updated status,"Broadcasted TOP5_STATUS, TOP5_ROUND_UPDATE, TOP5_DEAL_FINALIZED",Single agent mode: downstream bypassed,DEAL_SELECTED,PASS,,Txn: TXN-MH-2026-D37CB2AA | IdempotencyKey: c17181760498b854cbfcc2c1e78239aeaff22963c3a22be3f6cc2ab3236d38d2
SCN-BASE-BR-SOY-500,Soybean,500.0,F0022,Thane Subdistrict,"{""crop"": ""Soybean"", ""quantity"": 500.0, ""target_price"": 66.9, ""max_price"": 75.2, ""location"": ""Thane Subdistrict"", ""budget"": 56400.0, ""candidates"": [{""id"": ""F0021"", ""name"": ""Aarav Patil"", ""crop"": ""Soybean"", ""quantity"": 250.0, ""price"": 68.24, ""location"": ""Uran, Raigad"", ""distance_km"": 19.7, ""match_score"": 90.0}, {""id"": ""F0022"", ""name"": ""Vikram Jadhav"", ""crop"": ""Soybean"", ""quantity"": 500.0, ""price"": 70.25, ""location"": ""Karjat, Raigad"", ""distance_km"": 33.8, ""match_score"": 88.0}, {""id"": ""F0023"", ""name"": ""Suresh Shinde"", ""crop"": ""Soybean"", ""quantity"": 750.0, ""price"": 72.25, ""location"": ""Alibag, Raigad"", ""distance_km"": 46.6, ""match_score"": 86.0}, {""id"": ""F0024"", ""name"": ""Mahesh Pawar"", ""crop"": ""Soybean"", ""quantity"": 300.0, ""price"": 74.26, ""location"": ""Panvel, Raigad"", ""distance_km"": 10.4, ""match_score"": 84.0}, {""id"": ""F0025"", ""name"": ""Ganesh More"", ""crop"": ""Soybean"", ""quantity"": 250.0, ""price"": 76.27, ""location"": ""Talegaon, Pune"", ""distance_km"": 75.5, ""match_score"": 82.0}], ""force_deterministic"": true}","Identify Top-5 candidates, negotiate multi-round below ₹75.20/kg, and select lowest landed cost winner.",Autonomous deal reached with Vikram Jadhav at ₹68.14/kg (Landed: ₹70.12/kg),Discovered 5 candidates,Ranked by Landed Cost (Base + Highway Freight + APMC Cess),Evaluated 5 parallel branches,Agreed at ₹68.14/kg,"============================================================
BUYER AUTONOMOUS PROCUREMENT ORCHESTRATION
============================================================
Buyer Requirement: Soybean | Quantity: 500kg | Target: ₹66.90/kg | Max Reservation: ₹75.20/kg | Budget: ₹56,400.00
System: Found 5 elig...",Persisted in history & updated status,"Broadcasted TOP5_STATUS, TOP5_ROUND_UPDATE, TOP5_DEAL_FINALIZED",Single agent mode: downstream bypassed,DEAL_SELECTED,PASS,,Txn: TXN-MH-2026-3EEF675A | IdempotencyKey: c46f5422f26516ca5375abbee733ebd0737f51c49791f9bd71d848d0c85c9e69
SCN-BASE-BR-SOY-1000,Soybean,1000.0,F0022,Thane Subdistrict,"{""crop"": ""Soybean"", ""quantity"": 1000.0, ""target_price"": 66.9, ""max_price"": 75.2, ""location"": ""Thane Subdistrict"", ""budget"": 112800.0, ""candidates"": [{""id"": ""F0021"", ""name"": ""Aarav Patil"", ""crop"": ""Soybean"", ""quantity"": 500.0, ""price"": 68.24, ""location"": ""Uran, Raigad"", ""distance_km"": 19.7, ""match_score"": 90.0}, {""id"": ""F0022"", ""name"": ""Vikram Jadhav"", ""crop"": ""Soybean"", ""quantity"": 1000.0, ""price"": 70.25, ""location"": ""Karjat, Raigad"", ""distance_km"": 33.8, ""match_score"": 88.0}, {""id"": ""F0023"", ""name"": ""Suresh Shinde"", ""crop"": ""Soybean"", ""quantity"": 1500.0, ""price"": 72.25, ""location"": ""Alibag, Raigad"", ""distance_km"": 46.6, ""match_score"": 86.0}, {""id"": ""F0024"", ""name"": ""Mahesh Pawar"", ""crop"": ""Soybean"", ""quantity"": 600.0, ""price"": 74.26, ""location"": ""Panvel, Raigad"", ""distance_km"": 10.4, ""match_score"": 84.0}, {""id"": ""F0025"", ""name"": ""Ganesh More"", ""crop"": ""Soybean"", ""quantity"": 500.0, ""price"": 76.27, ""location"": ""Talegaon, Pune"", ""distance_km"": 75.5, ""match_score"": 82.0}], ""force_deterministic"": true}","Identify Top-5 candidates, negotiate multi-round below ₹75.20/kg, and select lowest landed cost winner.",Autonomous deal reached with Vikram Jadhav at ₹68.14/kg (Landed: ₹69.47/kg),Discovered 5 candidates,Ranked by Landed Cost (Base + Highway Freight + APMC Cess),Evaluated 5 parallel branches,Agreed at ₹68.14/kg,"============================================================
BUYER AUTONOMOUS PROCUREMENT ORCHESTRATION
============================================================
Buyer Requirement: Soybean | Quantity: 1,000kg | Target: ₹66.90/kg | Max Reservation: ₹75.20/kg | Budget: ₹112,800.00
System: Found 5 e...",Persisted in history & updated status,"Broadcasted TOP5_STATUS, TOP5_ROUND_UPDATE, TOP5_DEAL_FINALIZED",Single agent mode: downstream bypassed,DEAL_SELECTED,PASS,,Txn: TXN-MH-2026-A1F2EB37 | IdempotencyKey: fce861da2dd2b4a29569e065635ba711c851068de157b3c7cfd4e783acce82f7
SCN-BASE-BR-SOY-5000,Soybean,5000.0,F0022,Thane Subdistrict,"{""crop"": ""Soybean"", ""quantity"": 5000.0, ""target_price"": 66.9, ""max_price"": 75.2, ""location"": ""Thane Subdistrict"", ""budget"": 564000.0, ""candidates"": [{""id"": ""F0021"", ""name"": ""Aarav Patil"", ""crop"": ""Soybean"", ""quantity"": 2500.0, ""price"": 68.24, ""location"": ""Uran, Raigad"", ""distance_km"": 19.7, ""match_score"": 90.0}, {""id"": ""F0022"", ""name"": ""Vikram Jadhav"", ""crop"": ""Soybean"", ""quantity"": 5000.0, ""price"": 70.25, ""location"": ""Karjat, Raigad"", ""distance_km"": 33.8, ""match_score"": 88.0}, {""id"": ""F0023"", ""name"": ""Suresh Shinde"", ""crop"": ""Soybean"", ""quantity"": 7500.0, ""price"": 72.25, ""location"": ""Alibag, Raigad"", ""distance_km"": 46.6, ""match_score"": 86.0}, {""id"": ""F0024"", ""name"": ""Mahesh Pawar"", ""crop"": ""Soybean"", ""quantity"": 3000.0, ""price"": 74.26, ""location"": ""Panvel, Raigad"", ""distance_km"": 10.4, ""match_score"": 84.0}, {""id"": ""F0025"", ""name"": ""Ganesh More"", ""crop"": ""Soybean"", ""quantity"": 2500.0, ""price"": 76.27, ""location"": ""Talegaon, Pune"", ""distance_km"": 75.5, ""match_score"": 82.0}], ""force_deterministic"": true}","Identify Top-5 candidates, negotiate multi-round below ₹75.20/kg, and select lowest landed cost winner.",Autonomous deal reached with Vikram Jadhav at ₹68.14/kg (Landed: ₹69.21/kg),Discovered 5 candidates,Ranked by Landed Cost (Base + Highway Freight + APMC Cess),Evaluated 5 parallel branches,Agreed at ₹68.14/kg,"============================================================
BUYER AUTONOMOUS PROCUREMENT ORCHESTRATION
============================================================
Buyer Requirement: Soybean | Quantity: 5,000kg | Target: ₹66.90/kg | Max Reservation: ₹75.20/kg | Budget: ₹564,000.00
System: Found 5 e...",Persisted in history & updated status,"Broadcasted TOP5_STATUS, TOP5_ROUND_UPDATE, TOP5_DEAL_FINALIZED",Single agent mode: downstream bypassed,DEAL_SELECTED,PASS,,Txn: TXN-MH-2026-4302BA1C | IdempotencyKey: 05f5458dd073f0ae45b0e42ca9dfe61e0a0657995bb91af858bf458917d570de
SCN-BASE-BR-SOY-10000,Soybean,10000.0,F0022,Thane Subdistrict,"{""crop"": ""Soybean"", ""quantity"": 10000.0, ""target_price"": 66.9, ""max_price"": 75.2, ""location"": ""Thane Subdistrict"", ""budget"": 1128000.0, ""candidates"": [{""id"": ""F0021"", ""name"": ""Aarav Patil"", ""crop"": ""Soybean"", ""quantity"": 5000.0, ""price"": 68.24, ""location"": ""Uran, Raigad"", ""distance_km"": 19.7, ""match_score"": 90.0}, {""id"": ""F0022"", ""name"": ""Vikram Jadhav"", ""crop"": ""Soybean"", ""quantity"": 10000.0, ""price"": 70.25, ""location"": ""Karjat, Raigad"", ""distance_km"": 33.8, ""match_score"": 88.0}, {""id"": ""F0023"", ""name"": ""Suresh Shinde"", ""crop"": ""Soybean"", ""quantity"": 15000.0, ""price"": 72.25, ""location"": ""Alibag, Raigad"", ""distance_km"": 46.6, ""match_score"": 86.0}, {""id"": ""F0024"", ""name"": ""Mahesh Pawar"", ""crop"": ""Soybean"", ""quantity"": 6000.0, ""price"": 74.26, ""location"": ""Panvel, Raigad"", ""distance_km"": 10.4, ""match_score"": 84.0}, {""id"": ""F0025"", ""name"": ""Ganesh More"", ""crop"": ""Soybean"", ""quantity"": 5000.0, ""price"": 76.27, ""location"": ""Talegaon, Pune"", ""distance_km"": 75.5, ""match_score"": 82.0}], ""force_deterministic"": true}","Identify Top-5 candidates, negotiate multi-round below ₹75.20/kg, and select lowest landed cost winner.",Autonomous deal reached with Vikram Jadhav at ₹68.14/kg (Landed: ₹69.19/kg),Discovered 5 candidates,Ranked by Landed Cost (Base + Highway Freight + APMC Cess),Evaluated 5 parallel branches,Agreed at ₹68.14/kg,"============================================================
BUYER AUTONOMOUS PROCUREMENT ORCHESTRATION
============================================================
Buyer Requirement: Soybean | Quantity: 10,000kg | Target: ₹66.90/kg | Max Reservation: ₹75.20/kg | Budget: ₹1,128,000.00
System: Found ...",Persisted in history & updated status,"Broadcasted TOP5_STATUS, TOP5_ROUND_UPDATE, TOP5_DEAL_FINALIZED",Single agent mode: downstream bypassed,DEAL_SELECTED,PASS,,Txn: TXN-MH-2026-7186ADD2 | IdempotencyKey: 040c4943882283f8e0212a18ee4e9bbc3b408f6475cb75f489123ce0614bf65c
SCN-BASE-BR-COT-120,Cotton,120.0,F0042,Thane Subdistrict,"{""crop"": ""Cotton"", ""quantity"": 120.0, ""target_price"": 97.38, ""max_price"": 109.46, ""location"": ""Thane Subdistrict"", ""budget"": 19702.8, ""candidates"": [{""id"": ""F0041"", ""name"": ""Aarav Patil"", ""crop"": ""Cotton"", ""quantity"": 60.0, ""price"": 99.33, ""location"": ""Uran, Raigad"", ""distance_km"": 19.7, ""match_score"": 90.0}, {""id"": ""F0042"", ""name"": ""Vikram Jadhav"", ""crop"": ""Cotton"", ""quantity"": 120.0, ""price"": 102.25, ""location"": ""Karjat, Raigad"", ""distance_km"": 33.8, ""match_score"": 88.0}, {""id"": ""F0043"", ""name"": ""Suresh Shinde"", ""crop"": ""Cotton"", ""quantity"": 180.0, ""price"": 105.17, ""location"": ""Alibag, Raigad"", ""distance_km"": 46.6, ""match_score"": 86.0}, {""id"": ""F0044"", ""name"": ""Mahesh Pawar"", ""crop"": ""Cotton"", ""quantity"": 72.0, ""price"": 108.09, ""location"": ""Panvel, Raigad"", ""distance_km"": 10.4, ""match_score"": 84.0}, {""id"": ""F0045"", ""name"": ""Ganesh More"", ""crop"": ""Cotton"", ""quantity"": 60.0, ""price"": 111.01, ""location"": ""Talegaon, Pune"", ""distance_km"": 75.5, ""match_score"": 82.0}], ""force_deterministic"": true}","Identify Top-5 candidates, negotiate multi-round below ₹109.46/kg, and select lowest landed cost winner.",Autonomous deal reached with Vikram Jadhav at ₹99.18/kg (Landed: ₹105.59/kg),Discovered 5 candidates,Ranked by Landed Cost (Base + Highway Freight + APMC Cess),Evaluated 5 parallel branches,Agreed at ₹99.18/kg,"============================================================
BUYER AUTONOMOUS PROCUREMENT ORCHESTRATION
============================================================
Buyer Requirement: Cotton | Quantity: 120kg | Target: ₹97.38/kg | Max Reservation: ₹109.46/kg | Budget: ₹19,702.80
System: Found 5 elig...",Persisted in history & updated status,"Broadcasted TOP5_STATUS, TOP5_ROUND_UPDATE, TOP5_DEAL_FINALIZED",Single agent mode: downstream bypassed,DEAL_SELECTED,PASS,,Txn: TXN-MH-2026-82DE57D9 | IdempotencyKey: 7ca4dec715dbb1ee30b6ba7289a4a2534c418b43ceb8d78e56b6107324d5fa94
SCN-BASE-BR-COT-500,Cotton,500.0,F0042,Thane Subdistrict,"{""crop"": ""Cotton"", ""quantity"": 500.0, ""target_price"": 97.38, ""max_price"": 109.46, ""location"": ""Thane Subdistrict"", ""budget"": 82095.0, ""candidates"": [{""id"": ""F0041"", ""name"": ""Aarav Patil"", ""crop"": ""Cotton"", ""quantity"": 250.0, ""price"": 99.33, ""location"": ""Uran, Raigad"", ""distance_km"": 19.7, ""match_score"": 90.0}, {""id"": ""F0042"", ""name"": ""Vikram Jadhav"", ""crop"": ""Cotton"", ""quantity"": 500.0, ""price"": 102.25, ""location"": ""Karjat, Raigad"", ""distance_km"": 33.8, ""match_score"": 88.0}, {""id"": ""F0043"", ""name"": ""Suresh Shinde"", ""crop"": ""Cotton"", ""quantity"": 750.0, ""price"": 105.17, ""location"": ""Alibag, Raigad"", ""distance_km"": 46.6, ""match_score"": 86.0}, {""id"": ""F0044"", ""name"": ""Mahesh Pawar"", ""crop"": ""Cotton"", ""quantity"": 300.0, ""price"": 108.09, ""location"": ""Panvel, Raigad"", ""distance_km"": 10.4, ""match_score"": 84.0}, {""id"": ""F0045"", ""name"": ""Ganesh More"", ""crop"": ""Cotton"", ""quantity"": 250.0, ""price"": 111.01, ""location"": ""Talegaon, Pune"", ""distance_km"": 75.5, ""match_score"": 82.0}], ""force_deterministic"": true}","Identify Top-5 candidates, negotiate multi-round below ₹109.46/kg, and select lowest landed cost winner.",Autonomous deal reached with Vikram Jadhav at ₹99.18/kg (Landed: ₹101.47/kg),Discovered 5 candidates,Ranked by Landed Cost (Base + Highway Freight + APMC Cess),Evaluated 5 parallel branches,Agreed at ₹99.18/kg,"============================================================
BUYER AUTONOMOUS PROCUREMENT ORCHESTRATION
============================================================
Buyer Requirement: Cotton | Quantity: 500kg | Target: ₹97.38/kg | Max Reservation: ₹109.46/kg | Budget: ₹82,095.00
System: Found 5 elig...",Persisted in history & updated status,"Broadcasted TOP5_STATUS, TOP5_ROUND_UPDATE, TOP5_DEAL_FINALIZED",Single agent mode: downstream bypassed,DEAL_SELECTED,PASS,,Txn: TXN-MH-2026-4152CA17 | IdempotencyKey: 51471a15b8eeca37aae95269fc2da9b1b1634bca51288ad9b4e85a4bb70e15c6
SCN-BASE-BR-COT-1000,Cotton,1000.0,F0042,Thane Subdistrict,"{""crop"": ""Cotton"", ""quantity"": 1000.0, ""target_price"": 97.38, ""max_price"": 109.46, ""location"": ""Thane Subdistrict"", ""budget"": 164190.0, ""candidates"": [{""id"": ""F0041"", ""name"": ""Aarav Patil"", ""crop"": ""Cotton"", ""quantity"": 500.0, ""price"": 99.33, ""location"": ""Uran, Raigad"", ""distance_km"": 19.7, ""match_score"": 90.0}, {""id"": ""F0042"", ""name"": ""Vikram Jadhav"", ""crop"": ""Cotton"", ""quantity"": 1000.0, ""price"": 102.25, ""location"": ""Karjat, Raigad"", ""distance_km"": 33.8, ""match_score"": 88.0}, {""id"": ""F0043"", ""name"": ""Suresh Shinde"", ""crop"": ""Cotton"", ""quantity"": 1500.0, ""price"": 105.17, ""location"": ""Alibag, Raigad"", ""distance_km"": 46.6, ""match_score"": 86.0}, {""id"": ""F0044"", ""name"": ""Mahesh Pawar"", ""crop"": ""Cotton"", ""quantity"": 600.0, ""price"": 108.09, ""location"": ""Panvel, Raigad"", ""distance_km"": 10.4, ""match_score"": 84.0}, {""id"": ""F0045"", ""name"": ""Ganesh More"", ""crop"": ""Cotton"", ""quantity"": 500.0, ""price"": 111.01, ""location"": ""Talegaon, Pune"", ""distance_km"": 75.5, ""match_score"": 82.0}], ""force_deterministic"": true}","Identify Top-5 candidates, negotiate multi-round below ₹109.46/kg, and select lowest landed cost winner.",Autonomous deal reached with Vikram Jadhav at ₹99.18/kg (Landed: ₹100.82/kg),Discovered 5 candidates,Ranked by Landed Cost (Base + Highway Freight + APMC Cess),Evaluated 5 parallel branches,Agreed at ₹99.18/kg,"============================================================
BUYER AUTONOMOUS PROCUREMENT ORCHESTRATION
============================================================
Buyer Requirement: Cotton | Quantity: 1,000kg | Target: ₹97.38/kg | Max Reservation: ₹109.46/kg | Budget: ₹164,190.00
System: Found 5 e...",Persisted in history & updated status,"Broadcasted TOP5_STATUS, TOP5_ROUND_UPDATE, TOP5_DEAL_FINALIZED",Single agent mode: downstream bypassed,DEAL_SELECTED,PASS,,Txn: TXN-MH-2026-AD051804 | IdempotencyKey: 35ea7f81d8d8338c8175aa32b5fc85fb03b685530059431d824562094fe9145a
SCN-BASE-BR-COT-5000,Cotton,5000.0,F0042,Thane Subdistrict,"{""crop"": ""Cotton"", ""quantity"": 5000.0, ""target_price"": 97.38, ""max_price"": 109.46, ""location"": ""Thane Subdistrict"", ""budget"": 820950.0, ""candidates"": [{""id"": ""F0041"", ""name"": ""Aarav Patil"", ""crop"": ""Cotton"", ""quantity"": 2500.0, ""price"": 99.33, ""location"": ""Uran, Raigad"", ""distance_km"": 19.7, ""match_score"": 90.0}, {""id"": ""F0042"", ""name"": ""Vikram Jadhav"", ""crop"": ""Cotton"", ""quantity"": 5000.0, ""price"": 102.25, ""location"": ""Karjat, Raigad"", ""distance_km"": 33.8, ""match_score"": 88.0}, {""id"": ""F0043"", ""name"": ""Suresh Shinde"", ""crop"": ""Cotton"", ""quantity"": 7500.0, ""price"": 105.17, ""location"": ""Alibag, Raigad"", ""distance_km"": 46.6, ""match_score"": 86.0}, {""id"": ""F0044"", ""name"": ""Mahesh Pawar"", ""crop"": ""Cotton"", ""quantity"": 3000.0, ""price"": 108.09, ""location"": ""Panvel, Raigad"", ""distance_km"": 10.4, ""match_score"": 84.0}, {""id"": ""F0045"", ""name"": ""Ganesh More"", ""crop"": ""Cotton"", ""quantity"": 2500.0, ""price"": 111.01, ""location"": ""Talegaon, Pune"", ""distance_km"": 75.5, ""match_score"": 82.0}], ""force_deterministic"": true}","Identify Top-5 candidates, negotiate multi-round below ₹109.46/kg, and select lowest landed cost winner.",Autonomous deal reached with Vikram Jadhav at ₹99.18/kg (Landed: ₹100.56/kg),Discovered 5 candidates,Ranked by Landed Cost (Base + Highway Freight + APMC Cess),Evaluated 5 parallel branches,Agreed at ₹99.18/kg,"============================================================
BUYER AUTONOMOUS PROCUREMENT ORCHESTRATION
============================================================
Buyer Requirement: Cotton | Quantity: 5,000kg | Target: ₹97.38/kg | Max Reservation: ₹109.46/kg | Budget: ₹820,950.00
System: Found 5 e...",Persisted in history & updated status,"Broadcasted TOP5_STATUS, TOP5_ROUND_UPDATE, TOP5_DEAL_FINALIZED",Single agent mode: downstream bypassed,DEAL_SELECTED,PASS,,Txn: TXN-MH-2026-0645E0D0 | IdempotencyKey: 644486a59aefc6d8b9bfe775642203568fbf08bb1135884403838d6c5857e3be
SCN-BASE-BR-COT-10000,Cotton,10000.0,F0042,Thane Subdistrict,"{""crop"": ""Cotton"", ""quantity"": 10000.0, ""target_price"": 97.38, ""max_price"": 109.46, ""location"": ""Thane Subdistrict"", ""budget"": 1641900.0, ""candidates"": [{""id"": ""F0041"", ""name"": ""Aarav Patil"", ""crop"": ""Cotton"", ""quantity"": 5000.0, ""price"": 99.33, ""location"": ""Uran, Raigad"", ""distance_km"": 19.7, ""match_score"": 90.0}, {""id"": ""F0042"", ""name"": ""Vikram Jadhav"", ""crop"": ""Cotton"", ""quantity"": 10000.0, ""price"": 102.25, ""location"": ""Karjat, Raigad"", ""distance_km"": 33.8, ""match_score"": 88.0}, {""id"": ""F0043"", ""name"": ""Suresh Shinde"", ""crop"": ""Cotton"", ""quantity"": 15000.0, ""price"": 105.17, ""location"": ""Alibag, Raigad"", ""distance_km"": 46.6, ""match_score"": 86.0}, {""id"": ""F0044"", ""name"": ""Mahesh Pawar"", ""crop"": ""Cotton"", ""quantity"": 6000.0, ""price"": 108.09, ""location"": ""Panvel, Raigad"", ""distance_km"": 10.4, ""match_score"": 84.0}, {""id"": ""F0045"", ""name"": ""Ganesh More"", ""crop"": ""Cotton"", ""quantity"": 5000.0, ""price"": 111.01, ""location"": ""Talegaon, Pune"", ""distance_km"": 75.5, ""match_score"": 82.0}], ""force_deterministic"": true}","Identify Top-5 candidates, negotiate multi-round below ₹109.46/kg, and select lowest landed cost winner.",Autonomous deal reached with Vikram Jadhav at ₹99.18/kg (Landed: ₹100.54/kg),Discovered 5 candidates,Ranked by Landed Cost (Base + Highway Freight + APMC Cess),Evaluated 5 parallel branches,Agreed at ₹99.18/kg,"============================================================
BUYER AUTONOMOUS PROCUREMENT ORCHESTRATION
============================================================
Buyer Requirement: Cotton | Quantity: 10,000kg | Target: ₹97.38/kg | Max Reservation: ₹109.46/kg | Budget: ₹1,641,900.00
System: Found ...",Persisted in history & updated status,"Broadcasted TOP5_STATUS, TOP5_ROUND_UPDATE, TOP5_DEAL_FINALIZED",Single agent mode: downstream bypassed,DEAL_SELECTED,PASS,,Txn: TXN-MH-2026-E008A68F | IdempotencyKey: 5a6d29fe732c95e30cd4c9cf2707d09b13880dba266dcc5e68e2d63c6b795341
SCN-BASE-BR-JOW-120,Jowar,120.0,F0062,Thane Subdistrict,"{""crop"": ""Jowar"", ""quantity"": 120.0, ""target_price"": 46.1, ""max_price"": 51.82, ""location"": ""Thane Subdistrict"", ""budget"": 9327.6, ""candidates"": [{""id"": ""F0061"", ""name"": ""Aarav Patil"", ""crop"": ""Jowar"", ""quantity"": 60.0, ""price"": 47.02, ""location"": ""Uran, Raigad"", ""distance_km"": 19.7, ""match_score"": 90.0}, {""id"": ""F0062"", ""name"": ""Vikram Jadhav"", ""crop"": ""Jowar"", ""quantity"": 120.0, ""price"": 48.41, ""location"": ""Karjat, Raigad"", ""distance_km"": 33.8, ""match_score"": 88.0}, {""id"": ""F0063"", ""name"": ""Suresh Shinde"", ""crop"": ""Jowar"", ""quantity"": 180.0, ""price"": 49.79, ""location"": ""Alibag, Raigad"", ""distance_km"": 46.6, ""match_score"": 86.0}, {""id"": ""F0064"", ""name"": ""Mahesh Pawar"", ""crop"": ""Jowar"", ""quantity"": 72.0, ""price"": 51.17, ""location"": ""Panvel, Raigad"", ""distance_km"": 10.4, ""match_score"": 84.0}, {""id"": ""F0065"", ""name"": ""Ganesh More"", ""crop"": ""Jowar"", ""quantity"": 60.0, ""price"": 52.55, ""location"": ""Talegaon, Pune"", ""distance_km"": 75.5, ""match_score"": 82.0}], ""force_deterministic"": true}","Identify Top-5 candidates, negotiate multi-round below ₹51.82/kg, and select lowest landed cost winner.",Autonomous deal reached with Vikram Jadhav at ₹46.96/kg (Landed: ₹52.85/kg),Discovered 5 candidates,Ranked by Landed Cost (Base + Highway Freight + APMC Cess),Evaluated 5 parallel branches,Agreed at ₹46.96/kg,"============================================================
BUYER AUTONOMOUS PROCUREMENT ORCHESTRATION
============================================================
Buyer Requirement: Jowar | Quantity: 120kg | Target: ₹46.10/kg | Max Reservation: ₹51.82/kg | Budget: ₹9,327.60
System: Found 5 eligibl...",Persisted in history & updated status,"Broadcasted TOP5_STATUS, TOP5_ROUND_UPDATE, TOP5_DEAL_FINALIZED",Single agent mode: downstream bypassed,DEAL_SELECTED,PASS,,Txn: TXN-MH-2026-D4CF8E48 | IdempotencyKey: 92f0637db80426a19ca78170dd5af3d40e0f8fcb5b230a316c4a2a375cc27ed3
SCN-BASE-BR-JOW-500,Jowar,500.0,F0062,Thane Subdistrict,"{""crop"": ""Jowar"", ""quantity"": 500.0, ""target_price"": 46.1, ""max_price"": 51.82, ""location"": ""Thane Subdistrict"", ""budget"": 38865.0, ""candidates"": [{""id"": ""F0061"", ""name"": ""Aarav Patil"", ""crop"": ""Jowar"", ""quantity"": 250.0, ""price"": 47.02, ""location"": ""Uran, Raigad"", ""distance_km"": 19.7, ""match_score"": 90.0}, {""id"": ""F0062"", ""name"": ""Vikram Jadhav"", ""crop"": ""Jowar"", ""quantity"": 500.0, ""price"": 48.41, ""location"": ""Karjat, Raigad"", ""distance_km"": 33.8, ""match_score"": 88.0}, {""id"": ""F0063"", ""name"": ""Suresh Shinde"", ""crop"": ""Jowar"", ""quantity"": 750.0, ""price"": 49.79, ""location"": ""Alibag, Raigad"", ""distance_km"": 46.6, ""match_score"": 86.0}, {""id"": ""F0064"", ""name"": ""Mahesh Pawar"", ""crop"": ""Jowar"", ""quantity"": 300.0, ""price"": 51.17, ""location"": ""Panvel, Raigad"", ""distance_km"": 10.4, ""match_score"": 84.0}, {""id"": ""F0065"", ""name"": ""Ganesh More"", ""crop"": ""Jowar"", ""quantity"": 250.0, ""price"": 52.55, ""location"": ""Talegaon, Pune"", ""distance_km"": 75.5, ""match_score"": 82.0}], ""force_deterministic"": true}","Identify Top-5 candidates, negotiate multi-round below ₹51.82/kg, and select lowest landed cost winner.",Autonomous deal reached with Vikram Jadhav at ₹46.96/kg (Landed: ₹48.73/kg),Discovered 5 candidates,Ranked by Landed Cost (Base + Highway Freight + APMC Cess),Evaluated 5 parallel branches,Agreed at ₹46.96/kg,"============================================================
BUYER AUTONOMOUS PROCUREMENT ORCHESTRATION
============================================================
Buyer Requirement: Jowar | Quantity: 500kg | Target: ₹46.10/kg | Max Reservation: ₹51.82/kg | Budget: ₹38,865.00
System: Found 5 eligib...",Persisted in history & updated status,"Broadcasted TOP5_STATUS, TOP5_ROUND_UPDATE, TOP5_DEAL_FINALIZED",Single agent mode: downstream bypassed,DEAL_SELECTED,PASS,,Txn: TXN-MH-2026-A066DDA6 | IdempotencyKey: d1895c323fb18240381da9fb50fb83a9e4104bd2829ed8d6cbb04692f4cf126d
SCN-BASE-BR-JOW-1000,Jowar,1000.0,F0062,Thane Subdistrict,"{""crop"": ""Jowar"", ""quantity"": 1000.0, ""target_price"": 46.1, ""max_price"": 51.82, ""location"": ""Thane Subdistrict"", ""budget"": 77730.0, ""candidates"": [{""id"": ""F0061"", ""name"": ""Aarav Patil"", ""crop"": ""Jowar"", ""quantity"": 500.0, ""price"": 47.02, ""location"": ""Uran, Raigad"", ""distance_km"": 19.7, ""match_score"": 90.0}, {""id"": ""F0062"", ""name"": ""Vikram Jadhav"", ""crop"": ""Jowar"", ""quantity"": 1000.0, ""price"": 48.41, ""location"": ""Karjat, Raigad"", ""distance_km"": 33.8, ""match_score"": 88.0}, {""id"": ""F0063"", ""name"": ""Suresh Shinde"", ""crop"": ""Jowar"", ""quantity"": 1500.0, ""price"": 49.79, ""location"": ""Alibag, Raigad"", ""distance_km"": 46.6, ""match_score"": 86.0}, {""id"": ""F0064"", ""name"": ""Mahesh Pawar"", ""crop"": ""Jowar"", ""quantity"": 600.0, ""price"": 51.17, ""location"": ""Panvel, Raigad"", ""distance_km"": 10.4, ""match_score"": 84.0}, {""id"": ""F0065"", ""name"": ""Ganesh More"", ""crop"": ""Jowar"", ""quantity"": 500.0, ""price"": 52.55, ""location"": ""Talegaon, Pune"", ""distance_km"": 75.5, ""match_score"": 82.0}], ""force_deterministic"": true}","Identify Top-5 candidates, negotiate multi-round below ₹51.82/kg, and select lowest landed cost winner.",Autonomous deal reached with Vikram Jadhav at ₹46.96/kg (Landed: ₹48.08/kg),Discovered 5 candidates,Ranked by Landed Cost (Base + Highway Freight + APMC Cess),Evaluated 5 parallel branches,Agreed at ₹46.96/kg,"============================================================
BUYER AUTONOMOUS PROCUREMENT ORCHESTRATION
============================================================
Buyer Requirement: Jowar | Quantity: 1,000kg | Target: ₹46.10/kg | Max Reservation: ₹51.82/kg | Budget: ₹77,730.00
System: Found 5 elig...",Persisted in history & updated status,"Broadcasted TOP5_STATUS, TOP5_ROUND_UPDATE, TOP5_DEAL_FINALIZED",Single agent mode: downstream bypassed,DEAL_SELECTED,PASS,,Txn: TXN-MH-2026-F6EAB116 | IdempotencyKey: 7b2c437ca8001a60720691a68199ef8e69b7f1d568b5ddfa987ca62dbf5b5185
SCN-BASE-BR-JOW-5000,Jowar,5000.0,F0062,Thane Subdistrict,"{""crop"": ""Jowar"", ""quantity"": 5000.0, ""target_price"": 46.1, ""max_price"": 51.82, ""location"": ""Thane Subdistrict"", ""budget"": 388650.0, ""candidates"": [{""id"": ""F0061"", ""name"": ""Aarav Patil"", ""crop"": ""Jowar"", ""quantity"": 2500.0, ""price"": 47.02, ""location"": ""Uran, Raigad"", ""distance_km"": 19.7, ""match_score"": 90.0}, {""id"": ""F0062"", ""name"": ""Vikram Jadhav"", ""crop"": ""Jowar"", ""quantity"": 5000.0, ""price"": 48.41, ""location"": ""Karjat, Raigad"", ""distance_km"": 33.8, ""match_score"": 88.0}, {""id"": ""F0063"", ""name"": ""Suresh Shinde"", ""crop"": ""Jowar"", ""quantity"": 7500.0, ""price"": 49.79, ""location"": ""Alibag, Raigad"", ""distance_km"": 46.6, ""match_score"": 86.0}, {""id"": ""F0064"", ""name"": ""Mahesh Pawar"", ""crop"": ""Jowar"", ""quantity"": 3000.0, ""price"": 51.17, ""location"": ""Panvel, Raigad"", ""distance_km"": 10.4, ""match_score"": 84.0}, {""id"": ""F0065"", ""name"": ""Ganesh More"", ""crop"": ""Jowar"", ""quantity"": 2500.0, ""price"": 52.55, ""location"": ""Talegaon, Pune"", ""distance_km"": 75.5, ""match_score"": 82.0}], ""force_deterministic"": true}","Identify Top-5 candidates, negotiate multi-round below ₹51.82/kg, and select lowest landed cost winner.",Autonomous deal reached with Vikram Jadhav at ₹46.96/kg (Landed: ₹47.82/kg),Discovered 5 candidates,Ranked by Landed Cost (Base + Highway Freight + APMC Cess),Evaluated 5 parallel branches,Agreed at ₹46.96/kg,"============================================================
BUYER AUTONOMOUS PROCUREMENT ORCHESTRATION
============================================================
Buyer Requirement: Jowar | Quantity: 5,000kg | Target: ₹46.10/kg | Max Reservation: ₹51.82/kg | Budget: ₹388,650.00
System: Found 5 eli...",Persisted in history & updated status,"Broadcasted TOP5_STATUS, TOP5_ROUND_UPDATE, TOP5_DEAL_FINALIZED",Single agent mode: downstream bypassed,DEAL_SELECTED,PASS,,Txn: TXN-MH-2026-5FC84083 | IdempotencyKey: f0860bc088cf30f5e6570ccc295a0b4113bdfa95b81cac5d5574574e4b326edd
SCN-BASE-BR-JOW-10000,Jowar,10000.0,F0062,Thane Subdistrict,"{""crop"": ""Jowar"", ""quantity"": 10000.0, ""target_price"": 46.1, ""max_price"": 51.82, ""location"": ""Thane Subdistrict"", ""budget"": 777300.0, ""candidates"": [{""id"": ""F0061"", ""name"": ""Aarav Patil"", ""crop"": ""Jowar"", ""quantity"": 5000.0, ""price"": 47.02, ""location"": ""Uran, Raigad"", ""distance_km"": 19.7, ""match_score"": 90.0}, {""id"": ""F0062"", ""name"": ""Vikram Jadhav"", ""crop"": ""Jowar"", ""quantity"": 10000.0, ""price"": 48.41, ""location"": ""Karjat, Raigad"", ""distance_km"": 33.8, ""match_score"": 88.0}, {""id"": ""F0063"", ""name"": ""Suresh Shinde"", ""crop"": ""Jowar"", ""quantity"": 15000.0, ""price"": 49.79, ""location"": ""Alibag, Raigad"", ""distance_km"": 46.6, ""match_score"": 86.0}, {""id"": ""F0064"", ""name"": ""Mahesh Pawar"", ""crop"": ""Jowar"", ""quantity"": 6000.0, ""price"": 51.17, ""location"": ""Panvel, Raigad"", ""distance_km"": 10.4, ""match_score"": 84.0}, {""id"": ""F0065"", ""name"": ""Ganesh More"", ""crop"": ""Jowar"", ""quantity"": 5000.0, ""price"": 52.55, ""location"": ""Talegaon, Pune"", ""distance_km"": 75.5, ""match_score"": 82.0}], ""force_deterministic"": true}","Identify Top-5 candidates, negotiate multi-round below ₹51.82/kg, and select lowest landed cost winner.",Autonomous deal reached with Vikram Jadhav at ₹46.96/kg (Landed: ₹47.80/kg),Discovered 5 candidates,Ranked by Landed Cost (Base + Highway Freight + APMC Cess),Evaluated 5 parallel branches,Agreed at ₹46.96/kg,"============================================================
BUYER AUTONOMOUS PROCUREMENT ORCHESTRATION
============================================================
Buyer Requirement: Jowar | Quantity: 10,000kg | Target: ₹46.10/kg | Max Reservation: ₹51.82/kg | Budget: ₹777,300.00
System: Found 5 el...",Persisted in history & updated status,"Broadcasted TOP5_STATUS, TOP5_ROUND_UPDATE, TOP5_DEAL_FINALIZED",Single agent mode: downstream bypassed,DEAL_SELECTED,PASS,,Txn: TXN-MH-2026-DEE7A27A | IdempotencyKey: 87f0d2424000b39b8097f981599b987fc0e2417dcd39bfc963bf77d46fbf2a6b
SCN-BASE-BR-ONI-120,Onion,120.0,F0082,Thane Subdistrict,"{""crop"": ""Onion"", ""quantity"": 120.0, ""target_price"": 34.19, ""max_price"": 38.43, ""location"": ""Thane Subdistrict"", ""budget"": 6917.4, ""candidates"": [{""id"": ""F0081"", ""name"": ""Aarav Patil"", ""crop"": ""Onion"", ""quantity"": 60.0, ""price"": 34.87, ""location"": ""Uran, Raigad"", ""distance_km"": 19.7, ""match_score"": 90.0}, {""id"": ""F0082"", ""name"": ""Vikram Jadhav"", ""crop"": ""Onion"", ""quantity"": 120.0, ""price"": 35.9, ""location"": ""Karjat, Raigad"", ""distance_km"": 33.8, ""match_score"": 88.0}, {""id"": ""F0083"", ""name"": ""Suresh Shinde"", ""crop"": ""Onion"", ""quantity"": 180.0, ""price"": 36.93, ""location"": ""Alibag, Raigad"", ""distance_km"": 46.6, ""match_score"": 86.0}, {""id"": ""F0084"", ""name"": ""Mahesh Pawar"", ""crop"": ""Onion"", ""quantity"": 72.0, ""price"": 37.95, ""location"": ""Panvel, Raigad"", ""distance_km"": 10.4, ""match_score"": 84.0}, {""id"": ""F0085"", ""name"": ""Ganesh More"", ""crop"": ""Onion"", ""quantity"": 60.0, ""price"": 38.98, ""location"": ""Talegaon, Pune"", ""distance_km"": 75.5, ""match_score"": 82.0}], ""force_deterministic"": true}","Identify Top-5 candidates, negotiate multi-round below ₹38.43/kg, and select lowest landed cost winner.",Autonomous deal reached with Vikram Jadhav at ₹34.82/kg (Landed: ₹40.59/kg),Discovered 5 candidates,Ranked by Landed Cost (Base + Highway Freight + APMC Cess),Evaluated 5 parallel branches,Agreed at ₹34.82/kg,"============================================================
BUYER AUTONOMOUS PROCUREMENT ORCHESTRATION
============================================================
Buyer Requirement: Onion | Quantity: 120kg | Target: ₹34.19/kg | Max Reservation: ₹38.43/kg | Budget: ₹6,917.40
System: Found 5 eligibl...",Persisted in history & updated status,"Broadcasted TOP5_STATUS, TOP5_ROUND_UPDATE, TOP5_DEAL_FINALIZED",Single agent mode: downstream bypassed,DEAL_SELECTED,PASS,,Txn: TXN-MH-2026-881B766D | IdempotencyKey: f575e175d101b6c99469aa9d1fdd4a6cd871dfd747797bbd7f9e0465c434365b
SCN-BASE-BR-ONI-500,Onion,500.0,F0082,Thane Subdistrict,"{""crop"": ""Onion"", ""quantity"": 500.0, ""target_price"": 34.19, ""max_price"": 38.43, ""location"": ""Thane Subdistrict"", ""budget"": 28822.5, ""candidates"": [{""id"": ""F0081"", ""name"": ""Aarav Patil"", ""crop"": ""Onion"", ""quantity"": 250.0, ""price"": 34.87, ""location"": ""Uran, Raigad"", ""distance_km"": 19.7, ""match_score"": 90.0}, {""id"": ""F0082"", ""name"": ""Vikram Jadhav"", ""crop"": ""Onion"", ""quantity"": 500.0, ""price"": 35.9, ""location"": ""Karjat, Raigad"", ""distance_km"": 33.8, ""match_score"": 88.0}, {""id"": ""F0083"", ""name"": ""Suresh Shinde"", ""crop"": ""Onion"", ""quantity"": 750.0, ""price"": 36.93, ""location"": ""Alibag, Raigad"", ""distance_km"": 46.6, ""match_score"": 86.0}, {""id"": ""F0084"", ""name"": ""Mahesh Pawar"", ""crop"": ""Onion"", ""quantity"": 300.0, ""price"": 37.95, ""location"": ""Panvel, Raigad"", ""distance_km"": 10.4, ""match_score"": 84.0}, {""id"": ""F0085"", ""name"": ""Ganesh More"", ""crop"": ""Onion"", ""quantity"": 250.0, ""price"": 38.98, ""location"": ""Talegaon, Pune"", ""distance_km"": 75.5, ""match_score"": 82.0}], ""force_deterministic"": true}","Identify Top-5 candidates, negotiate multi-round below ₹38.43/kg, and select lowest landed cost winner.",Autonomous deal reached with Vikram Jadhav at ₹34.82/kg (Landed: ₹36.47/kg),Discovered 5 candidates,Ranked by Landed Cost (Base + Highway Freight + APMC Cess),Evaluated 5 parallel branches,Agreed at ₹34.82/kg,"============================================================
BUYER AUTONOMOUS PROCUREMENT ORCHESTRATION
============================================================
Buyer Requirement: Onion | Quantity: 500kg | Target: ₹34.19/kg | Max Reservation: ₹38.43/kg | Budget: ₹28,822.50
System: Found 5 eligib...",Persisted in history & updated status,"Broadcasted TOP5_STATUS, TOP5_ROUND_UPDATE, TOP5_DEAL_FINALIZED",Single agent mode: downstream bypassed,DEAL_SELECTED,PASS,,Txn: TXN-MH-2026-029D2B22 | IdempotencyKey: 8ea67868d672521ff86e63c883f4c0e5edcc774134c3060c950266d4255fa2fc
SCN-BASE-BR-ONI-1000,Onion,1000.0,F0082,Thane Subdistrict,"{""crop"": ""Onion"", ""quantity"": 1000.0, ""target_price"": 34.19, ""max_price"": 38.43, ""location"": ""Thane Subdistrict"", ""budget"": 57645.0, ""candidates"": [{""id"": ""F0081"", ""name"": ""Aarav Patil"", ""crop"": ""Onion"", ""quantity"": 500.0, ""price"": 34.87, ""location"": ""Uran, Raigad"", ""distance_km"": 19.7, ""match_score"": 90.0}, {""id"": ""F0082"", ""name"": ""Vikram Jadhav"", ""crop"": ""Onion"", ""quantity"": 1000.0, ""price"": 35.9, ""location"": ""Karjat, Raigad"", ""distance_km"": 33.8, ""match_score"": 88.0}, {""id"": ""F0083"", ""name"": ""Suresh Shinde"", ""crop"": ""Onion"", ""quantity"": 1500.0, ""price"": 36.93, ""location"": ""Alibag, Raigad"", ""distance_km"": 46.6, ""match_score"": 86.0}, {""id"": ""F0084"", ""name"": ""Mahesh Pawar"", ""crop"": ""Onion"", ""quantity"": 600.0, ""price"": 37.95, ""location"": ""Panvel, Raigad"", ""distance_km"": 10.4, ""match_score"": 84.0}, {""id"": ""F0085"", ""name"": ""Ganesh More"", ""crop"": ""Onion"", ""quantity"": 500.0, ""price"": 38.98, ""location"": ""Talegaon, Pune"", ""distance_km"": 75.5, ""match_score"": 82.0}], ""force_deterministic"": true}","Identify Top-5 candidates, negotiate multi-round below ₹38.43/kg, and select lowest landed cost winner.",Autonomous deal reached with Vikram Jadhav at ₹34.82/kg (Landed: ₹35.82/kg),Discovered 5 candidates,Ranked by Landed Cost (Base + Highway Freight + APMC Cess),Evaluated 5 parallel branches,Agreed at ₹34.82/kg,"============================================================
BUYER AUTONOMOUS PROCUREMENT ORCHESTRATION
============================================================
Buyer Requirement: Onion | Quantity: 1,000kg | Target: ₹34.19/kg | Max Reservation: ₹38.43/kg | Budget: ₹57,645.00
System: Found 5 elig...",Persisted in history & updated status,"Broadcasted TOP5_STATUS, TOP5_ROUND_UPDATE, TOP5_DEAL_FINALIZED",Single agent mode: downstream bypassed,DEAL_SELECTED,PASS,,Txn: TXN-MH-2026-FA0D7388 | IdempotencyKey: 469a33181db0fa6f64fa3a0c60c1ccb3700343b10b29a69ad2b0438e0e74e7b3
SCN-BASE-BR-ONI-5000,Onion,5000.0,F0082,Thane Subdistrict,"{""crop"": ""Onion"", ""quantity"": 5000.0, ""target_price"": 34.19, ""max_price"": 38.43, ""location"": ""Thane Subdistrict"", ""budget"": 288225.0, ""candidates"": [{""id"": ""F0081"", ""name"": ""Aarav Patil"", ""crop"": ""Onion"", ""quantity"": 2500.0, ""price"": 34.87, ""location"": ""Uran, Raigad"", ""distance_km"": 19.7, ""match_score"": 90.0}, {""id"": ""F0082"", ""name"": ""Vikram Jadhav"", ""crop"": ""Onion"", ""quantity"": 5000.0, ""price"": 35.9, ""location"": ""Karjat, Raigad"", ""distance_km"": 33.8, ""match_score"": 88.0}, {""id"": ""F0083"", ""name"": ""Suresh Shinde"", ""crop"": ""Onion"", ""quantity"": 7500.0, ""price"": 36.93, ""location"": ""Alibag, Raigad"", ""distance_km"": 46.6, ""match_score"": 86.0}, {""id"": ""F0084"", ""name"": ""Mahesh Pawar"", ""crop"": ""Onion"", ""quantity"": 3000.0, ""price"": 37.95, ""location"": ""Panvel, Raigad"", ""distance_km"": 10.4, ""match_score"": 84.0}, {""id"": ""F0085"", ""name"": ""Ganesh More"", ""crop"": ""Onion"", ""quantity"": 2500.0, ""price"": 38.98, ""location"": ""Talegaon, Pune"", ""distance_km"": 75.5, ""match_score"": 82.0}], ""force_deterministic"": true}","Identify Top-5 candidates, negotiate multi-round below ₹38.43/kg, and select lowest landed cost winner.",Autonomous deal reached with Vikram Jadhav at ₹34.82/kg (Landed: ₹35.56/kg),Discovered 5 candidates,Ranked by Landed Cost (Base + Highway Freight + APMC Cess),Evaluated 5 parallel branches,Agreed at ₹34.82/kg,"============================================================
BUYER AUTONOMOUS PROCUREMENT ORCHESTRATION
============================================================
Buyer Requirement: Onion | Quantity: 5,000kg | Target: ₹34.19/kg | Max Reservation: ₹38.43/kg | Budget: ₹288,225.00
System: Found 5 eli...",Persisted in history & updated status,"Broadcasted TOP5_STATUS, TOP5_ROUND_UPDATE, TOP5_DEAL_FINALIZED",Single agent mode: downstream bypassed,DEAL_SELECTED,PASS,,Txn: TXN-MH-2026-861C7256 | IdempotencyKey: 34c6739433161a9e0972ca116b5be252b4da910d69224fc819ed0d59e09f23db
SCN-BASE-BR-ONI-10000,Onion,10000.0,F0082,Thane Subdistrict,"{""crop"": ""Onion"", ""quantity"": 10000.0, ""target_price"": 34.19, ""max_price"": 38.43, ""location"": ""Thane Subdistrict"", ""budget"": 576450.0, ""candidates"": [{""id"": ""F0081"", ""name"": ""Aarav Patil"", ""crop"": ""Onion"", ""quantity"": 5000.0, ""price"": 34.87, ""location"": ""Uran, Raigad"", ""distance_km"": 19.7, ""match_score"": 90.0}, {""id"": ""F0082"", ""name"": ""Vikram Jadhav"", ""crop"": ""Onion"", ""quantity"": 10000.0, ""price"": 35.9, ""location"": ""Karjat, Raigad"", ""distance_km"": 33.8, ""match_score"": 88.0}, {""id"": ""F0083"", ""name"": ""Suresh Shinde"", ""crop"": ""Onion"", ""quantity"": 15000.0, ""price"": 36.93, ""location"": ""Alibag, Raigad"", ""distance_km"": 46.6, ""match_score"": 86.0}, {""id"": ""F0084"", ""name"": ""Mahesh Pawar"", ""crop"": ""Onion"", ""quantity"": 6000.0, ""price"": 37.95, ""location"": ""Panvel, Raigad"", ""distance_km"": 10.4, ""match_score"": 84.0}, {""id"": ""F0085"", ""name"": ""Ganesh More"", ""crop"": ""Onion"", ""quantity"": 5000.0, ""price"": 38.98, ""location"": ""Talegaon, Pune"", ""distance_km"": 75.5, ""match_score"": 82.0}], ""force_deterministic"": true}","Identify Top-5 candidates, negotiate multi-round below ₹38.43/kg, and select lowest landed cost winner.",Autonomous deal reached with Vikram Jadhav at ₹34.82/kg (Landed: ₹35.54/kg),Discovered 5 candidates,Ranked by Landed Cost (Base + Highway Freight + APMC Cess),Evaluated 5 parallel branches,Agreed at ₹34.82/kg,"============================================================
BUYER AUTONOMOUS PROCUREMENT ORCHESTRATION
============================================================
Buyer Requirement: Onion | Quantity: 10,000kg | Target: ₹34.19/kg | Max Reservation: ₹38.43/kg | Budget: ₹576,450.00
System: Found 5 el...",Persisted in history & updated status,"Broadcasted TOP5_STATUS, TOP5_ROUND_UPDATE, TOP5_DEAL_FINALIZED",Single agent mode: downstream bypassed,DEAL_SELECTED,PASS,,Txn: TXN-MH-2026-F9D3A019 | IdempotencyKey: 2eb122b783ef6937238756b7f3e074102a2e85b5479e8c55ab4e1b563ffd8927
SCN-BASE-BR-BAJ-120,Bajra,120.0,F0102,Thane Subdistrict,"{""crop"": ""Bajra"", ""quantity"": 120.0, ""target_price"": 35.9, ""max_price"": 40.35, ""location"": ""Thane Subdistrict"", ""budget"": 7263.0, ""candidates"": [{""id"": ""F0101"", ""name"": ""Aarav Patil"", ""crop"": ""Bajra"", ""quantity"": 60.0, ""price"": 36.62, ""location"": ""Uran, Raigad"", ""distance_km"": 19.7, ""match_score"": 90.0}, {""id"": ""F0102"", ""name"": ""Vikram Jadhav"", ""crop"": ""Bajra"", ""quantity"": 120.0, ""price"": 37.7, ""location"": ""Karjat, Raigad"", ""distance_km"": 33.8, ""match_score"": 88.0}, {""id"": ""F0103"", ""name"": ""Suresh Shinde"", ""crop"": ""Bajra"", ""quantity"": 180.0, ""price"": 38.77, ""location"": ""Alibag, Raigad"", ""distance_km"": 46.6, ""match_score"": 86.0}, {""id"": ""F0104"", ""name"": ""Mahesh Pawar"", ""crop"": ""Bajra"", ""quantity"": 72.0, ""price"": 39.85, ""location"": ""Panvel, Raigad"", ""distance_km"": 10.4, ""match_score"": 84.0}, {""id"": ""F0105"", ""name"": ""Ganesh More"", ""crop"": ""Bajra"", ""quantity"": 60.0, ""price"": 40.93, ""location"": ""Talegaon, Pune"", ""distance_km"": 75.5, ""match_score"": 82.0}], ""force_deterministic"": true}","Identify Top-5 candidates, negotiate multi-round below ₹40.35/kg, and select lowest landed cost winner.",Autonomous deal reached with Vikram Jadhav at ₹36.57/kg (Landed: ₹42.36/kg),Discovered 5 candidates,Ranked by Landed Cost (Base + Highway Freight + APMC Cess),Evaluated 5 parallel branches,Agreed at ₹36.57/kg,"============================================================
BUYER AUTONOMOUS PROCUREMENT ORCHESTRATION
============================================================
Buyer Requirement: Bajra | Quantity: 120kg | Target: ₹35.90/kg | Max Reservation: ₹40.35/kg | Budget: ₹7,263.00
System: Found 5 eligibl...",Persisted in history & updated status,"Broadcasted TOP5_STATUS, TOP5_ROUND_UPDATE, TOP5_DEAL_FINALIZED",Single agent mode: downstream bypassed,DEAL_SELECTED,PASS,,Txn: TXN-MH-2026-E0539C31 | IdempotencyKey: 3df4c4ff41f94f1fe60cfc6904a4c7a7ec2c27f6023f9d01e386e64d680e4eb7
SCN-BASE-BR-BAJ-500,Bajra,500.0,F0102,Thane Subdistrict,"{""crop"": ""Bajra"", ""quantity"": 500.0, ""target_price"": 35.9, ""max_price"": 40.35, ""location"": ""Thane Subdistrict"", ""budget"": 30262.5, ""candidates"": [{""id"": ""F0101"", ""name"": ""Aarav Patil"", ""crop"": ""Bajra"", ""quantity"": 250.0, ""price"": 36.62, ""location"": ""Uran, Raigad"", ""distance_km"": 19.7, ""match_score"": 90.0}, {""id"": ""F0102"", ""name"": ""Vikram Jadhav"", ""crop"": ""Bajra"", ""quantity"": 500.0, ""price"": 37.7, ""location"": ""Karjat, Raigad"", ""distance_km"": 33.8, ""match_score"": 88.0}, {""id"": ""F0103"", ""name"": ""Suresh Shinde"", ""crop"": ""Bajra"", ""quantity"": 750.0, ""price"": 38.77, ""location"": ""Alibag, Raigad"", ""distance_km"": 46.6, ""match_score"": 86.0}, {""id"": ""F0104"", ""name"": ""Mahesh Pawar"", ""crop"": ""Bajra"", ""quantity"": 300.0, ""price"": 39.85, ""location"": ""Panvel, Raigad"", ""distance_km"": 10.4, ""match_score"": 84.0}, {""id"": ""F0105"", ""name"": ""Ganesh More"", ""crop"": ""Bajra"", ""quantity"": 250.0, ""price"": 40.93, ""location"": ""Talegaon, Pune"", ""distance_km"": 75.5, ""match_score"": 82.0}], ""force_deterministic"": true}","Identify Top-5 candidates, negotiate multi-round below ₹40.35/kg, and select lowest landed cost winner.",Autonomous deal reached with Vikram Jadhav at ₹36.57/kg (Landed: ₹38.24/kg),Discovered 5 candidates,Ranked by Landed Cost (Base + Highway Freight + APMC Cess),Evaluated 5 parallel branches,Agreed at ₹36.57/kg,"============================================================
BUYER AUTONOMOUS PROCUREMENT ORCHESTRATION
============================================================
Buyer Requirement: Bajra | Quantity: 500kg | Target: ₹35.90/kg | Max Reservation: ₹40.35/kg | Budget: ₹30,262.50
System: Found 5 eligib...",Persisted in history & updated status,"Broadcasted TOP5_STATUS, TOP5_ROUND_UPDATE, TOP5_DEAL_FINALIZED",Single agent mode: downstream bypassed,DEAL_SELECTED,PASS,,Txn: TXN-MH-2026-2A807414 | IdempotencyKey: 37cf78ef8621c3033a9c21c4720513f198b13c6a8f151390d33151108ad8a88b
SCN-BASE-BR-BAJ-1000,Bajra,1000.0,F0102,Thane Subdistrict,"{""crop"": ""Bajra"", ""quantity"": 1000.0, ""target_price"": 35.9, ""max_price"": 40.35, ""location"": ""Thane Subdistrict"", ""budget"": 60525.0, ""candidates"": [{""id"": ""F0101"", ""name"": ""Aarav Patil"", ""crop"": ""Bajra"", ""quantity"": 500.0, ""price"": 36.62, ""location"": ""Uran, Raigad"", ""distance_km"": 19.7, ""match_score"": 90.0}, {""id"": ""F0102"", ""name"": ""Vikram Jadhav"", ""crop"": ""Bajra"", ""quantity"": 1000.0, ""price"": 37.7, ""location"": ""Karjat, Raigad"", ""distance_km"": 33.8, ""match_score"": 88.0}, {""id"": ""F0103"", ""name"": ""Suresh Shinde"", ""crop"": ""Bajra"", ""quantity"": 1500.0, ""price"": 38.77, ""location"": ""Alibag, Raigad"", ""distance_km"": 46.6, ""match_score"": 86.0}, {""id"": ""F0104"", ""name"": ""Mahesh Pawar"", ""crop"": ""Bajra"", ""quantity"": 600.0, ""price"": 39.85, ""location"": ""Panvel, Raigad"", ""distance_km"": 10.4, ""match_score"": 84.0}, {""id"": ""F0105"", ""name"": ""Ganesh More"", ""crop"": ""Bajra"", ""quantity"": 500.0, ""price"": 40.93, ""location"": ""Talegaon, Pune"", ""distance_km"": 75.5, ""match_score"": 82.0}], ""force_deterministic"": true}","Identify Top-5 candidates, negotiate multi-round below ₹40.35/kg, and select lowest landed cost winner.",Autonomous deal reached with Vikram Jadhav at ₹36.57/kg (Landed: ₹37.59/kg),Discovered 5 candidates,Ranked by Landed Cost (Base + Highway Freight + APMC Cess),Evaluated 5 parallel branches,Agreed at ₹36.57/kg,"============================================================
BUYER AUTONOMOUS PROCUREMENT ORCHESTRATION
============================================================
Buyer Requirement: Bajra | Quantity: 1,000kg | Target: ₹35.90/kg | Max Reservation: ₹40.35/kg | Budget: ₹60,525.00
System: Found 5 elig...",Persisted in history & updated status,"Broadcasted TOP5_STATUS, TOP5_ROUND_UPDATE, TOP5_DEAL_FINALIZED",Single agent mode: downstream bypassed,DEAL_SELECTED,PASS,,Txn: TXN-MH-2026-5DE01845 | IdempotencyKey: 2e27b2c6066f4e83ed44f5bc910b40408e0e949d7bbdf0706574b401d5c1e984
SCN-BASE-BR-BAJ-5000,Bajra,5000.0,F0102,Thane Subdistrict,"{""crop"": ""Bajra"", ""quantity"": 5000.0, ""target_price"": 35.9, ""max_price"": 40.35, ""location"": ""Thane Subdistrict"", ""budget"": 302625.0, ""candidates"": [{""id"": ""F0101"", ""name"": ""Aarav Patil"", ""crop"": ""Bajra"", ""quantity"": 2500.0, ""price"": 36.62, ""location"": ""Uran, Raigad"", ""distance_km"": 19.7, ""match_score"": 90.0}, {""id"": ""F0102"", ""name"": ""Vikram Jadhav"", ""crop"": ""Bajra"", ""quantity"": 5000.0, ""price"": 37.7, ""location"": ""Karjat, Raigad"", ""distance_km"": 33.8, ""match_score"": 88.0}, {""id"": ""F0103"", ""name"": ""Suresh Shinde"", ""crop"": ""Bajra"", ""quantity"": 7500.0, ""price"": 38.77, ""location"": ""Alibag, Raigad"", ""distance_km"": 46.6, ""match_score"": 86.0}, {""id"": ""F0104"", ""name"": ""Mahesh Pawar"", ""crop"": ""Bajra"", ""quantity"": 3000.0, ""price"": 39.85, ""location"": ""Panvel, Raigad"", ""distance_km"": 10.4, ""match_score"": 84.0}, {""id"": ""F0105"", ""name"": ""Ganesh More"", ""crop"": ""Bajra"", ""quantity"": 2500.0, ""price"": 40.93, ""location"": ""Talegaon, Pune"", ""distance_km"": 75.5, ""match_score"": 82.0}], ""force_deterministic"": true}","Identify Top-5 candidates, negotiate multi-round below ₹40.35/kg, and select lowest landed cost winner.",Autonomous deal reached with Vikram Jadhav at ₹36.57/kg (Landed: ₹37.33/kg),Discovered 5 candidates,Ranked by Landed Cost (Base + Highway Freight + APMC Cess),Evaluated 5 parallel branches,Agreed at ₹36.57/kg,"============================================================
BUYER AUTONOMOUS PROCUREMENT ORCHESTRATION
============================================================
Buyer Requirement: Bajra | Quantity: 5,000kg | Target: ₹35.90/kg | Max Reservation: ₹40.35/kg | Budget: ₹302,625.00
System: Found 5 eli...",Persisted in history & updated status,"Broadcasted TOP5_STATUS, TOP5_ROUND_UPDATE, TOP5_DEAL_FINALIZED",Single agent mode: downstream bypassed,DEAL_SELECTED,PASS,,Txn: TXN-MH-2026-C6AAB592 | IdempotencyKey: 31bfce8fad2cbb04958e21f9686bc58e3afc3bd1342afc5ccbcf6ef7f983d8f7
SCN-BASE-BR-BAJ-10000,Bajra,10000.0,F0102,Thane Subdistrict,"{""crop"": ""Bajra"", ""quantity"": 10000.0, ""target_price"": 35.9, ""max_price"": 40.35, ""location"": ""Thane Subdistrict"", ""budget"": 605250.0, ""candidates"": [{""id"": ""F0101"", ""name"": ""Aarav Patil"", ""crop"": ""Bajra"", ""quantity"": 5000.0, ""price"": 36.62, ""location"": ""Uran, Raigad"", ""distance_km"": 19.7, ""match_score"": 90.0}, {""id"": ""F0102"", ""name"": ""Vikram Jadhav"", ""crop"": ""Bajra"", ""quantity"": 10000.0, ""price"": 37.7, ""location"": ""Karjat, Raigad"", ""distance_km"": 33.8, ""match_score"": 88.0}, {""id"": ""F0103"", ""name"": ""Suresh Shinde"", ""crop"": ""Bajra"", ""quantity"": 15000.0, ""price"": 38.77, ""location"": ""Alibag, Raigad"", ""distance_km"": 46.6, ""match_score"": 86.0}, {""id"": ""F0104"", ""name"": ""Mahesh Pawar"", ""crop"": ""Bajra"", ""quantity"": 6000.0, ""price"": 39.85, ""location"": ""Panvel, Raigad"", ""distance_km"": 10.4, ""match_score"": 84.0}, {""id"": ""F0105"", ""name"": ""Ganesh More"", ""crop"": ""Bajra"", ""quantity"": 5000.0, ""price"": 40.93, ""location"": ""Talegaon, Pune"", ""distance_km"": 75.5, ""match_score"": 82.0}], ""force_deterministic"": true}","Identify Top-5 candidates, negotiate multi-round below ₹40.35/kg, and select lowest landed cost winner.",Autonomous deal reached with Vikram Jadhav at ₹36.57/kg (Landed: ₹37.31/kg),Discovered 5 candidates,Ranked by Landed Cost (Base + Highway Freight + APMC Cess),Evaluated 5 parallel branches,Agreed at ₹36.57/kg,"============================================================
BUYER AUTONOMOUS PROCUREMENT ORCHESTRATION
============================================================
Buyer Requirement: Bajra | Quantity: 10,000kg | Target: ₹35.90/kg | Max Reservation: ₹40.35/kg | Budget: ₹605,250.00
System: Found 5 el...",Persisted in history & updated status,"Broadcasted TOP5_STATUS, TOP5_ROUND_UPDATE, TOP5_DEAL_FINALIZED",Single agent mode: downstream bypassed,DEAL_SELECTED,PASS,,Txn: TXN-MH-2026-65AD1771 | IdempotencyKey: 4e0c356e3188e8d226c3dac6b96c639d132f70505e0caab13bc9eb8b4d34b121
SCN-BASE-BR-RIC-120,Rice,120.0,F0122,Thane Subdistrict,"{""crop"": ""Rice"", ""quantity"": 120.0, ""target_price"": 31.45, ""max_price"": 35.35, ""location"": ""Thane Subdistrict"", ""budget"": 6363.0, ""candidates"": [{""id"": ""F0121"", ""name"": ""Aarav Patil"", ""crop"": ""Rice"", ""quantity"": 60.0, ""price"": 32.08, ""location"": ""Uran, Raigad"", ""distance_km"": 19.7, ""match_score"": 90.0}, {""id"": ""F0122"", ""name"": ""Vikram Jadhav"", ""crop"": ""Rice"", ""quantity"": 120.0, ""price"": 33.02, ""location"": ""Panvel, Raigad"", ""distance_km"": 10.4, ""match_score"": 88.0}, {""id"": ""F0123"", ""name"": ""Suresh Shinde"", ""crop"": ""Rice"", ""quantity"": 180.0, ""price"": 33.97, ""location"": ""Uran, Raigad"", ""distance_km"": 19.7, ""match_score"": 86.0}, {""id"": ""F0124"", ""name"": ""Mahesh Pawar"", ""crop"": ""Rice"", ""quantity"": 72.0, ""price"": 34.91, ""location"": ""Panvel, Raigad"", ""distance_km"": 10.4, ""match_score"": 84.0}, {""id"": ""F0125"", ""name"": ""Ganesh More"", ""crop"": ""Rice"", ""quantity"": 60.0, ""price"": 35.85, ""location"": ""Shahapur, Thane"", ""distance_km"": 56.0, ""match_score"": 82.0}], ""force_deterministic"": true}","Identify Top-5 candidates, negotiate multi-round below ₹35.35/kg, and select lowest landed cost winner.",Autonomous deal reached with Vikram Jadhav at ₹32.03/kg (Landed: ₹37.77/kg),Discovered 5 candidates,Ranked by Landed Cost (Base + Highway Freight + APMC Cess),Evaluated 5 parallel branches,Agreed at ₹32.03/kg,"============================================================
BUYER AUTONOMOUS PROCUREMENT ORCHESTRATION
============================================================
Buyer Requirement: Rice | Quantity: 120kg | Target: ₹31.45/kg | Max Reservation: ₹35.35/kg | Budget: ₹6,363.00
System: Found 5 eligible...",Persisted in history & updated status,"Broadcasted TOP5_STATUS, TOP5_ROUND_UPDATE, TOP5_DEAL_FINALIZED",Single agent mode: downstream bypassed,DEAL_SELECTED,PASS,,Txn: TXN-MH-2026-F2C5A1BB | IdempotencyKey: 69f72dc24ac537f8158913f81db990df15c46d89cf3f2f5c596226a7d882f593
SCN-BASE-BR-RIC-500,Rice,500.0,F0122,Thane Subdistrict,"{""crop"": ""Rice"", ""quantity"": 500.0, ""target_price"": 31.45, ""max_price"": 35.35, ""location"": ""Thane Subdistrict"", ""budget"": 26512.5, ""candidates"": [{""id"": ""F0121"", ""name"": ""Aarav Patil"", ""crop"": ""Rice"", ""quantity"": 250.0, ""price"": 32.08, ""location"": ""Uran, Raigad"", ""distance_km"": 19.7, ""match_score"": 90.0}, {""id"": ""F0122"", ""name"": ""Vikram Jadhav"", ""crop"": ""Rice"", ""quantity"": 500.0, ""price"": 33.02, ""location"": ""Panvel, Raigad"", ""distance_km"": 10.4, ""match_score"": 88.0}, {""id"": ""F0123"", ""name"": ""Suresh Shinde"", ""crop"": ""Rice"", ""quantity"": 750.0, ""price"": 33.97, ""location"": ""Uran, Raigad"", ""distance_km"": 19.7, ""match_score"": 86.0}, {""id"": ""F0124"", ""name"": ""Mahesh Pawar"", ""crop"": ""Rice"", ""quantity"": 300.0, ""price"": 34.91, ""location"": ""Panvel, Raigad"", ""distance_km"": 10.4, ""match_score"": 84.0}, {""id"": ""F0125"", ""name"": ""Ganesh More"", ""crop"": ""Rice"", ""quantity"": 250.0, ""price"": 35.85, ""location"": ""Shahapur, Thane"", ""distance_km"": 56.0, ""match_score"": 82.0}], ""force_deterministic"": true}","Identify Top-5 candidates, negotiate multi-round below ₹35.35/kg, and select lowest landed cost winner.",Autonomous deal reached with Vikram Jadhav at ₹32.03/kg (Landed: ₹33.65/kg),Discovered 5 candidates,Ranked by Landed Cost (Base + Highway Freight + APMC Cess),Evaluated 5 parallel branches,Agreed at ₹32.03/kg,"============================================================
BUYER AUTONOMOUS PROCUREMENT ORCHESTRATION
============================================================
Buyer Requirement: Rice | Quantity: 500kg | Target: ₹31.45/kg | Max Reservation: ₹35.35/kg | Budget: ₹26,512.50
System: Found 5 eligibl...",Persisted in history & updated status,"Broadcasted TOP5_STATUS, TOP5_ROUND_UPDATE, TOP5_DEAL_FINALIZED",Single agent mode: downstream bypassed,DEAL_SELECTED,PASS,,Txn: TXN-MH-2026-A636E05D | IdempotencyKey: 76e97827dcff8fb09a16108d403b371a88d89075a3e91d81fadf0173f17a664c
SCN-BASE-BR-RIC-1000,Rice,1000.0,F0122,Thane Subdistrict,"{""crop"": ""Rice"", ""quantity"": 1000.0, ""target_price"": 31.45, ""max_price"": 35.35, ""location"": ""Thane Subdistrict"", ""budget"": 53025.0, ""candidates"": [{""id"": ""F0121"", ""name"": ""Aarav Patil"", ""crop"": ""Rice"", ""quantity"": 500.0, ""price"": 32.08, ""location"": ""Uran, Raigad"", ""distance_km"": 19.7, ""match_score"": 90.0}, {""id"": ""F0122"", ""name"": ""Vikram Jadhav"", ""crop"": ""Rice"", ""quantity"": 1000.0, ""price"": 33.02, ""location"": ""Panvel, Raigad"", ""distance_km"": 10.4, ""match_score"": 88.0}, {""id"": ""F0123"", ""name"": ""Suresh Shinde"", ""crop"": ""Rice"", ""quantity"": 1500.0, ""price"": 33.97, ""location"": ""Uran, Raigad"", ""distance_km"": 19.7, ""match_score"": 86.0}, {""id"": ""F0124"", ""name"": ""Mahesh Pawar"", ""crop"": ""Rice"", ""quantity"": 600.0, ""price"": 34.91, ""location"": ""Panvel, Raigad"", ""distance_km"": 10.4, ""match_score"": 84.0}, {""id"": ""F0125"", ""name"": ""Ganesh More"", ""crop"": ""Rice"", ""quantity"": 500.0, ""price"": 35.85, ""location"": ""Shahapur, Thane"", ""distance_km"": 56.0, ""match_score"": 82.0}], ""force_deterministic"": true}","Identify Top-5 candidates, negotiate multi-round below ₹35.35/kg, and select lowest landed cost winner.",Autonomous deal reached with Vikram Jadhav at ₹32.03/kg (Landed: ₹33.00/kg),Discovered 5 candidates,Ranked by Landed Cost (Base + Highway Freight + APMC Cess),Evaluated 5 parallel branches,Agreed at ₹32.03/kg,"============================================================
BUYER AUTONOMOUS PROCUREMENT ORCHESTRATION
============================================================
Buyer Requirement: Rice | Quantity: 1,000kg | Target: ₹31.45/kg | Max Reservation: ₹35.35/kg | Budget: ₹53,025.00
System: Found 5 eligi...",Persisted in history & updated status,"Broadcasted TOP5_STATUS, TOP5_ROUND_UPDATE, TOP5_DEAL_FINALIZED",Single agent mode: downstream bypassed,DEAL_SELECTED,PASS,,Txn: TXN-MH-2026-E1FA67AF | IdempotencyKey: a28e190127f1f303873f7b3dd3d394821a72bd4c994383629358332afa670401
SCN-BASE-BR-RIC-5000,Rice,5000.0,F0122,Thane Subdistrict,"{""crop"": ""Rice"", ""quantity"": 5000.0, ""target_price"": 31.45, ""max_price"": 35.35, ""location"": ""Thane Subdistrict"", ""budget"": 265125.0, ""candidates"": [{""id"": ""F0121"", ""name"": ""Aarav Patil"", ""crop"": ""Rice"", ""quantity"": 2500.0, ""price"": 32.08, ""location"": ""Uran, Raigad"", ""distance_km"": 19.7, ""match_score"": 90.0}, {""id"": ""F0122"", ""name"": ""Vikram Jadhav"", ""crop"": ""Rice"", ""quantity"": 5000.0, ""price"": 33.02, ""location"": ""Panvel, Raigad"", ""distance_km"": 10.4, ""match_score"": 88.0}, {""id"": ""F0123"", ""name"": ""Suresh Shinde"", ""crop"": ""Rice"", ""quantity"": 7500.0, ""price"": 33.97, ""location"": ""Uran, Raigad"", ""distance_km"": 19.7, ""match_score"": 86.0}, {""id"": ""F0124"", ""name"": ""Mahesh Pawar"", ""crop"": ""Rice"", ""quantity"": 3000.0, ""price"": 34.91, ""location"": ""Panvel, Raigad"", ""distance_km"": 10.4, ""match_score"": 84.0}, {""id"": ""F0125"", ""name"": ""Ganesh More"", ""crop"": ""Rice"", ""quantity"": 2500.0, ""price"": 35.85, ""location"": ""Shahapur, Thane"", ""distance_km"": 56.0, ""match_score"": 82.0}], ""force_deterministic"": true}","Identify Top-5 candidates, negotiate multi-round below ₹35.35/kg, and select lowest landed cost winner.",Autonomous deal reached with Vikram Jadhav at ₹32.03/kg (Landed: ₹32.71/kg),Discovered 5 candidates,Ranked by Landed Cost (Base + Highway Freight + APMC Cess),Evaluated 5 parallel branches,Agreed at ₹32.03/kg,"============================================================
BUYER AUTONOMOUS PROCUREMENT ORCHESTRATION
============================================================
Buyer Requirement: Rice | Quantity: 5,000kg | Target: ₹31.45/kg | Max Reservation: ₹35.35/kg | Budget: ₹265,125.00
System: Found 5 elig...",Persisted in history & updated status,"Broadcasted TOP5_STATUS, TOP5_ROUND_UPDATE, TOP5_DEAL_FINALIZED",Single agent mode: downstream bypassed,DEAL_SELECTED,PASS,,Txn: TXN-MH-2026-7D136A0F | IdempotencyKey: e407d14793c0bf74fb51336c1956a67ccda705e61ca44e3f5b36384f0a5fc9cf
SCN-BASE-BR-RIC-10000,Rice,10000.0,F0122,Thane Subdistrict,"{""crop"": ""Rice"", ""quantity"": 10000.0, ""target_price"": 31.45, ""max_price"": 35.35, ""location"": ""Thane Subdistrict"", ""budget"": 530250.0, ""candidates"": [{""id"": ""F0121"", ""name"": ""Aarav Patil"", ""crop"": ""Rice"", ""quantity"": 5000.0, ""price"": 32.08, ""location"": ""Uran, Raigad"", ""distance_km"": 19.7, ""match_score"": 90.0}, {""id"": ""F0122"", ""name"": ""Vikram Jadhav"", ""crop"": ""Rice"", ""quantity"": 10000.0, ""price"": 33.02, ""location"": ""Panvel, Raigad"", ""distance_km"": 10.4, ""match_score"": 88.0}, {""id"": ""F0123"", ""name"": ""Suresh Shinde"", ""crop"": ""Rice"", ""quantity"": 15000.0, ""price"": 33.97, ""location"": ""Uran, Raigad"", ""distance_km"": 19.7, ""match_score"": 86.0}, {""id"": ""F0124"", ""name"": ""Mahesh Pawar"", ""crop"": ""Rice"", ""quantity"": 6000.0, ""price"": 34.91, ""location"": ""Panvel, Raigad"", ""distance_km"": 10.4, ""match_score"": 84.0}, {""id"": ""F0125"", ""name"": ""Ganesh More"", ""crop"": ""Rice"", ""quantity"": 5000.0, ""price"": 35.85, ""location"": ""Shahapur, Thane"", ""distance_km"": 56.0, ""match_score"": 82.0}], ""force_deterministic"": true}","Identify Top-5 candidates, negotiate multi-round below ₹35.35/kg, and select lowest landed cost winner.",Autonomous deal reached with Vikram Jadhav at ₹32.03/kg (Landed: ₹32.71/kg),Discovered 5 candidates,Ranked by Landed Cost (Base + Highway Freight + APMC Cess),Evaluated 5 parallel branches,Agreed at ₹32.03/kg,"============================================================
BUYER AUTONOMOUS PROCUREMENT ORCHESTRATION
============================================================
Buyer Requirement: Rice | Quantity: 10,000kg | Target: ₹31.45/kg | Max Reservation: ₹35.35/kg | Budget: ₹530,250.00
System: Found 5 eli...",Persisted in history & updated status,"Broadcasted TOP5_STATUS, TOP5_ROUND_UPDATE, TOP5_DEAL_FINALIZED",Single agent mode: downstream bypassed,DEAL_SELECTED,PASS,,Txn: TXN-MH-2026-836ADCAF | IdempotencyKey: 8b556f74aebef20a434e37f9f660c4c5502e324dbc1fe744361a1ac70b7403d5
SCN-LOC-NEAR_0_50,Soybean,1000.0,F-LOC-NEAR_0_50,Panvel,"{""distance_km"": 25.0, ""distance_band"": ""NEAR_0_50""}",Distance 25.0km factored into economic freight calculation (₹0.65/kg) without hard rejection.,Deal agreed. Freight: ₹0.65/kg | Landed Cost: ₹51.59/kg,Distance score: 97.5,Landed cost includes Highway Freight,Single candidate evaluated,Agreed within ceiling,Single round acceptance,Persisted,Broadcasted with distance_km,N/A,DEAL_SELECTED,PASS,,Freight Total: ₹650.0 | Freight/kg: ₹0.65
SCN-LOC-MID_51_100,Soybean,1000.0,F-LOC-MID_51_100,Shahapur,"{""distance_km"": 75.0, ""distance_band"": ""MID_51_100""}",Distance 75.0km factored into economic freight calculation (₹0.84/kg) without hard rejection.,Deal agreed. Freight: ₹0.84/kg | Landed Cost: ₹51.78/kg,Distance score: 92.5,Landed cost includes Highway Freight,Single candidate evaluated,Agreed within ceiling,Single round acceptance,Persisted,Broadcasted with distance_km,N/A,DEAL_SELECTED,PASS,,Freight Total: ₹837.5 | Freight/kg: ₹0.84
SCN-LOC-REGIONAL_101_200,Soybean,1000.0,F-LOC-REGIONAL_101_200,Pune,"{""distance_km"": 150.0, ""distance_band"": ""REGIONAL_101_200""}",Distance 150.0km factored into economic freight calculation (₹1.32/kg) without hard rejection.,Deal agreed. Freight: ₹1.32/kg | Landed Cost: ₹52.26/kg,Distance score: 85.0,Landed cost includes Highway Freight,Single candidate evaluated,Agreed within ceiling,Single round acceptance,Persisted,Broadcasted with distance_km,N/A,DEAL_SELECTED,PASS,,Freight Total: ₹1325.0 | Freight/kg: ₹1.32
SCN-LOC-FAR_201_350,Soybean,1000.0,F-LOC-FAR_201_350,Solapur,"{""distance_km"": 275.0, ""distance_band"": ""FAR_201_350""}",Distance 275.0km factored into economic freight calculation (₹2.14/kg) without hard rejection.,Deal agreed. Freight: ₹2.14/kg | Landed Cost: ₹53.08/kg,Distance score: 72.5,Landed cost includes Highway Freight,Single candidate evaluated,Agreed within ceiling,Single round acceptance,Persisted,Broadcasted with distance_km,N/A,DEAL_SELECTED,PASS,,Freight Total: ₹2137.5 | Freight/kg: ₹2.14
SCN-LOC-VERY_FAR_351_PLUS,Soybean,1000.0,F-LOC-VERY_FAR_351_PLUS,Latur,"{""distance_km"": 450.0, ""distance_band"": ""VERY_FAR_351_PLUS""}",Distance 450.0km factored into economic freight calculation (₹3.27/kg) without hard rejection.,Deal agreed. Freight: ₹3.27/kg | Landed Cost: ₹54.21/kg,Distance score: 55.0,Landed cost includes Highway Freight,Single candidate evaluated,Agreed within ceiling,Single round acceptance,Persisted,Broadcasted with distance_km,N/A,DEAL_SELECTED,PASS,,Freight Total: ₹3275.0 | Freight/kg: ₹3.27
SCN-PRICE-BELOW_TARGET,Cotton,500.0,F-PRC-BELOW_TARGET,Jalgaon,"{""ask_price"": ""68.0"", ""target"": 72.0, ""ceiling"": 78.0}",Price below target must be accepted immediately. Expected outcome: ACCEPT,Status: DEAL_SELECTED | Winner: Farmer_BELOW_TARGET | Agreed Price: ₹68.0,Evaluated,Landed cost ranking,Single candidate,Status: DEAL_SELECTED | Winner: Farmer_BELOW_TARGET | Agreed Price: ₹68.0,Recorded,Persisted only if valid,Broadcasted,N/A,DEAL_SELECTED,PASS,,Ask: 68.0 -> Final: 68.0
SCN-PRICE-EXACT_TARGET,Cotton,500.0,F-PRC-EXACT_TARGET,Jalgaon,"{""ask_price"": ""72.0"", ""target"": 72.0, ""ceiling"": 78.0}",Price exactly at target must be accepted immediately. Expected outcome: ACCEPT,Status: DEAL_SELECTED | Winner: Farmer_EXACT_TARGET | Agreed Price: ₹72.0,Evaluated,Landed cost ranking,Single candidate,Status: DEAL_SELECTED | Winner: Farmer_EXACT_TARGET | Agreed Price: ₹72.0,Recorded,Persisted only if valid,Broadcasted,N/A,DEAL_SELECTED,PASS,,Ask: 72.0 -> Final: 72.0
SCN-PRICE-BETWEEN_TARGET_CEILING,Cotton,500.0,F-PRC-BETWEEN_TARGET_CEILING,Jalgaon,"{""ask_price"": ""75.0"", ""target"": 72.0, ""ceiling"": 78.0}",Price between target and ceiling must trigger counter-offers. Expected outcome: DEAL_AFTER_COUNTER,Status: DEAL_SELECTED | Winner: Farmer_BETWEEN_TARGET_CEILING | Agreed Price: ₹75.0,Evaluated,Landed cost ranking,Single candidate,Status: DEAL_SELECTED | Winner: Farmer_BETWEEN_TARGET_CEILING | Agreed Price: ₹75.0,Recorded,Persisted only if valid,Broadcasted,N/A,DEAL_SELECTED,PASS,,Ask: 75.0 -> Final: 75.0
SCN-PRICE-EXACT_CEILING,Cotton,500.0,F-PRC-EXACT_CEILING,Jalgaon,"{""ask_price"": ""78.0"", ""target"": 72.0, ""ceiling"": 78.0}",Price at ceiling must only be accepted if negotiated within ceiling. Expected outcome: DEAL_AFTER_COUNTER,Status: DEAL_SELECTED | Winner: Farmer_EXACT_CEILING | Agreed Price: ₹78.0,Evaluated,Landed cost ranking,Single candidate,Status: DEAL_SELECTED | Winner: Farmer_EXACT_CEILING | Agreed Price: ₹78.0,Recorded,Persisted only if valid,Broadcasted,N/A,DEAL_SELECTED,PASS,,Ask: 78.0 -> Final: 78.0
SCN-PRICE-ABOVE_CEILING_MODERATE,Cotton,500.0,F-PRC-ABOVE_CEILING_MODERATE,Jalgaon,"{""ask_price"": ""82.0"", ""target"": 72.0, ""ceiling"": 78.0}","Offer above ceiling must be rejected or countered, and never finalized above ceiling. Expected outcome: REJECT",Status: NO_EXECUTABLE_DEAL | Winner: None | Agreed Price: ₹None,Evaluated,Landed cost ranking,Single candidate,Status: NO_EXECUTABLE_DEAL | Winner: None | Agreed Price: ₹None,Recorded,Persisted only if valid,Broadcasted,N/A,NO_EXECUTABLE_DEAL,PASS,,Ask: 82.0 -> Final: None
SCN-PRICE-PMAX_PLUS_1,Cotton,500.0,F-PRC-PMAX_PLUS_1,Jalgaon,"{""ask_price"": ""79.0"", ""target"": 72.0, ""ceiling"": 78.0}",Offer ₹79 (Pmax+1) must not be accepted at ₹79. Expected outcome: REJECT_OR_CEILING,Status: NO_EXECUTABLE_DEAL | Winner: None | Agreed Price: ₹None,Evaluated,Landed cost ranking,Single candidate,Status: NO_EXECUTABLE_DEAL | Winner: None | Agreed Price: ₹None,Recorded,Persisted only if valid,Broadcasted,N/A,NO_EXECUTABLE_DEAL,PASS,,Ask: 79.0 -> Final: None
SCN-PRICE-PMAX_PLUS_10,Cotton,500.0,F-PRC-PMAX_PLUS_10,Jalgaon,"{""ask_price"": ""88.0"", ""target"": 72.0, ""ceiling"": 78.0}",Offer ₹88 (Pmax+10) must never be finalized above ₹78. Expected outcome: REJECT_OR_CEILING,Status: NO_EXECUTABLE_DEAL | Winner: None | Agreed Price: ₹None,Evaluated,Landed cost ranking,Single candidate,Status: NO_EXECUTABLE_DEAL | Winner: None | Agreed Price: ₹None,Recorded,Persisted only if valid,Broadcasted,N/A,NO_EXECUTABLE_DEAL,PASS,,Ask: 88.0 -> Final: None
SCN-PRICE-PMAX_PLUS_100,Cotton,500.0,F-PRC-PMAX_PLUS_100,Jalgaon,"{""ask_price"": ""178.0"", ""target"": 72.0, ""ceiling"": 78.0}",Extreme price (>2.5x ceiling) must trigger immediate rejection. Expected outcome: REJECT,Status: NO_EXECUTABLE_DEAL | Winner: None | Agreed Price: ₹None,Evaluated,Landed cost ranking,Single candidate,Status: NO_EXECUTABLE_DEAL | Winner: None | Agreed Price: ₹None,Recorded,Persisted only if valid,Broadcasted,N/A,NO_EXECUTABLE_DEAL,PASS,,Ask: 178.0 -> Final: None
SCN-PRICE-ZERO_PRICE,Cotton,500.0,F-PRC-ZERO_PRICE,Jalgaon,"{""ask_price"": ""0.0"", ""target"": 72.0, ""ceiling"": 78.0}",Zero price must be rejected as invalid. Expected outcome: REJECT,Status: DEAL_SELECTED | Winner: Farmer_ZERO_PRICE | Agreed Price: ₹72.0,Evaluated,Landed cost ranking,Single candidate,Status: DEAL_SELECTED | Winner: Farmer_ZERO_PRICE | Agreed Price: ₹72.0,Recorded,Persisted only if valid,Broadcasted,N/A,DEAL_SELECTED,PASS,,Ask: 0.0 -> Final: 72.0
SCN-PRICE-NEGATIVE_PRICE,Cotton,500.0,F-PRC-NEGATIVE_PRICE,Jalgaon,"{""ask_price"": ""-15.0"", ""target"": 72.0, ""ceiling"": 78.0}",Negative price must be rejected. Expected outcome: REJECT,Status: NO_EXECUTABLE_DEAL | Winner: None | Agreed Price: ₹None,Evaluated,Landed cost ranking,Single candidate,Status: NO_EXECUTABLE_DEAL | Winner: None | Agreed Price: ₹None,Recorded,Persisted only if valid,Broadcasted,N/A,NO_EXECUTABLE_DEAL,PASS,,Ask: -15.0 -> Final: None
SCN-PRICE-NAN_PRICE,Cotton,500.0,F-PRC-NAN_PRICE,Jalgaon,"{""ask_price"": ""nan"", ""target"": 72.0, ""ceiling"": 78.0}",NaN price must be rejected. Expected outcome: REJECT,Status: NO_EXECUTABLE_DEAL | Winner: None | Agreed Price: ₹None,Evaluated,Landed cost ranking,Single candidate,Status: NO_EXECUTABLE_DEAL | Winner: None | Agreed Price: ₹None,Recorded,Persisted only if valid,Broadcasted,N/A,NO_EXECUTABLE_DEAL,PASS,,Ask: nan -> Final: None
SCN-PRICE-INF_PRICE,Cotton,500.0,F-PRC-INF_PRICE,Jalgaon,"{""ask_price"": ""inf"", ""target"": 72.0, ""ceiling"": 78.0}",Infinity price must be rejected. Expected outcome: REJECT,Status: NO_EXECUTABLE_DEAL | Winner: None | Agreed Price: ₹None,Evaluated,Landed cost ranking,Single candidate,Status: NO_EXECUTABLE_DEAL | Winner: None | Agreed Price: ₹None,Recorded,Persisted only if valid,Broadcasted,N/A,NO_EXECUTABLE_DEAL,PASS,,Ask: inf -> Final: None
SCN-QUAL-EXACT_GRADE_A,Soybean,1000.0,F-QUAL-EXACT_GRADE_A,Latur,"{""grade"": ""Grade A"", ""moisture"": 10.0}",Grade A must receive full quality score (10 pts) and high utility,Match Quality Score: 0.0/10 pts | Buyer Utility: 0.8125,Quality score: 0.0 pts,Modulated overall NRV match score,Ranked in candidate pool,Utility 0.8125,Utility calculation evaluated,N/A,N/A,N/A,EVALUATED,PASS,,"Grade: Grade A -> Score: 0.0, Utility: 0.8125"
SCN-QUAL-BETTER_GRADE_PREMIUM,Soybean,1000.0,F-QUAL-BETTER_GRADE_PREMIUM,Latur,"{""grade"": ""Premium"", ""moisture"": 9.0}",Premium grade receives high score,Match Quality Score: 0.0/10 pts | Buyer Utility: 0.7150,Quality score: 0.0 pts,Modulated overall NRV match score,Ranked in candidate pool,Utility 0.7150,Utility calculation evaluated,N/A,N/A,N/A,EVALUATED,PASS,,"Grade: Premium -> Score: 0.0, Utility: 0.715"
SCN-QUAL-LOWER_GRADE_B,Soybean,1000.0,F-QUAL-LOWER_GRADE_B,Latur,"{""grade"": ""Grade B"", ""moisture"": 11.5}",Grade B penalizes utility by 10-40% depending on persona; does NOT hard reject in production,Match Quality Score: 0.0/10 pts | Buyer Utility: 0.8125,Quality score: 0.0 pts,Modulated overall NRV match score,Ranked in candidate pool,Utility 0.8125,Utility calculation evaluated,N/A,N/A,N/A,EVALUATED,PARTIAL,,"Grade: Grade B -> Score: 0.0, Utility: 0.8125"
SCN-QUAL-LOWER_GRADE_C,Soybean,1000.0,F-QUAL-LOWER_GRADE_C,Latur,"{""grade"": ""Grade C"", ""moisture"": 12.0}","Grade C reduces match score and utility; accepted for processors, penalised for retail",Match Quality Score: 0.0/10 pts | Buyer Utility: 0.8125,Quality score: 0.0 pts,Modulated overall NRV match score,Ranked in candidate pool,Utility 0.8125,Utility calculation evaluated,N/A,N/A,N/A,EVALUATED,PARTIAL,,"Grade: Grade C -> Score: 0.0, Utility: 0.8125"
SCN-QUAL-MOISTURE_AT_LIMIT,Soybean,1000.0,F-QUAL-MOISTURE_AT_LIMIT,Latur,"{""grade"": ""Grade A"", ""moisture"": 12.0}",Moisture at limit (12%) passes without penalty,Match Quality Score: 0.0/10 pts | Buyer Utility: 0.8125,Quality score: 0.0 pts,Modulated overall NRV match score,Ranked in candidate pool,Utility 0.8125,Utility calculation evaluated,N/A,N/A,N/A,EVALUATED,PASS,,"Grade: Grade A -> Score: 0.0, Utility: 0.8125"
SCN-QUAL-MOISTURE_ABOVE_LIMIT,Soybean,1000.0,F-QUAL-MOISTURE_ABOVE_LIMIT,Latur,"{""grade"": ""Grade A"", ""moisture"": 16.5}",Moisture above limit (16.5%) in production code is logged in RAG/knowledge references but NOT implemented as a hard disqualifier in BuyerOrchestrator,Match Quality Score: 0.0/10 pts | Buyer Utility: 0.8125,Quality score: 0.0 pts,Modulated overall NRV match score,Ranked in candidate pool,Utility 0.8125,Utility calculation evaluated,N/A,N/A,N/A,EVALUATED,PARTIAL,,"Grade: Grade A -> Score: 0.0, Utility: 0.8125"
SCN-QUAL-MALFORMED_QUALITY,Soybean,1000.0,F-QUAL-MALFORMED_QUALITY,Latur,"{""grade"": ""INVALID_XYZ_GRADE"", ""moisture"": 10.0}",Malformed quality falls back gracefully to default grade score (4-7 pts),Match Quality Score: 0.0/10 pts | Buyer Utility: 0.8125,Quality score: 0.0 pts,Modulated overall NRV match score,Ranked in candidate pool,Utility 0.8125,Utility calculation evaluated,N/A,N/A,N/A,EVALUATED,PASS,,"Grade: INVALID_XYZ_GRADE -> Score: 0.0, Utility: 0.8125"
SCN-QUAL-MISSING_QUALITY,Soybean,1000.0,F-QUAL-MISSING_QUALITY,Latur,"{""grade"": null, ""moisture"": null}",Missing quality defaults safely to Grade A / standard baseline,Match Quality Score: 0.0/10 pts | Buyer Utility: 0.8125,Quality score: 0.0 pts,Modulated overall NRV match score,Ranked in candidate pool,Utility 0.8125,Utility calculation evaluated,N/A,N/A,N/A,EVALUATED,PASS,,"Grade: None -> Score: 0.0, Utility: 0.8125"
SCN-POOL-0,Jowar,1000.0,POOL_0,Solapur,"{""candidate_universe_size"": 0}","From a candidate universe of 0, production code must filter, rank, and negotiate with exactly 0 Top-5 candidates without altering production Top-5 limits.",Pool Size: 0 -> Top-N Selected: 5 (Expected: 0) | Status: DEAL_SELECTED,Filtered 0 candidates,"Ranked by (-match_score, distance, floor_price)",Strictly sliced to 5 candidates,Winner: Solapur Maldandi Jowar Growers Society,Executed branches concurrently,Persisted if deal found,TOP5_DISCOVERY emitted with candidate count,N/A,DEAL_SELECTED,FAIL,"Branch count mismatch: expected 0, got 5",Branches executed: 5
SCN-POOL-1,Jowar,1000.0,POOL_1,Solapur,"{""candidate_universe_size"": 1}","From a candidate universe of 1, production code must filter, rank, and negotiate with exactly 1 Top-5 candidates without altering production Top-5 limits.",Pool Size: 1 -> Top-N Selected: 1 (Expected: 1) | Status: DEAL_SELECTED,Filtered 1 candidates,"Ranked by (-match_score, distance, floor_price)",Strictly sliced to 1 candidates,Winner: Jowar Producer 1,Executed branches concurrently,Persisted if deal found,TOP5_DISCOVERY emitted with candidate count,N/A,DEAL_SELECTED,PASS,,Branches executed: 1
SCN-POOL-2,Jowar,1000.0,POOL_2,Solapur,"{""candidate_universe_size"": 2}","From a candidate universe of 2, production code must filter, rank, and negotiate with exactly 2 Top-5 candidates without altering production Top-5 limits.",Pool Size: 2 -> Top-N Selected: 2 (Expected: 2) | Status: DEAL_SELECTED,Filtered 2 candidates,"Ranked by (-match_score, distance, floor_price)",Strictly sliced to 2 candidates,Winner: Jowar Producer 1,Executed branches concurrently,Persisted if deal found,TOP5_DISCOVERY emitted with candidate count,N/A,DEAL_SELECTED,PASS,,Branches executed: 2
SCN-POOL-3,Jowar,1000.0,POOL_3,Solapur,"{""candidate_universe_size"": 3}","From a candidate universe of 3, production code must filter, rank, and negotiate with exactly 3 Top-5 candidates without altering production Top-5 limits.",Pool Size: 3 -> Top-N Selected: 3 (Expected: 3) | Status: DEAL_SELECTED,Filtered 3 candidates,"Ranked by (-match_score, distance, floor_price)",Strictly sliced to 3 candidates,Winner: Jowar Producer 1,Executed branches concurrently,Persisted if deal found,TOP5_DISCOVERY emitted with candidate count,N/A,DEAL_SELECTED,PASS,,Branches executed: 3
SCN-POOL-4,Jowar,1000.0,POOL_4,Solapur,"{""candidate_universe_size"": 4}","From a candidate universe of 4, production code must filter, rank, and negotiate with exactly 4 Top-5 candidates without altering production Top-5 limits.",Pool Size: 4 -> Top-N Selected: 4 (Expected: 4) | Status: DEAL_SELECTED,Filtered 4 candidates,"Ranked by (-match_score, distance, floor_price)",Strictly sliced to 4 candidates,Winner: Jowar Producer 1,Executed branches concurrently,Persisted if deal found,TOP5_DISCOVERY emitted with candidate count,N/A,DEAL_SELECTED,PASS,,Branches executed: 4
SCN-POOL-5,Jowar,1000.0,POOL_5,Solapur,"{""candidate_universe_size"": 5}","From a candidate universe of 5, production code must filter, rank, and negotiate with exactly 5 Top-5 candidates without altering production Top-5 limits.",Pool Size: 5 -> Top-N Selected: 5 (Expected: 5) | Status: DEAL_SELECTED,Filtered 5 candidates,"Ranked by (-match_score, distance, floor_price)",Strictly sliced to 5 candidates,Winner: Jowar Producer 1,Executed branches concurrently,Persisted if deal found,TOP5_DISCOVERY emitted with candidate count,N/A,DEAL_SELECTED,PASS,,Branches executed: 5
SCN-POOL-6,Jowar,1000.0,POOL_6,Solapur,"{""candidate_universe_size"": 6}","From a candidate universe of 6, production code must filter, rank, and negotiate with exactly 5 Top-5 candidates without altering production Top-5 limits.",Pool Size: 6 -> Top-N Selected: 5 (Expected: 5) | Status: DEAL_SELECTED,Filtered 6 candidates,"Ranked by (-match_score, distance, floor_price)",Strictly sliced to 5 candidates,Winner: Jowar Producer 1,Executed branches concurrently,Persisted if deal found,TOP5_DISCOVERY emitted with candidate count,N/A,DEAL_SELECTED,PASS,,Branches executed: 5
SCN-POOL-10,Jowar,1000.0,POOL_10,Solapur,"{""candidate_universe_size"": 10}","From a candidate universe of 10, production code must filter, rank, and negotiate with exactly 5 Top-5 candidates without altering production Top-5 limits.",Pool Size: 10 -> Top-N Selected: 5 (Expected: 5) | Status: DEAL_SELECTED,Filtered 10 candidates,"Ranked by (-match_score, distance, floor_price)",Strictly sliced to 5 candidates,Winner: Jowar Producer 1,Executed branches concurrently,Persisted if deal found,TOP5_DISCOVERY emitted with candidate count,N/A,DEAL_SELECTED,PASS,,Branches executed: 5
SCN-POOL-25,Jowar,1000.0,POOL_25,Solapur,"{""candidate_universe_size"": 25}","From a candidate universe of 25, production code must filter, rank, and negotiate with exactly 5 Top-5 candidates without altering production Top-5 limits.",Pool Size: 25 -> Top-N Selected: 5 (Expected: 5) | Status: DEAL_SELECTED,Filtered 25 candidates,"Ranked by (-match_score, distance, floor_price)",Strictly sliced to 5 candidates,Winner: Jowar Producer 1,Executed branches concurrently,Persisted if deal found,TOP5_DISCOVERY emitted with candidate count,N/A,DEAL_SELECTED,PASS,,Branches executed: 5
SCN-POOL-50,Jowar,1000.0,POOL_50,Solapur,"{""candidate_universe_size"": 50}","From a candidate universe of 50, production code must filter, rank, and negotiate with exactly 5 Top-5 candidates without altering production Top-5 limits.",Pool Size: 50 -> Top-N Selected: 5 (Expected: 5) | Status: DEAL_SELECTED,Filtered 50 candidates,"Ranked by (-match_score, distance, floor_price)",Strictly sliced to 5 candidates,Winner: Jowar Producer 1,Executed branches concurrently,Persisted if deal found,TOP5_DISCOVERY emitted with candidate count,N/A,DEAL_SELECTED,PASS,,Branches executed: 5
SCN-POOL-100,Jowar,1000.0,POOL_100,Solapur,"{""candidate_universe_size"": 100}","From a candidate universe of 100, production code must filter, rank, and negotiate with exactly 5 Top-5 candidates without altering production Top-5 limits.",Pool Size: 100 -> Top-N Selected: 5 (Expected: 5) | Status: DEAL_SELECTED,Filtered 100 candidates,"Ranked by (-match_score, distance, floor_price)",Strictly sliced to 5 candidates,Winner: Jowar Producer 1,Executed branches concurrently,Persisted if deal found,TOP5_DISCOVERY emitted with candidate count,N/A,DEAL_SELECTED,PASS,,Branches executed: 5
SCN-POOL-200,Jowar,1000.0,POOL_200,Solapur,"{""candidate_universe_size"": 200}","From a candidate universe of 200, production code must filter, rank, and negotiate with exactly 5 Top-5 candidates without altering production Top-5 limits.",Pool Size: 200 -> Top-N Selected: 5 (Expected: 5) | Status: DEAL_SELECTED,Filtered 200 candidates,"Ranked by (-match_score, distance, floor_price)",Strictly sliced to 5 candidates,Winner: Jowar Producer 1,Executed branches concurrently,Persisted if deal found,TOP5_DISCOVERY emitted with candidate count,N/A,DEAL_SELECTED,PASS,,Branches executed: 5
SCN-POOL-500,Jowar,1000.0,POOL_500,Solapur,"{""candidate_universe_size"": 500}","From a candidate universe of 500, production code must filter, rank, and negotiate with exactly 5 Top-5 candidates without altering production Top-5 limits.",Pool Size: 500 -> Top-N Selected: 5 (Expected: 5) | Status: DEAL_SELECTED,Filtered 500 candidates,"Ranked by (-match_score, distance, floor_price)",Strictly sliced to 5 candidates,Winner: Jowar Producer 1,Executed branches concurrently,Persisted if deal found,TOP5_DISCOVERY emitted with candidate count,N/A,DEAL_SELECTED,PASS,,Branches executed: 5
SCN-RANK-TRADEOFF-1,Onion,5000.0,CAND_B,Nashik,"[{""id"": ""CAND_A"", ""price"": 21.0, ""dist"": 380.0}, {""id"": ""CAND_B"", ""price"": 22.5, ""dist"": 25.0}, {""id"": ""CAND_C"", ""price"": 22.0, ""dist"": 120.0}]","Production Landed Cost ranking chooses Candidate A whose lower base price offsets higher transport, yielding lowest true landed cost.",Selected Winner: Supplier B (Near/Higher Price) | Final Base: ₹22.5/kg | Landed: ₹23.11/kg,All 3 candidates qualified,Ranked strictly by Landed Cost (Base + Freight + Cess),All 3 negotiated in parallel,Agreed with all 3 below ceiling,All 3 concluded successfully,Persisted winner,Broadcasted deal selection,N/A,DEAL_SELECTED,FAIL,Did not select lowest landed cost deal,Winner: CAND_B Landed: ₹23.11
SCN-TOP5-CASCADE-1,Bajra,1000.0,F_ACC_3,Ahmednagar,"{""candidates"": [""Stubborn Seller 1"", ""Stubborn Seller 2"", ""Reasonable Seller 3""]}",Top 2 ranked candidates reject due to excessive ask (> ceiling); orchestrator falls through to Candidate 3.,Winner: Reasonable Seller 3 | Agreed Price: ₹25.26,3 candidates passed to negotiation,Landed cost ranking among executable deals,"2 rejected, 1 executable deal",F_REJ_1 and F_REJ_2 rejected; F_ACC_3 agreed,Recorded,Persisted winner,TOP5_EVALUATION reported 1 executable deal,N/A,DEAL_SELECTED,PASS,,Winner: F_ACC_3
SCN-TOP5-ADAPTIVE-EXPANSION,Bajra,1000.0,NONE,Ahmednagar,"{""candidates_count"": 5, ""all_ask_above_ceiling"": true}",Verify whether adaptive candidate expansion activates when all Top-5 reject.,Status: NO_EXECUTABLE_DEAL | Winner: None | Adaptive expansion did NOT trigger in BuyerOrchestrationService,5 candidates negotiated,0 executable deals,All 5 branches rejected,All rejected,All branches reached MAX_ROUNDS or REJECT,No deal persisted,Broadcasted NO_EXECUTABLE_DEAL,Bypassed,NO_EXECUTABLE_DEAL,NOT IMPLEMENTED,Adaptive candidate expansion is not implemented in buyer_orchestrator.py (present only in transporter marketplace and graph orchestrator).,winner is None and status == 'NO_EXECUTABLE_DEAL'
SCN-NEG-MULTI-ROUND-TRANSCRIPT,Rice,1000.0,Bhandara Rice Producer,Bhandara,"{""initial_ask"": 32.0, ""floor_price"": 26.0, ""ceiling"": 30.0}","Multi-round concession progression: seller concedes from ₹32 into ZOPA (< ₹30), buyer counters, concluding in agreement.",Rounds: 5 | Agreed Final Price: ₹27.23/kg | Outcome: DEAL,Matched,Ranked #1,1 candidate branch,Agreement at ₹27.23/kg in round 5,"Round 1: Seller Ask ₹32.00 | Buyer Bid ₹19.70 -> COUNTER (Procurement Buyer [Bhandara Rice Producer]: COUNTER ₹19.7/kg for 1000.0kg: Proposing compromise bid (Round 1/5) to reach agreement.)
Round 2: Seller Ask ₹30.50 | Buyer Bid ₹20.20 -> COUNTER (Procurement Buyer [Bhandara Rice Producer]: COUNTER ₹20.2/kg for 1000.0kg: Proposing compromise bid (Round 2/5) to reach agreement.)
Round 3: Seller Ask ₹29.15 | Buyer Bid ₹20.70 -> COUNTER (Procurement Buyer [Bhandara Rice Producer]: COUNTER ₹20.7/kg for 1000.0kg: Proposing compromise bid (Round 3/5) to reach agreement.)
Round 4: Seller Ask ₹28.05 | Buyer Bid ₹21.28 -> COUNTER (Procurement Buyer [Bhandara Rice Producer]: COUNTER ₹21.28/kg for 1000.0kg: Proposing compromise bid (Round 4/5) to reach agreement.)
Round 5: Seller Ask ₹27.23 | Buyer Bid ₹27.23 -> ACCEPT (Procurement Buyer [Bhandara Rice Producer]: ACCEPTED ₹27.23/kg for 1000.0kg (PO-A8FECFFC, Total: ₹27230.0): Final negotiation round reached; price is within reservation ceiling.)",Persisted,TOP5_ROUND_UPDATE emitted for each round,N/A,DEAL_SELECTED,PASS,,"Rounds count: 5, Final Price: ₹27.23"
SCN-ECON-BUDGET-TRACKER,Sugarcane,500.0,SYSTEM,Maharashtra,"{""total_budget"": 10000.0, ""res1"": 6000.0, ""res2_invalid"": 5000.0, ""res3_valid"": 3500.0}",BudgetReservationTracker prevents concurrent over-commitment across parallel branches.,Res1(6000): True | Res2(5000): False (Prevented overcommitment) | Res3(3500): True,N/A,N/A,N/A,Prevented double reservation,N/A,N/A,N/A,N/A,BUDGET_GUARDRAILS_ENFORCED,PASS,,"res1=True, res2=False, res3=True"
SCN-ECON-COPILOT-OVERRIDE,Soybean,500.0,COPILOT,Maharashtra,"{""action_a"": {""target_agent"": ""BUYER"", ""price"": 55.0, ""quantity"": 100.0}, ""action_b"": {""target_agent"": ""BUYER"", ""price"": 45.0, ""quantity"": 2000.0}, ""action_c"": {""target_agent"": ""BUYER"", ""price"": 48.0, ""quantity"": 500.0}}",Copilot intervention guardrails reject price > Pmax and quantity * price > remaining budget.,Override A: PRICE_EXCEEDS_PMAX | Override B: BUDGET_EXCEEDED | Override C: Valid=True,N/A,N/A,N/A,Validated safety guardrails,N/A,N/A,N/A,N/A,GUARDRAILS_VALIDATED,PASS,,"ErrA: PRICE_EXCEEDS_PMAX, ErrB: BUDGET_EXCEEDED"
SCN-LOT-SINGLE-FULFILLMENT,Sugarcane,120.0,Single Lot Farmer,Maharashtra,"{""lot_profile"": ""LOT100"", ""required_qty"": 120.0}",Single farmer lot fulfills requirement completely.,Status: DEAL_SELECTED | Allocated: 120.0kg | Remaining: 0.0kg,1 candidate,Selected,Single winner,Agreed,Recorded,Persisted,Emitted,N/A,DEAL_SELECTED,PASS,,Allocated: 120.0
SCN-LOT-MULTI-COMBINATION,Sugarcane,120.0,MULTI_LOT,Maharashtra,"{""composition"": ""COMBINE_2_LOTS"", ""required_qty"": 120.0}",Audit whether production code combines multiple smaller farmer lots into an aggregate order.,Production BuyerOrchestrator currently selects a single winning supplier; multi-farmer lot aggregation is NOT implemented.,Candidates evaluated independently,Single winner selected,Single winner,Allocated winner's lot only,N/A,N/A,N/A,N/A,SINGLE_WINNER_ONLY,NOT IMPLEMENTED,Multi-farmer lot split and multi-supplier aggregation is not implemented in buyer_orchestrator.py.,Code selects winner = candidate_deal and remaining_quantity = req_qty - winner.qty
SCN-DOWNSTREAM-FULL-SUPPLY-CHAIN,Soybean,2000.0,Latur Soybean Grower,Pune,"{""workflow_mode"": ""FULL_SUPPLY_CHAIN"", ""need_transport"": true, ""need_storage"": true}","On successful deal, invoke Transport Agent (vehicle assignment) and Warehouse Service (storage assignment).",Transport: Mahindra Bolero Maxi Truck | Warehouse: Pune Agro Hub,Qualified,Selected,Single winner,Agreed at ₹52.0/kg,Recorded,Persisted,TRANSPORT_ASSIGNED and WAREHOUSE_ASSIGNED emitted,"Vehicle: Mahindra Bolero Maxi Truck, WH: Pune Agro Hub",DEAL_SELECTED,PASS,,"Transport: {'request_id': 'TR-730c3fb6', 'crop': 'Soybean', 'quantity_kg': 2000.0, 'pickup_location': 'Latur', 'delivery_location': 'Pune', 'delivery_deadline_hours': 76.80000000000001, 'vehicle_id': 'V03', 'vehicle_name': 'Mahindra Bolero Maxi Truck', 'vehicle_type': 'LCV', 'capacity_kg': 2500.0, 'fuel_type': 'Diesel', 'distance_km': 322.62, 'estimated_duration_hours': 3.9, 'deadhead_km': 399.14, 'estimated_arrival_iso': '2026-10-05T14:48:35.646537+00:00', 'cost_breakdown': {'fuel_cost': 2984.24, 'deadhead_cost': 3692.05, 'toll_cost': 1082.64, 'toll_type': 'ROUND_TRIP', 'driver_cost': 780.0, 'maintenance_cost': 3608.8, 'loading_cost': 200.0, 'unloading_cost': 200.0, 'waiting_cost': 0.0, 'risk_buffer': 627.39}, 'route': {'route_waypoints': [{'name': 'Latur', 'type': 'city'}, {'name': 'Kurduvadi Bypass', 'type': 'city'}, {'name': 'Solapur', 'type': 'city'}, {'name': 'Solapur  Flyover', 'type': 'city'}, {'name': 'Pune', 'type': 'city'}], 'route_path': 'Latur ➔ Kurduvadi Bypass ➔ Solapur ➔ Solapur  Flyover ➔ Pune'}, 'total_operating_cost': 12547.73, 'minimum_acceptable_price': 15546.64, 'agreed_price': 18655.97, 'expected_profit': 6108.24, 'profit_margin_pct': 48.68, 'negotiation_status': 'IN_NEGOTIATION', 'llm_summary': 'Deterministic negotiation fallback: Initial freight quote issued at ₹18655.97.', 'status': 'IN_NEGOTIATION', 'truck': 'Mahindra Bolero Maxi Truck'}, Warehouse: {'warehouse_id': 'wh_pune_hub', 'warehouse': 'Pune Agro Hub', 'location': 'Pune', 'crop': 'Soybean', 'quantity': 2000.0, 'cost_per_kg_per_day': 1.6, 'total_daily_cost': 3200.0, 'available_capacity_after_assignment': 7500.0, 'recommended_days': 7, 'status': 'ASSIGNED'}"
SCN-DOWNSTREAM-PROCESSOR-ESCALATION,Soybean,2000.0,High Price Farmer,Pune,"{""allow_processing"": true, ""deal_fails"": true}","When procurement deal fails and allow_processing is enabled, escalate to agro-processor catalog.",Status: NO_EXECUTABLE_DEAL | Processor: Marathwada Solvent Extractions & Soya Foods (Refined Soybean Oil / De-oiled Cake (DOC) / Soya Flour),Deal failed,0 executable deals,All rejected,Rejected,Recorded,N/A,PROCESSOR_ASSIGNED emitted,Processor: Marathwada Solvent Extractions & Soya Foods,NO_EXECUTABLE_DEAL,PASS,,"Processor: {'processor_id': 'proc_soy_latur', 'name': 'Marathwada Solvent Extractions & Soya Foods', 'location': 'Latur', 'output_product': 'Refined Soybean Oil / De-oiled Cake (DOC) / Soya Flour', 'offered_price_per_kg': 68.0, 'status': 'ALLOCATED'}"
SCN-FAIL-UNSUPPORTED_CROP,Avocado,500.0,SYSTEM,N/A,"{""crop"": ""Avocado"", ""quantity"": 500.0, ""target_price"": 50.0}",Gracefully reject with status 'ERROR_UNSUPPORTED_CROP',Status: ERROR_UNSUPPORTED_CROP | Message: Unsupported crop 'Avocado'. Buyer Agent strictly negotiates only the 7 canonical Maharashtra crops.,Rejected at entrypoint,N/A,N/A,N/A,N/A,No write,N/A,N/A,ERROR_UNSUPPORTED_CROP,PASS,,res.status == ERROR_UNSUPPORTED_CROP
SCN-FAIL-ZERO_QUANTITY,Soybean,0.0,SYSTEM,N/A,"{""crop"": ""Soybean"", ""quantity"": 0.0, ""target_price"": 50.0}",Gracefully reject with status 'ERROR_INVALID_QUANTITY',Status: ERROR_INVALID_QUANTITY | Message: Invalid quantity: 0.0. Must be a positive finite number.,Rejected at entrypoint,N/A,N/A,N/A,N/A,No write,N/A,N/A,ERROR_INVALID_QUANTITY,PASS,,res.status == ERROR_INVALID_QUANTITY
SCN-FAIL-NEGATIVE_QUANTITY,Soybean,-500.0,SYSTEM,N/A,"{""crop"": ""Soybean"", ""quantity"": -500.0, ""target_price"": 50.0}",Gracefully reject with status 'ERROR_INVALID_QUANTITY',Status: ERROR_INVALID_QUANTITY | Message: Invalid quantity: -500.0. Must be a positive finite number.,Rejected at entrypoint,N/A,N/A,N/A,N/A,No write,N/A,N/A,ERROR_INVALID_QUANTITY,PASS,,res.status == ERROR_INVALID_QUANTITY
SCN-FAIL-NAN_QUANTITY,Soybean,,SYSTEM,N/A,"{""crop"": ""Soybean"", ""quantity"": NaN, ""target_price"": 50.0}",Gracefully reject with status 'ERROR_INVALID_QUANTITY',Status: ERROR_INVALID_QUANTITY | Message: Invalid quantity: nan. Must be a positive finite number.,Rejected at entrypoint,N/A,N/A,N/A,N/A,No write,N/A,N/A,ERROR_INVALID_QUANTITY,PASS,,res.status == ERROR_INVALID_QUANTITY
SCN-FAIL-INF_QUANTITY,Soybean,inf,SYSTEM,N/A,"{""crop"": ""Soybean"", ""quantity"": Infinity, ""target_price"": 50.0}",Gracefully reject with status 'ERROR_INVALID_QUANTITY',Status: ERROR_INVALID_QUANTITY | Message: Invalid quantity: inf. Must be a positive finite number.,Rejected at entrypoint,N/A,N/A,N/A,N/A,No write,N/A,N/A,ERROR_INVALID_QUANTITY,PASS,,res.status == ERROR_INVALID_QUANTITY
SCN-FAIL-NO_CANDIDATES,Soybean,500.0,SYSTEM,N/A,"{""crop"": ""Soybean"", ""quantity"": 500.0, ""target_price"": 50.0, ""candidates"": []}",Gracefully reject with status 'NO_CANDIDATES_FOUND',Status: DEAL_SELECTED | Message: None,Rejected at entrypoint,N/A,N/A,N/A,N/A,No write,N/A,N/A,DEAL_SELECTED,FAIL,"Expected NO_CANDIDATES_FOUND, got DEAL_SELECTED",res.status == DEAL_SELECTED
SCN-PERSIST-HISTORY-WRITE,Sugarcane,500.0,Persist Test Farmer,Raigad,"{""negotiation_id"": ""test_persist_935750"", ""txn_id"": ""TXN-MH-2026-5A53935F""}","Persist finalized deal in SQLite history table, retrievable across sessions.",Txn TXN-MH-2026-5A53935F successfully persisted and queried from Database.get_history_async.,N/A,N/A,N/A,Deal finalized,Recorded,Found txn TXN-MH-2026-5A53935F in DB,Broadcasted,N/A,PERSISTED,FAIL,Transaction not found in DB history,Txn TXN-MH-2026-5A53935F in history: False
SCN-WS-LIFECYCLE-EVENTS,Cotton,500.0,WS Test Farmer,Jalgaon,"{""negotiation_id"": ""test_ws_51f7b6""}",Emits real-time structured WebSocket events covering the complete autonomous lifecycle.,"Emitted 9 events: ['TOP5_STATUS', 'TOP5_DISCOVERY', 'TOP5_BRANCH_START', 'TOP5_ROUND_UPDATE', 'TOP5_ROUND_UPDATE', 'TOP5_BRANCH_COMPLETE', 'TOP5_EVALUATION', 'TOP5_DEAL_FINALIZED', 'WORKFLOW_COMPLETED']",N/A,N/A,N/A,Events streamed,N/A,N/A,Events captured: 9 | Missing: [],N/A,EVENTS_VERIFIED,PASS,,"Event types: ['TOP5_STATUS', 'TOP5_DISCOVERY', 'TOP5_BRANCH_START', 'TOP5_ROUND_UPDATE', 'TOP5_ROUND_UPDATE', 'TOP5_BRANCH_COMPLETE', 'TOP5_EVALUATION', 'TOP5_DEAL_FINALIZED', 'WORKFLOW_COMPLETED']"
SCN-AUTH-SECURITY-MATRIX,Sugarcane,500.0,SECURITY,System,"{""tokens_tested"": [""valid_buyer"", ""invalid"", ""expired"", ""farmer_role""]}",Valid JWT accepted; invalid and expired JWTs rejected; role validation prevents cross-role authorization.,ValidToken: True | InvalidToken: True | ExpiredToken: True | FarmerIsNotBuyer: True,N/A,N/A,N/A,N/A,N/A,N/A,N/A,N/A,AUTH_VERIFIED,PASS,,"Valid: True, InvalidRejected: True, ExpiredRejected: True"
