date,crop,district,apmc,modal_price_kg,min_price_kg,max_price_kg,arrival_mt,year,month_name
2014-09,Bajra,Ahmadnagar,Ahmednagar,15.75,14.0,17.5,2.4,2014,September
2014-09,Bajra,Solapur,Akluj,15.64,15.17,15.64,0.9,2014,September
2014-09,Bajra,Ahmadnagar,Akole,16.5,14.67,17.33,2.5,2014,September
2014-09,Bajra,Jalgaon,Amalner,12.37,11.77,12.97,37.2,2014,September
2014-09,Bajra,Beed,Ambejogai,13.0,13.0,13.0,0.2,2014,September
2014-09,Bajra,Sangli,Atpadi,16.0,15.0,17.0,1.6,2014,September
2014-09,Bajra,Pune,Baramati,16.01,14.5,17.75,9.9,2014,September
2014-09,Bajra,Solapur,Barshi,15.0,13.0,16.0,0.7,2014,September
2014-09,Bajra,Beed,Beed,14.08,12.85,15.17,132.8,2014,September
2014-09,Bajra,Nanded,Bhokar,14.78,12.61,16.35,2.2,2014,September
2014-09,Bajra,Jalgaon,Chalisgaon,13.08,12.24,13.79,275.9,2014,September
2014-09,Bajra,Jalgaon,Chopda,13.4,12.3,13.53,42.0,2014,September
2014-09,Bajra,Nasik,Devala,14.53,13.04,15.55,64.8,2014,September
2014-09,Bajra,Dhule,Dhule,13.18,10.55,14.16,453.0,2014,September
2014-09,Bajra,Dhule,Dondaicha,13.16,11.73,13.62,41.1,2014,September
2014-09,Bajra,Solapur,Dudhani,11.06,10.68,11.15,4.8,2014,September
2014-09,Bajra,Aurangabad,Gangapur,13.42,12.85,14.19,49.1,2014,September
2014-09,Bajra,Beed,Gevrai,13.03,12.28,14.47,177.8,2014,September
2014-09,Bajra,Jalgaon,Jalgaon,14.06,14.0,14.48,42.1,2014,September
2014-09,Bajra,Jalna,Jalna,12.88,11.34,14.88,665.4,2014,September
2014-09,Bajra,Ahmadnagar,Jamkhed,14.0,13.02,14.98,41.0,2014,September
2014-09,Bajra,Beed,Kada,13.36,12.78,15.12,82.1,2014,September
2014-09,Bajra,Beed,Kada (Ashti),12.55,12.5,13.65,0.6,2014,September
2014-09,Bajra,Osmanabad,Kalamb (Os),12.38,11.61,12.65,4.6,2014,September
2014-09,Bajra,Aurangabad,Kannad,13.07,12.45,13.95,77.1,2014,September
2014-09,Bajra,Beed,Kej,13.59,13.42,14.92,3.5,2014,September
2014-09,Bajra,Buldhana,Khamgaon,12.0,12.0,12.0,0.6,2014,September
2014-09,Bajra,Beed,Kille Dharur,15.16,13.89,16.87,12.1,2014,September
2014-09,Bajra,Kolhapur,Kolhapur-Laxmipuri,16.83,16.2,17.53,12.6,2014,September
2014-09,Bajra,Ahmadnagar,Kopargaon,13.83,12.2,14.72,46.6,2014,September
2014-09,Bajra,Solapur,Kurdwadi,15.0,15.0,15.0,0.3,2014,September
2014-09,Bajra,Nasik,Lasalgaon,14.62,12.89,16.15,38.8,2014,September
2014-09,Bajra,Aurangabad,Lasur Station,13.38,11.61,14.74,532.9,2014,September
2014-09,Bajra,Latur,Latur,12.0,10.17,13.17,14.7,2014,September
2014-09,Bajra,Satara,Lonand,15.5,12.9,17.46,16.6,2014,September
2014-09,Bajra,Beed,Majalgaon,13.15,11.07,15.59,40.2,2014,September
2014-09,Bajra,Nasik,Malegaon,14.39,12.53,15.89,493.4,2014,September
2014-09,Bajra,Buldhana,Malkapur,15.0,15.0,15.0,0.1,2014,September
2014-09,Bajra,Solapur,Mangalwedha,13.28,13.23,13.62,1.2,2014,September
2014-09,Bajra,Nasik,Manmad,15.01,13.11,15.73,70.4,2014,September
2014-09,Bajra,Osmanabad,Murum,12.5,12.5,12.5,0.2,2014,September
2014-09,Bajra,Nasik,Nandgaon,14.81,12.34,16.1,140.2,2014,September
2014-09,Bajra,Nandurbar,Nandurbar,12.75,11.25,13.84,69.7,2014,September
2014-09,Bajra,Ahmadnagar,Newasa,13.1,12.98,13.25,3.7,2014,September
2014-09,Bajra,Beed,Parli-Vaijnath,14.53,13.91,14.53,3.0,2014,September
2014-09,Bajra,Ahmadnagar,Pathardi,13.19,12.54,14.29,44.3,2014,September
2014-09,Bajra,Satara,Phaltan,15.83,13.33,17.84,32.7,2014,September
2014-09,Bajra,Pune,Pune,19.32,18.15,20.53,50.1,2014,September
2014-09,Bajra,Ahmadnagar,Rahata,13.97,13.85,14.21,4.6,2014,September
2014-09,Bajra,Ahmadnagar,Rahuri,13.69,13.51,13.85,7.5,2014,September
2014-09,Bajra,Ahmadnagar,Rahuri-Vambori,14.82,12.62,16.11,43.4,2014,September
2014-09,Bajra,Jalgaon,Raver,15.75,15.75,15.75,0.1,2014,September
2014-09,Bajra,Dhule,Sakri,10.39,10.36,10.45,302.2,2014,September
2014-09,Bajra,Sangli,Sangali,15.57,13.21,17.93,242.2,2014,September
2014-09,Bajra,Ahmadnagar,Sangamner,14.69,13.5,16.13,20.0,2014,September
2014-09,Bajra,Nasik,Satana,14.21,12.74,15.15,72.3,2014,September
2014-09,Bajra,Nandurbar,Shahada,13.36,13.13,13.81,9.6,2014,September
2014-09,Bajra,Ahmadnagar,Shevgaon,12.17,10.68,12.68,91.8,2014,September
2014-09,Bajra,Ahmadnagar,Shevgaon-Bodhegaon,12.16,11.88,12.8,60.9,2014,September
2014-09,Bajra,Dhule,Shirpur,13.43,10.02,14.15,60.9,2014,September
2014-09,Bajra,Pune,Shirur,14.36,13.86,14.77,12.8,2014,September
2014-09,Bajra,Ahmadnagar,Shrirampur,14.47,13.4,15.2,29.8,2014,September
2014-09,Bajra,Nasik,Sinner,13.46,11.37,14.93,88.9,2014,September
2014-09,Bajra,Solapur,Solapur,14.0,14.0,14.25,2.3,2014,September
2014-09,Bajra,Osmanabad,Umarga,10.65,10.65,10.75,0.7,2014,September
2014-09,Bajra,Satara,Vaduj,14.75,14.0,15.63,9.6,2014,September
2014-09,Bajra,Aurangabad,Vaijapur,14.31,12.75,15.32,38.5,2014,September
2014-09,Bajra,Nasik,Yeola,13.53,12.72,14.43,43.7,2014,September
2014-09,Cotton,Sangli,Atpadi,43.67,41.0,46.33,10.9,2014,September
2014-09,Jowar,Gadchiroli,Aheri,10.0,10.0,10.0,1.0,2014,September
2014-09,Jowar,Ahmadnagar,Ahmednagar,21.0,16.0,26.01,4.2,2014,September
2014-09,Jowar,Hingoli,Akhadabalapur,15.5,15.0,16.0,3.9,2014,September
2014-09,Jowar,Solapur,Akluj,16.38,15.88,18.5,1.7,2014,September
2014-09,Jowar,Jalgaon,Amalner,14.52,13.43,15.61,91.5,2014,September
2014-09,Jowar,Amaravathi,Amarawati,16.13,14.75,17.88,1.6,2014,September
2014-09,Jowar,Beed,Ambejogai,16.82,15.07,19.17,12.3,2014,September
2014-09,Jowar,Amaravathi,Anajngaon Surji,14.37,13.27,15.31,13.2,2014,September
2014-09,Jowar,Sangli,Atpadi,19.0,17.0,21.0,26.8,2014,September
2014-09,Jowar,Latur,Ausa,13.72,12.77,15.14,93.4,2014,September
2014-09,Jowar,Pune,Baramati,20.88,18.0,23.9,114.6,2014,September
2014-09,Jowar,Solapur,Barshi,18.86,13.58,25.82,1727.2,2014,September
2014-09,Jowar,Solapur,Barshi-Vairag,17.26,11.63,20.61,167.8,2014,September
2014-09,Jowar,Hingoli,Basmat,15.0,15.0,15.0,0.5,2014,September
2014-09,Jowar,Beed,Beed,20.58,16.91,22.7,185.3,2014,September
2014-09,Jowar,Nanded,Bhokar,14.6,12.68,15.72,71.9,2014,September
2014-09,Jowar,Jalna,Bhokardan,12.26,12.19,12.37,28.1,2014,September
2014-09,Jowar,Jalna,Bhokardan-Pimpalgaon Renu,12.38,12.3,12.46,7.5,2014,September
2014-09,Jowar,Jalgaon,Bhusaval,11.27,10.88,11.48,10.3,2014,September
2014-09,Jowar,Jalgaon,Chalisgaon,14.02,11.4,14.86,202.2,2014,September
2014-09,Jowar,Buldhana,Chikhali,13.7,12.84,14.55,46.4,2014,September
2014-09,Jowar,Jalgaon,Chopda,15.7,13.82,16.29,20.0,2014,September
2014-09,Jowar,Nasik,Devala,24.94,22.97,25.29,1.4,2014,September
2014-09,Jowar,Dhule,Dhule,16.6,14.33,18.01,220.0,2014,September
2014-09,Jowar,Dhule,Dondaicha,16.78,14.74,17.66,35.5,2014,September
2014-09,Jowar,Solapur,Dudhani,14.19,12.28,17.87,286.1,2014,September
2014-09,Jowar,Aurangabad,Gangapur,16.14,14.2,18.06,56.2,2014,September
2014-09,Jowar,Beed,Gevrai,16.62,14.6,20.26,244.0,2014,September
2014-09,Jowar,Jalna,Ghansawangi,12.75,11.0,15.0,9.8,2014,September
2014-09,Jowar,Nanded,Hadgaon,16.0,16.0,17.67,4.7,2014,September
2014-09,Jowar,Jalgaon,Jalgaon,15.48,15.04,15.92,97.2,2014,September
2014-09,Jowar,Buldhana,Jalgaon Jamod,11.5,11.25,11.75,0.4,2014,September
2014-09,Jowar,Buldhana,Jalgaon Jamod-Aasalgaon,11.38,10.92,11.83,15.5,2014,September
2014-09,Jowar,Jalna,Jalna,18.27,11.47,26.1,2647.1,2014,September
2014-09,Jowar,Ahmadnagar,Jamkhed,24.64,18.67,30.62,1228.8,2014,September
2014-09,Jowar,Parbhani,Jintur,13.38,11.53,16.44,69.1,2014,September
2014-09,Jowar,Parbhani,Jintur-Bori,12.05,11.87,12.34,3.6,2014,September
2014-09,Jowar,Beed,Kada,22.23,15.36,27.61,146.2,2014,September
2014-09,Jowar,Beed,Kada (Ashti),24.33,21.67,27.33,17.6,2014,September
2014-09,Jowar,Osmanabad,Kalamb (Os),16.37,14.23,18.5,484.4,2014,September
2014-09,Jowar,Aurangabad,Kannad,14.68,13.51,15.4,6.2,2014,September
2014-09,Jowar,Wasim,Karanja,16.19,15.12,16.19,10.9,2014,September
2014-09,Jowar,Solapur,Karmala,26.0,16.23,32.22,487.0,2014,September
2014-09,Jowar,Beed,Kej,17.9,17.09,19.14,28.4,2014,September
2014-09,Jowar,Buldhana,Khamgaon,11.74,11.17,12.32,129.2,2014,September
2014-09,Jowar,Beed,Kille Dharur,17.45,15.66,20.15,43.5,2014,September
2014-09,Jowar,Kolhapur,Kolhapur-Laxmipuri,22.25,16.25,38.44,171.0,2014,September
2014-09,Jowar,Ahmadnagar,Kopargaon,14.16,13.96,14.16,3.8,2014,September
2014-09,Jowar,Satara,Koregaon,17.19,16.0,18.38,3.1,2014,September
2014-09,Jowar,Solapur,Kurdwadi,19.81,13.53,26.1,45.4,2014,September
2014-09,Jowar,Nasik,Lasalgaon,17.37,17.37,17.37,1.3,2014,September
2014-09,Jowar,Aurangabad,Lasur Station,14.93,11.86,19.14,272.0,2014,September
2014-09,Jowar,Latur,Latur,12.12,11.83,12.39,39.6,2014,September
2014-09,Jowar,Nanded,Loha,13.06,13.06,32.86,11.1,2014,September
2014-09,Jowar,Satara,Lonand,16.38,15.5,17.38,26.9,2014,September
2014-09,Jowar,Buldhana,Lonar,13.0,12.1,13.9,169.8,2014,September
2014-09,Jowar,Beed,Majalgaon,16.55,11.26,24.7,224.3,2014,September
2014-09,Jowar,Nasik,Malegaon,17.4,15.65,18.88,7.2,2014,September
2014-09,Jowar,Buldhana,Malkapur,12.02,11.77,12.92,113.0,2014,September
2014-09,Jowar,Solapur,Mangalwedha,20.5,16.32,23.96,215.4,2014,September
2014-09,Jowar,Wasim,Mangrulpeer,13.25,13.25,13.25,0.5,2014,September
2014-09,Jowar,Jalna,Mantha,15.47,11.33,18.67,35.2,2014,September
2014-09,Jowar,Solapur,Mohol,21.53,15.6,23.57,31.3,2014,September
2014-09,Jowar,Amaravathi,Morshi,14.5,14.0,15.0,4.9,2014,September
2014-09,Jowar,Osmanabad,Murum,19.0,19.0,19.0,0.1,2014,September
2014-09,Jowar,Nanded,Naigaon,10.0,10.0,10.5,0.2,2014,September
2014-09,Jowar,Nanded,Nanded,12.3,12.3,12.5,2.6,2014,September
2014-09,Jowar,Buldhana,Nandura,12.4,11.27,13.3,51.7,2014,September
2014-09,Jowar,Nandurbar,Nandurbar,15.24,13.49,16.55,87.3,2014,September
2014-09,Jowar,Ahmadnagar,Newasa,15.4,15.4,15.4,0.6,2014,September
2014-09,Jowar,Latur,Nilanga,11.04,10.78,11.41,18.0,2014,September
2014-09,Jowar,Solapur,Pandharpur,18.64,18.64,20.35,2.3,2014,September
2014-09,Jowar,Beed,Parli-Vaijnath,12.35,11.9,12.85,84.4,2014,September
2014-09,Jowar,Jalna,Partur,18.6,14.94,28.14,98.3,2014,September
2014-09,Jowar,Ahmadnagar,Pathardi,14.43,12.62,16.68,529.5,2014,September
2014-09,Jowar,Parbhani,Pathari,16.0,15.0,24.0,1.0,2014,September
2014-09,Jowar,Akola,Patur,15.9,14.25,18.15,2.8,2014,September
2014-09,Jowar,Satara,Phaltan,19.0,15.65,24.32,169.8,2014,September
2014-09,Jowar,Pune,Pune,27.02,25.35,28.72,733.6,2014,September
2014-09,Jowar,Parbhani,Purna,11.15,11.15,12.16,1.6,2014,September
2014-09,Jowar,Ahmadnagar,Rahata,13.82,13.81,14.4,4.5,2014,September
2014-09,Jowar,Ahmadnagar,Rahuri,16.33,15.9,16.55,2.1,2014,September
2014-09,Jowar,Ahmadnagar,Rahuri-Vambori,17.73,16.11,19.35,17.8,2014,September
2014-09,Jowar,Jalgaon,Raver,15.2,12.3,15.42,8.0,2014,September
2014-09,Jowar,Parbhani,Sailu,11.59,11.56,14.16,49.9,2014,September
2014-09,Jowar,Sangli,Sangali,22.24,16.2,28.27,895.1,2014,September
2014-09,Jowar,Ahmadnagar,Sangamner,16.75,15.33,18.5,7.1,2014,September
2014-09,Jowar,Nasik,Satana,25.01,25.01,25.01,0.9,2014,September
2014-09,Jowar,Nandurbar,Shahada,17.87,17.62,18.63,4.7,2014,September
2014-09,Jowar,Buldhana,Shegaon,11.77,11.32,12.05,27.2,2014,September
2014-09,Jowar,Ahmadnagar,Shevgaon,16.37,14.74,18.15,124.8,2014,September
2014-09,Jowar,Ahmadnagar,Shevgaon-Bodhegaon,16.97,15.41,18.39,85.5,2014,September
2014-09,Jowar,Dhule,Shirpur,16.23,13.58,18.14,114.4,2014,September
2014-09,Jowar,Pune,Shirur,16.33,15.49,16.87,18.4,2014,September
2014-09,Jowar,Ahmadnagar,Shrirampur,18.01,15.44,19.18,53.3,2014,September
2014-09,Jowar,Nasik,Sinner,16.09,13.6,18.65,16.3,2014,September
2014-09,Jowar,Solapur,Solapur,21.19,16.81,25.26,319.0,2014,September
2014-09,Jowar,Parbhani,Sonpeth,16.73,16.48,19.68,2.6,2014,September
2014-09,Jowar,Parbhani,Tadkalas,15.2,15.2,15.2,0.2,2014,September
2014-09,Jowar,Akola,Telhara,9.95,9.44,10.62,16.5,2014,September
2014-09,Jowar,Osmanabad,Tuljapur,11.9,11.55,12.26,73.6,2014,September
2014-09,Jowar,Latur,Udgir,10.15,9.5,10.8,1.1,2014,September
2014-09,Jowar,Nagpur,Umared,17.75,17.75,17.75,0.4,2014,September
2014-09,Jowar,Osmanabad,Umarga,13.24,12.54,13.36,84.5,2014,September
2014-09,Jowar,Satara,Vaduj,22.19,21.63,22.75,208.0,2014,September
2014-09,Jowar,Aurangabad,Vaijapur,15.03,12.5,16.09,5.4,2014,September
2014-09,Jowar,Wasim,Washim,12.13,11.33,12.81,10.1,2014,September
2014-09,Onion,Solapur,Akluj,16.21,12.0,19.36,252.1,2014,September
2014-09,Onion,Ahmadnagar,Akole,12.5,2.0,22.22,1336.6,2014,September
2014-09,Onion,Aurangabad,Aurangabad,8.64,3.16,14.12,486.9,2014,September
2014-09,Onion,Pune,Baramati,17.5,8.5,21.0,45.2,2014,September
2014-09,Onion,Solapur,Barshi,12.5,1.5,17.76,132.1,2014,September
2014-09,Onion,Thane,Bhivandi,20.24,15.26,25.19,6.9,2014,September
2014-09,Onion,Chandrapur,Chandrapur-Ganjwad,18.09,15.73,21.27,290.3,2014,September
2014-09,Onion,Nasik,Chandvad,12.09,1.77,16.18,5672.0,2014,September
2014-09,Onion,Nasik,Devala,13.25,5.97,15.85,7291.4,2014,September
2014-09,Onion,Dhule,Dhule,11.74,2.14,14.18,5864.4,2014,September
2014-09,Onion,Nasik,Dindori,13.88,11.0,19.38,3044.1,2014,September
2014-09,Onion,Nasik,Dindori-Vani,13.08,9.42,17.91,5865.0,2014,September
2014-09,Onion,Aurangabad,Gangapur,9.83,4.28,20.11,395.1,2014,September
2014-09,Onion,Jalgaon,Jalgaon,11.35,7.38,14.5,335.0,2014,September
2014-09,Onion,Ahmadnagar,Jamkhed,9.86,2.17,17.56,61.6,2014,September
2014-09,Onion,Pune,Junnar,14.07,10.29,17.93,3244.1,2014,September
2014-09,Onion,Pune,Junnar (Alephata),17.75,13.75,21.53,2063.0,2014,September
2014-09,Onion,Beed,Kada,18.0,4.67,20.75,105.0,2014,September
2014-09,Onion,Thane,Kalyan,10.38,8.5,12.25,1.2,2014,September
2014-09,Onion,Nagpur,Kamthi,16.38,11.33,21.43,6.1,2014,September
2014-09,Onion,Satara,Karad,17.58,13.75,21.5,132.9,2014,September
2014-09,Onion,Kolhapur,Kolhapur,14.91,5.0,21.73,5810.3,2014,September
2014-09,Onion,Ahmadnagar,Kopargaon,14.25,3.83,19.79,3039.1,2014,September
2014-09,Onion,Satara,Koregaon,13.67,10.0,17.33,11.3,2014,September
2014-09,Onion,Solapur,Kurdwadi,11.37,5.67,17.08,7.4,2014,September
2014-09,Onion,Nasik,Lasalgaon,13.6,3.23,19.43,30562.0,2014,September
2014-09,Onion,Aurangabad,Lasur Station,12.08,1.71,19.17,2664.1,2014,September
2014-09,Onion,Satara,Lonand,13.72,7.22,16.13,322.7,2014,September
2014-09,Onion,Nasik,Malegaon,11.06,3.89,13.64,9824.6,2014,September
2014-09,Onion,Buldhana,Malkapur,11.98,7.69,14.9,73.6,2014,September
2014-09,Onion,Pune,Manchar,12.0,4.0,20.0,246.2,2014,September
2014-09,Onion,Nasik,Manmad,13.51,3.56,17.08,11433.7,2014,September
2014-09,Onion,Mumbai,Mumbai,15.52,12.13,18.92,19994.0,2014,September
2014-09,Onion,Nagpur,Nagpur,14.17,10.55,17.79,8168.8,2014,September
2014-09,Onion,Nasik,Nandgaon,13.38,5.25,17.87,5049.0,2014,September
2014-09,Onion,Nasik,Nashik,13.81,2.38,17.16,2266.6,2014,September
2014-09,Onion,Ahmadnagar,Newasa-Ghodegaon,17.69,2.31,21.31,18561.1,2014,September
2014-09,Onion,Solapur,Pandharpur,16.97,4.24,20.77,106.6,2014,September
2014-09,Onion,Ahmadnagar,Parner,11.84,4.5,19.18,1832.4,2014,September
2014-09,Onion,Ahmadnagar,Pathardi,13.08,2.08,17.23,337.0,2014,September
2014-09,Onion,Satara,Phaltan,13.0,4.0,17.92,801.3,2014,September
2014-09,Onion,Nasik,Pimpalgaon (B)-Saykheda,11.88,4.97,16.35,10392.9,2014,September
2014-09,Onion,Nasik,Pimpalgaon Basawant,12.95,6.58,19.24,30868.4,2014,September
2014-09,Onion,Pune,Pune,13.69,7.38,19.79,22926.7,2014,September
2014-09,Onion,Pune,Pune-Pimpri,14.26,13.43,15.09,9.0,2014,September
2014-09,Onion,Ahmadnagar,Rahata,14.05,4.4,20.7,7388.3,2014,September
2014-09,Onion,Ahmadnagar,Rahuri,11.48,1.69,20.85,18029.1,2014,September
2014-09,Onion,Ahmadnagar,Rahuri-Vambori,10.64,1.36,19.91,4797.2,2014,September
2014-09,Onion,Nagpur,Ramtek,0.2,0.17,0.23,185.9,2014,September
2014-09,Onion,Ahmadnagar,Sangamner,13.7,5.0,22.39,3191.0,2014,September
2014-09,Onion,Nasik,Satana,14.95,9.95,18.73,3522.0,2014,September
2014-09,Onion,Satara,Satara,15.69,13.5,17.88,215.9,2014,September
2014-09,Onion,Dhule,Shirpur,11.24,2.74,12.86,191.4,2014,September
2014-09,Onion,Ahmadnagar,Shrirampur,14.96,2.58,20.0,11032.6,2014,September
2014-09,Onion,Nasik,Sinner,11.67,1.18,17.41,11285.7,2014,September
2014-09,Onion,Solapur,Solapur,11.92,1.03,23.84,11933.0,2014,September
2014-09,Onion,Kolhapur,Vadgaon Peth,20.0,15.0,25.0,14.0,2014,September
2014-09,Onion,Aurangabad,Vaijapur,10.98,2.11,21.42,3569.1,2014,September
2014-09,Onion,Thane,Vasai,20.0,18.0,22.0,12.2,2014,September
2014-09,Onion,Sangli,Vita,15.0,12.0,17.0,3.5,2014,September
2014-09,Onion,Nasik,Yeola,12.08,2.7,17.32,13459.4,2014,September
2014-09,Rice,Gondiya,Aamgaon,17.44,16.45,18.43,277.9,2014,September
2014-09,Rice,Amaravathi,Achalpur,17.25,17.0,17.5,0.5,2014,September
2014-09,Rice,Gadchiroli,Aheri,15.75,15.75,15.75,4.0,2014,September
2014-09,Rice,Ahmadnagar,Akole,16.81,14.5,19.0,11.9,2014,September
2014-09,Rice,Raigad,Alibag,16.03,15.0,17.0,87.0,2014,September
2014-09,Rice,Gondiya,Arjuni Morgaon,19.59,19.11,20.05,339.4,2014,September
2014-09,Rice,Gadchiroli,Armori,20.73,20.26,21.09,243.2,2014,September
2014-09,Rice,Gadchiroli,Armori-Desaiganj,18.71,17.0,19.53,3342.4,2014,September
2014-09,Rice,Latur,Ausa,9.86,8.51,11.06,1.1,2014,September
2014-09,Rice,Solapur,Barshi,16.32,14.94,16.63,25.7,2014,September
2014-09,Rice,Bhandara,Bhandara,36.13,35.27,36.97,447.0,2014,September
2014-09,Rice,Thane,Bhivandi,19.5,14.13,24.08,84.9,2014,September
2014-09,Rice,Nagpur,Bhiwapur,27.27,25.83,28.68,52.5,2014,September
2014-09,Rice,Chandrapur,Brahmpuri,27.08,26.6,27.55,237.8,2014,September
2014-09,Rice,Chandrapur,Chimur,21.26,19.96,21.71,52.5,2014,September
2014-09,Rice,Gadchiroli,Gadchiroli,21.51,20.4,22.1,675.2,2014,September
2014-09,Rice,Nasik,Ghoti,31.5615,31.5615,31.5615,19.5,2014,September
2014-09,Rice,Chandrapur,Gondpimpri,20.81,20.48,21.21,43.1,2014,September
2014-09,Rice,Raigad,Karjat (Raigad),26.0995,17.9163,35.5233,452.0,2014,September
2014-09,Rice,Kolhapur,Kolhapur-Laxmipuri,23.9122,17.76,37.2051,512.5,2014,September
2014-09,Rice,Raigad,Mangaon(Bhadav),27.4689,16.0986,32.2559,10.6,2014,September
2014-09,Rice,Chandrapur,Mul,23.97,22.07,25.84,2369.3,2014,September
2014-09,Rice,Mumbai,Mumbai,79.07,58.0,99.24,39242.8,2014,September
2014-09,Rice,Thane,Murbad,16.0,16.0,18.67,15.4,2014,September
2014-09,Rice,Chandrapur,Nagbhid,23.78,22.57,25.0,1590.2,2014,September
2014-09,Rice,Nagpur,Nagpur,36.92,35.57,38.28,388.4,2014,September
2014-09,Rice,Nandurbar,Nandurbar,18.88,18.88,18.88,2.0,2014,September
2014-09,Rice,Bhandara,Pavani,23.77,22.9,24.16,91.3,2014,September
2014-09,Rice,Raigad,Pen,21.2859,19.7447,27.3518,10.2,2014,September
2014-09,Rice,Pune,Pune,58.91,52.45,65.28,2976.4,2014,September
2014-09,Rice,Raigad,Roha,13.5,13.0,14.0,2.5,2014,September
2014-09,Rice,Sangli,Sangali,37.0,18.0,56.0,310.5,2014,September
2014-09,Rice,Nasik,Satana,15.41,15.41,15.41,0.6,2014,September
2014-09,Rice,Chandrapur,Savali,25.5,25.0,26.0,283.8,2014,September
2014-09,Rice,Thane,Shahapur,14.88,14.15,15.21,4.9,2014,September
2014-09,Rice,Chandrapur,Sindevahi,26.28,25.78,26.78,167.3,2014,September
2014-09,Rice,Nasik,Sinner,14.76,14.76,14.76,0.3,2014,September
2014-09,Rice,Solapur,Solapur,38.34,21.6,57.32,2447.9,2014,September
2014-09,Rice,Gondiya,Tiroda,21.02,20.35,21.72,911.1,2014,September
2014-09,Rice,Osmanabad,Tuljapur,8.31,8.25,8.37,2.8,2014,September
2014-09,Rice,Bhandara,Tumsar,21.4277,20.706,22.1572,1556.9,2014,September
2014-09,Rice,Nagpur,Umared,32.31,20.0,44.63,401.7,2014,September
2014-09,Rice,Osmanabad,Umarga,11.63,8.76,12.25,0.6,2014,September
2014-09,Rice,Thane,Vasai,21.2542,15.8644,35.2881,59.0,2014,September
2014-09,Soybean,Yewatmal,Aarni,32.7,30.0,34.5,16.5,2014,September
2014-09,Soybean,Amaravathi,Achalpur,29.9,27.0,32.79,27.0,2014,September
2014-09,Soybean,Hingoli,Akhadabalapur,36.77,36.27,37.55,31.1,2014,September
2014-09,Soybean,Ahmadnagar,Akole,31.0,30.0,32.0,3.5,2014,September
2014-09,Soybean,Amaravathi,Amarawati,31.03,30.25,32.43,1.6,2014,September
2014-09,Soybean,Beed,Ambejogai,32.27,30.05,33.92,120.9,2014,September
2014-09,Soybean,Amaravathi,Anajngaon Surji,31.11,30.22,32.11,54.0,2014,September
2014-09,Soybean,Latur,Ausa,32.99,31.67,33.42,23.0,2014,September
2014-09,Soybean,Pune,Baramati,31.5,20.0,31.5,1.0,2014,September
2014-09,Soybean,Solapur,Barshi-Vairag,31.85,30.67,31.93,5.5,2014,September
2014-09,Soybean,Beed,Beed,32.25,32.0,32.35,2.3,2014,September
2014-09,Soybean,Bhandara,Bhandara,35.4,35.0,36.5,6.0,2014,September
2014-09,Soybean,Nanded,Bhokar,35.19,34.55,35.86,4.4,2014,September
2014-09,Soybean,Buldhana,Buldhana,31.33,29.76,33.28,15.0,2014,September
2014-09,Soybean,Jalgaon,Chalisgaon,30.33,25.0,32.17,2.7,2014,September
2014-09,Soybean,Buldhana,Chikhali,31.43,31.43,47.61,127.5,2014,September
2014-09,Soybean,Jalgaon,Chopda,30.0,27.33,30.0,0.5,2014,September
2014-09,Soybean,Amaravathi,Daryapur,30.62,25.0,31.0,9.6,2014,September
2014-09,Soybean,Amaravathi,Dhamangaon-Rly,32.5,30.72,35.12,142.2,2014,September
2014-09,Soybean,Dhule,Dhule,28.84,25.36,29.56,13.5,2014,September
2014-09,Soybean,Yewatmal,Digras,11.7,11.7,31.76,6.3,2014,September
2014-09,Soybean,Aurangabad,Gangapur,30.0,29.5,33.2,0.1,2014,September
2014-09,Soybean,Beed,Gevrai,29.18,27.77,57.27,1.6,2014,September
2014-09,Soybean,Nanded,Hadgaon,36.0,36.0,37.5,4.8,2014,September
2014-09,Soybean,Wardha,Hinganghat,31.81,28.78,34.84,1351.9,2014,September
2014-09,Soybean,Hingoli,Hingoli,32.87,31.86,33.89,280.4,2014,September
2014-09,Soybean,Buldhana,Jalgaon Jamod,31.5,31.0,32.0,1.9,2014,September
2014-09,Soybean,Buldhana,Jalgaon Jamod-Aasalgaon,31.86,30.57,33.14,15.8,2014,September
2014-09,Soybean,Jalna,Jalna,31.53,30.41,31.99,64.4,2014,September
2014-09,Soybean,Ahmadnagar,Jamkhed,30.8,28.8,32.8,15.5,2014,September
2014-09,Soybean,Parbhani,Jintur,31.59,31.04,31.89,12.6,2014,September
2014-09,Soybean,Parbhani,Jintur-Bori,31.58,29.87,32.17,1.3,2014,September
2014-09,Soybean,Beed,Kada,30.13,29.63,30.3,2.5,2014,September
2014-09,Soybean,Beed,Kada (Ashti),27.01,27.01,27.01,0.1,2014,September
2014-09,Soybean,Osmanabad,Kalamb (Os),32.65,30.41,33.2,24.6,2014,September
2014-09,Soybean,Hingoli,Kalamnuri,40.0,40.0,40.0,10.0,2014,September
2014-09,Soybean,Wasim,Karanja,31.69,29.44,33.53,844.5,2014,September
2014-09,Soybean,Buldhana,Khamgaon,32.0,29.9,34.1,1605.9,2014,September
2014-09,Soybean,Beed,Kille Dharur,31.89,30.24,32.78,8.0,2014,September
2014-09,Soybean,Ahmadnagar,Kopargaon,31.38,29.54,32.47,21.6,2014,September
2014-09,Soybean,Nasik,Lasalgaon,34.31,19.54,35.07,92.5,2014,September
2014-09,Soybean,Aurangabad,Lasur Station,30.12,29.72,30.12,0.7,2014,September
2014-09,Soybean,Latur,Latur,35.2,31.27,36.58,1125.6,2014,September
2014-09,Soybean,Buldhana,Lonar,32.45,31.37,33.56,295.5,2014,September
2014-09,Soybean,Beed,Majalgaon,32.42,32.23,33.27,1.0,2014,September
2014-09,Soybean,Nasik,Malegaon,33.09,33.08,33.14,3.3,2014,September
2014-09,Soybean,Buldhana,Malkapur,32.37,28.36,33.31,114.5,2014,September
2014-09,Soybean,Nagpur,Mandhal,29.8,28.93,31.06,22.2,2014,September
2014-09,Soybean,Wasim,Mangrulpeer,31.23,28.43,33.09,152.9,2014,September
2014-09,Soybean,Wasim,Manora,32.25,30.43,34.14,52.2,2014,September
2014-09,Soybean,Jalna,Mantha,30.0,29.33,30.67,2.8,2014,September
2014-09,Soybean,Amaravathi,Morshi,31.12,30.01,32.22,238.9,2014,September
2014-09,Soybean,Akola,Murtizapur,31.82,30.32,33.3,362.0,2014,September
2014-09,Soybean,Nagpur,Nagpur,31.05,28.81,33.51,136.8,2014,September
2014-09,Soybean,Buldhana,Nandura,31.71,29.46,33.42,78.6,2014,September
2014-09,Soybean,Nandurbar,Nandurbar,33.13,32.5,33.75,0.6,2014,September
2014-09,Soybean,Yewatmal,Ner Parasopant,33.51,32.55,34.49,75.4,2014,September
2014-09,Soybean,Latur,Nilanga,34.31,31.89,35.08,9.1,2014,September
2014-09,Soybean,Parbhani,Parbhani,32.26,31.52,32.88,39.0,2014,September
2014-09,Soybean,Beed,Parli-Vaijnath,32.11,31.19,34.43,66.1,2014,September
2014-09,Soybean,Akola,Patur,30.93,28.67,32.0,2.2,2014,September
2014-09,Soybean,Parbhani,Purna,31.72,30.9,32.17,2.0,2014,September
2014-09,Soybean,Ahmadnagar,Rahata,33.0,33.0,33.0,0.1,2014,September
2014-09,Soybean,Ahmadnagar,Rahuri-Vambori,32.07,31.48,32.67,23.3,2014,September
2014-09,Soybean,Chandrapur,Rajura,33.39,33.39,33.39,32.0,2014,September
2014-09,Soybean,Sangli,Sangali,31.62,27.5,35.54,1392.6,2014,September
2014-09,Soybean,Ahmadnagar,Sangamner,35.0,35.0,35.0,0.9,2014,September
2014-09,Soybean,Nasik,Satana,33.49,33.49,33.49,1.8,2014,September
2014-09,Soybean,Nagpur,Savner,28.26,26.87,29.66,13.7,2014,September
2014-09,Soybean,Buldhana,Shegaon,30.33,28.93,30.99,15.9,2014,September
2014-09,Soybean,Dhule,Shirpur,29.0,26.5,29.0,0.3,2014,September
2014-09,Soybean,Ahmadnagar,Shrirampur,31.88,31.88,31.88,0.5,2014,September
2014-09,Soybean,Nasik,Sinner,33.49,30.89,34.05,6.0,2014,September
2014-09,Soybean,Parbhani,Sonpeth,32.5,30.3,33.06,2.8,2014,September
2014-09,Soybean,Parbhani,Tadkalas,18.01,18.0,18.01,0.4,2014,September
2014-09,Soybean,Sangli,Tasgaon,30.66,29.7,31.8,64.0,2014,September
2014-09,Soybean,Akola,Telhara,31.5,31.02,32.21,56.5,2014,September
2014-09,Soybean,Osmanabad,Tuljapur,32.85,32.85,32.85,0.3,2014,September
2014-09,Soybean,Latur,Udgir,34.44,34.05,34.84,282.2,2014,September
2014-09,Soybean,Nagpur,Umared,30.63,29.88,31.69,102.8,2014,September
2014-09,Soybean,Osmanabad,Umarga,32.35,30.26,33.17,5.2,2014,September
2014-09,Soybean,Yewatmal,Umarkhed,33.0,30.0,35.0,10.0,2014,September
2014-09,Soybean,Yewatmal,Umarkhed-Danki,33.0,30.0,35.0,10.0,2014,September
2014-09,Soybean,Yewatmal,Vani,30.7,30.44,31.2,2.8,2014,September
2014-09,Soybean,Amaravathi,Varud-Rajura Bazar,32.4,31.13,33.37,2.1,2014,September
2014-09,Soybean,Wardha,Wardha,30.63,29.54,31.76,54.0,2014,September
2014-09,Soybean,Wasim,Washim,32.78,31.17,34.71,1400.3,2014,September
2014-09,Soybean,Yewatmal,Yeotmal,32.25,30.63,33.79,216.2,2014,September
2014-10,Bajra,Amaravathi,Achalpur,17.25,17.25,17.25,0.1,2014,October
2014-10,Bajra,Latur,Ahmedpur,11.11,11.11,11.11,0.7,2014,October
2014-10,Bajra,Solapur,Akkolkot,14.08,13.7,14.29,26.2,2014,October
2014-10,Bajra,Solapur,Akluj,16.38,15.26,16.38,3.7,2014,October
2014-10,Bajra,Ahmadnagar,Akole,15.6,13.9,17.0,3.0,2014,October
2014-10,Bajra,Jalgaon,Amalner,11.84,10.78,12.92,97.4,2014,October
2014-10,Bajra,Beed,Ambejogai,15.46,15.06,15.96,1.0,2014,October
2014-10,Bajra,Sangli,Atpadi,17.0,15.0,19.0,0.6,2014,October
2014-10,Bajra,Latur,Ausa,15.51,15.51,15.51,0.1,2014,October
2014-10,Bajra,Pune,Baramati,16.26,14.5,18.0,62.2,2014,October
2014-10,Bajra,Solapur,Barshi,16.11,16.11,17.5,0.7,2014,October
2014-10,Bajra,Beed,Beed,15.98,13.3,16.93,492.2,2014,October
2014-10,Bajra,Jalgaon,Bhusaval,12.5,12.5,12.5,0.4,2014,October
2014-10,Bajra,Jalgaon,Chalisgaon,12.83,12.08,13.38,115.5,2014,October
2014-10,Bajra,Jalgaon,Chopda,12.86,11.99,13.13,81.4,2014,October
2014-10,Bajra,Nasik,Devala,13.76,12.83,14.97,79.0,2014,October
2014-10,Bajra,Dhule,Dhule,13.79,10.04,15.12,396.4,2014,October
2014-10,Bajra,Dhule,Dondaicha,13.82,12.81,14.53,106.7,2014,October
2014-10,Bajra,Solapur,Dudhani,13.75,10.95,15.05,595.0,2014,October
2014-10,Bajra,Aurangabad,Gangapur,13.35,12.45,14.4,47.7,2014,October
2014-10,Bajra,Beed,Gevrai,13.36,11.97,14.95,355.8,2014,October
2014-10,Bajra,Jalna,Ghansawangi,13.5,11.5,14.5,19.8,2014,October
2014-10,Bajra,Jalgaon,Jalgaon,13.5,12.98,13.66,26.3,2014,October
2014-10,Bajra,Jalna,Jalna,14.15,11.08,16.1,809.9,2014,October
2014-10,Bajra,Jalna,Jalna-Badnapur,13.0,10.5,13.5,1.4,2014,October
2014-10,Bajra,Ahmadnagar,Jamkhed,14.16,13.29,15.03,255.4,2014,October
2014-10,Bajra,Beed,Kada,14.58,12.34,16.38,113.8,2014,October
2014-10,Bajra,Osmanabad,Kalamb (Os),13.74,13.47,13.74,6.0,2014,October
2014-10,Bajra,Nasik,Kalvan,12.36,10.56,13.68,61.8,2014,October
2014-10,Bajra,Aurangabad,Kannad,13.06,12.5,13.67,20.8,2014,October
2014-10,Bajra,Beed,Kej,14.48,14.48,14.74,0.5,2014,October
2014-10,Bajra,Buldhana,Khamgaon,13.3,12.66,13.94,165.3,2014,October
2014-10,Bajra,Beed,Kille Dharur,16.09,13.39,18.3,61.4,2014,October
2014-10,Bajra,Kolhapur,Kolhapur-Laxmipuri,18.0,17.0,19.0,1.0,2014,October
2014-10,Bajra,Ahmadnagar,Kopargaon,13.63,12.04,14.51,64.4,2014,October
2014-10,Bajra,Solapur,Kurdwadi,15.41,15.41,15.41,0.7,2014,October
2014-10,Bajra,Nasik,Lasalgaon,13.79,11.18,14.47,50.9,2014,October
2014-10,Bajra,Aurangabad,Lasur Station,14.29,11.26,16.0,205.1,2014,October
2014-10,Bajra,Satara,Lonand,14.38,12.63,17.38,20.8,2014,October
2014-10,Bajra,Beed,Majalgaon,14.81,10.6,16.69,180.1,2014,October
2014-10,Bajra,Nasik,Malegaon,14.19,12.51,15.61,367.1,2014,October
2014-10,Bajra,Buldhana,Malkapur,12.55,11.0,13.0,3.4,2014,October
2014-10,Bajra,Solapur,Mangalwedha,15.19,14.13,15.34,9.8,2014,October
2014-10,Bajra,Nasik,Manmad,14.32,11.14,15.32,124.3,2014,October
2014-10,Bajra,Osmanabad,Murum,14.32,14.04,28.09,13.4,2014,October
2014-10,Bajra,Nasik,Nandgaon,13.62,11.17,14.26,77.9,2014,October
2014-10,Bajra,Buldhana,Nandura,13.37,12.37,14.2,105.1,2014,October
2014-10,Bajra,Nandurbar,Nandurbar,13.28,10.73,15.05,100.7,2014,October
2014-10,Bajra,Ahmadnagar,Newasa,13.3,13.2,13.5,3.0,2014,October
2014-10,Bajra,Beed,Parli-Vaijnath,16.61,16.41,16.98,11.0,2014,October
2014-10,Bajra,Ahmadnagar,Pathardi,14.29,12.86,15.48,63.8,2014,October
2014-10,Bajra,Parbhani,Pathari,8.05,8.05,26.7,9.5,2014,October
2014-10,Bajra,Satara,Phaltan,15.5,13.5,17.67,38.9,2014,October
2014-10,Bajra,Pune,Pune,26.69,21.42,31.96,109.5,2014,October
2014-10,Bajra,Yewatmal,Pusad,16.2,14.52,17.97,5.2,2014,October
2014-10,Bajra,Ahmadnagar,Rahata,13.95,13.6,14.19,3.1,2014,October
2014-10,Bajra,Ahmadnagar,Rahuri,13.67,13.52,13.82,4.9,2014,October
2014-10,Bajra,Ahmadnagar,Rahuri-Vambori,14.93,13.69,15.89,36.5,2014,October
2014-10,Bajra,Parbhani,Sailu,16.0,16.0,16.0,0.3,2014,October
2014-10,Bajra,Dhule,Sakri,11.55,11.32,11.73,1.3,2014,October
2014-10,Bajra,Sangli,Sangali,15.55,13.33,17.77,247.3,2014,October
2014-10,Bajra,Ahmadnagar,Sangamner,14.13,13.0,14.75,8.0,2014,October
2014-10,Bajra,Nasik,Satana,14.14,10.99,15.55,179.3,2014,October
2014-10,Bajra,Nandurbar,Shahada,12.22,12.12,12.94,8.1,2014,October
2014-10,Bajra,Ahmadnagar,Shevgaon,12.71,11.24,13.48,49.7,2014,October
2014-10,Bajra,Ahmadnagar,Shevgaon-Bodhegaon,12.37,11.8,12.81,132.4,2014,October
2014-10,Bajra,Dhule,Shirpur,12.96,9.35,14.29,421.4,2014,October
2014-10,Bajra,Pune,Shirur,13.9,13.53,14.31,10.4,2014,October
2014-10,Bajra,Ahmadnagar,Shrirampur,13.78,12.95,14.38,18.5,2014,October
2014-10,Bajra,Nasik,Sinner,12.52,10.26,14.39,69.9,2014,October
2014-10,Bajra,Solapur,Solapur,13.13,12.02,14.64,20.9,2014,October
2014-10,Bajra,Parbhani,Sonpeth,14.26,14.26,14.26,0.1,2014,October
2014-10,Bajra,Osmanabad,Tuljapur,12.51,12.51,12.51,0.4,2014,October
2014-10,Bajra,Osmanabad,Umarga,12.28,11.83,13.19,14.8,2014,October
2014-10,Bajra,Satara,Vaduj,14.34,13.88,14.81,13.5,2014,October
2014-10,Bajra,Aurangabad,Vaijapur,13.38,11.17,14.85,69.0,2014,October
2014-10,Bajra,Thane,Vasai,16.0,14.5,19.5,2.8,2014,October
2014-10,Bajra,Nasik,Yeola,13.14,12.45,14.7,38.6,2014,October
2014-10,Cotton,Wardha,Arvi,38.02,37.4,38.4,73.0,2014,October
2014-10,Cotton,Sangli,Atpadi,45.0,42.0,48.0,0.7,2014,October
2014-10,Cotton,Nagpur,Bhiwapur,36.5,35.0,38.0,15.0,2014,October
2014-10,Cotton,Nanded,Bhokar,39.56,39.56,39.89,668.4,2014,October
2014-10,Cotton,Yewatmal,Darwha,36.75,35.0,38.5,21.7,2014,October
2014-10,Cotton,Amaravathi,Daryapur,40.25,40.0,40.5,20.0,2014,October
2014-10,Cotton,Buldhana,Deulgaon Raja,39.27,39.04,40.44,213.2,2014,October
2014-10,Cotton,Beed,Gevrai,39.12,38.2,40.05,194.5,2014,October
2014-10,Cotton,Jalna,Ghansawangi,38.5,37.25,39.25,14.9,2014,October
2014-10,Cotton,Nanded,Kinwat,37.82,35.91,39.73,99.8,2014,October
2014-10,Cotton,Nanded,Mahur,37.62,36.23,39.0,237.0,2014,October
2014-10,Cotton,Beed,Majalgaon,40.93,40.8,41.03,138.5,2014,October
2014-10,Cotton,Parbhani,Parbhani,40.5,40.09,40.5,78.1,2014,October
2014-10,Cotton,Wardha,Pulgaon,39.31,38.75,39.86,164.3,2014,October
2014-10,Cotton,Chandrapur,Rajura,39.11,39.11,39.11,7.2,2014,October
2014-10,Cotton,Yewatmal,Ralegaon,37.98,37.44,38.5,897.8,2014,October
2014-10,Cotton,Ahmadnagar,Shrigonda,41.0,41.0,41.0,2.5,2014,October
2014-10,Cotton,Wardha,Sindi,39.5,39.5,39.5,0.5,2014,October
2014-10,Cotton,Akola,Telhara,38.71,38.71,39.44,130.0,2014,October
2014-10,Cotton,Yewatmal,Vani,37.6,34.0,38.61,110.8,2014,October
2014-10,Cotton,Yewatmal,Yeotmal,38.0,37.5,38.55,61.5,2014,October
2014-10,Jowar,Amaravathi,Achalpur,15.4,15.3,15.5,0.5,2014,October
2014-10,Jowar,Gadchiroli,Aheri,12.0,11.0,14.0,2.6,2014,October
2014-10,Jowar,Latur,Ahmedpur,10.23,8.95,11.5,6.4,2014,October
2014-10,Jowar,Hingoli,Akhadabalapur,15.25,15.0,15.5,5.6,2014,October
2014-10,Jowar,Solapur,Akkolkot,13.01,10.63,24.0,4.4,2014,October
2014-10,Jowar,Solapur,Akluj,24.0,15.3,24.0,2.5,2014,October
2014-10,Jowar,Akola,Akola,11.35,10.74,11.95,17.0,2014,October
2014-10,Jowar,Jalgaon,Amalner,14.43,13.0,15.76,334.1,2014,October
2014-10,Jowar,Beed,Ambejogai,18.49,17.23,20.24,9.1,2014,October
2014-10,Jowar,Amaravathi,Anajngaon Surji,14.04,13.75,14.42,7.2,2014,October
2014-10,Jowar,Sangli,Atpadi,18.75,17.0,20.5,15.7,2014,October
2014-10,Jowar,Latur,Ausa,13.39,12.37,14.68,29.1,2014,October
2014-10,Jowar,Pune,Baramati,24.0,21.5,29.5,45.4,2014,October
2014-10,Jowar,Solapur,Barshi,18.14,11.94,25.54,401.6,2014,October
2014-10,Jowar,Solapur,Barshi-Vairag,17.8,11.84,22.2,127.6,2014,October
2014-10,Jowar,Beed,Beed,20.51,16.14,23.27,78.9,2014,October
2014-10,Jowar,Nanded,Bhokar,13.85,12.68,14.59,32.7,2014,October
2014-10,Jowar,Jalna,Bhokardan,12.33,12.26,12.41,22.6,2014,October
2014-10,Jowar,Jalna,Bhokardan-Pimpalgaon Renu,12.56,12.45,12.69,4.8,2014,October
2014-10,Jowar,Jalgaon,Bhusaval,10.57,10.36,11.01,12.9,2014,October
2014-10,Jowar,Jalgaon,Chalisgaon,14.0,11.42,14.92,77.5,2014,October
2014-10,Jowar,Amaravathi,Chandur Bajar,14.5,13.52,15.0,13.2,2014,October
2014-10,Jowar,Jalgaon,Chopda,14.79,13.28,16.01,82.0,2014,October
2014-10,Jowar,Nasik,Devala,25.05,23.44,25.76,1.5,2014,October
2014-10,Jowar,Dhule,Dhule,16.95,15.16,22.34,65.7,2014,October
2014-10,Jowar,Dhule,Dondaicha,16.76,14.88,18.0,85.9,2014,October
2014-10,Jowar,Solapur,Dudhani,11.61,9.85,14.86,126.3,2014,October
2014-10,Jowar,Parbhani,Gangakhed,15.38,14.5,15.65,92.0,2014,October
2014-10,Jowar,Aurangabad,Gangapur,14.93,13.75,16.08,22.3,2014,October
2014-10,Jowar,Beed,Gevrai,17.25,15.0,21.68,140.5,2014,October
2014-10,Jowar,Nanded,Hadgaon,15.0,15.0,16.0,3.1,2014,October
2014-10,Jowar,Hingoli,Hingoli,13.35,10.8,15.9,1.1,2014,October
2014-10,Jowar,Jalgaon,Jalgaon,13.45,12.81,14.11,146.7,2014,October
2014-10,Jowar,Buldhana,Jalgaon Jamod,10.5,10.0,11.0,0.4,2014,October
2014-10,Jowar,Buldhana,Jalgaon Jamod-Aasalgaon,10.88,10.13,11.63,7.7,2014,October
2014-10,Jowar,Jalna,Jalna,18.6,11.45,26.75,974.0,2014,October
2014-10,Jowar,Ahmadnagar,Jamkhed,23.49,17.41,29.56,559.3,2014,October
2014-10,Jowar,Parbhani,Jintur,13.27,11.59,18.67,42.8,2014,October
2014-10,Jowar,Parbhani,Jintur-Bori,11.55,11.0,13.25,5.5,2014,October
2014-10,Jowar,Beed,Kada,24.05,15.3,28.94,61.4,2014,October
2014-10,Jowar,Osmanabad,Kalamb (Os),14.61,13.22,16.85,97.1,2014,October
2014-10,Jowar,Aurangabad,Kannad,13.74,13.4,13.9,1.6,2014,October
2014-10,Jowar,Wasim,Karanja,14.45,13.4,14.45,5.2,2014,October
2014-10,Jowar,Beed,Kej,16.87,16.77,18.11,3.8,2014,October
2014-10,Jowar,Buldhana,Khamgaon,11.09,10.68,11.51,71.4,2014,October
2014-10,Jowar,Beed,Kille Dharur,16.34,15.09,19.07,14.5,2014,October
2014-10,Jowar,Kolhapur,Kolhapur-Laxmipuri,23.0,17.0,39.0,10.0,2014,October
2014-10,Jowar,Ahmadnagar,Kopargaon,14.0,14.0,14.0,0.2,2014,October
2014-10,Jowar,Satara,Koregaon,16.0,16.0,16.0,0.3,2014,October
2014-10,Jowar,Solapur,Kurdwadi,17.79,12.12,23.45,24.1,2014,October
2014-10,Jowar,Nasik,Lasalgaon,19.92,18.53,20.68,2.4,2014,October
2014-10,Jowar,Aurangabad,Lasur Station,14.38,11.6,17.43,149.1,2014,October
2014-10,Jowar,Latur,Latur,18.9,12.32,23.6,101.6,2014,October
2014-10,Jowar,Nanded,Loha,14.01,12.16,15.5,8.3,2014,October
2014-10,Jowar,Satara,Lonand,17.5,15.5,19.53,21.7,2014,October
2014-10,Jowar,Buldhana,Lonar,11.95,11.37,12.53,63.0,2014,October
2014-10,Jowar,Beed,Majalgaon,19.06,10.25,25.92,88.4,2014,October
2014-10,Jowar,Nasik,Malegaon,19.06,17.47,20.84,2.7,2014,October
2014-10,Jowar,Buldhana,Malkapur,11.35,10.7,12.55,27.7,2014,October
2014-10,Jowar,Solapur,Mangalwedha,20.3,15.8,23.47,136.8,2014,October
2014-10,Jowar,Jalna,Mantha,14.93,11.29,15.71,9.5,2014,October
2014-10,Jowar,Solapur,Mohol,19.67,15.43,22.47,14.1,2014,October
2014-10,Jowar,Amaravathi,Morshi,14.5,14.0,15.0,4.9,2014,October
2014-10,Jowar,Mumbai,Mumbai,23.0,17.0,30.0,143.0,2014,October
2014-10,Jowar,Buldhana,Nandura,12.17,11.04,13.07,47.1,2014,October
2014-10,Jowar,Nandurbar,Nandurbar,14.19,11.68,16.63,1644.7,2014,October
2014-10,Jowar,Ahmadnagar,Newasa,15.5,15.5,15.5,0.3,2014,October
2014-10,Jowar,Latur,Nilanga,10.13,10.0,10.16,3.0,2014,October
2014-10,Jowar,Osmanabad,Osmanabad,18.38,15.4,21.36,6.0,2014,October
2014-10,Jowar,Beed,Parli-Vaijnath,15.22,12.85,16.35,68.4,2014,October
2014-10,Jowar,Ahmadnagar,Pathardi,16.81,15.35,19.0,47.3,2014,October
2014-10,Jowar,Parbhani,Pathari,19.76,19.76,21.51,1.5,2014,October
2014-10,Jowar,Satara,Phaltan,20.33,16.0,25.67,81.6,2014,October
2014-10,Jowar,Pune,Pune,26.84,24.72,28.97,657.7,2014,October
2014-10,Jowar,Parbhani,Purna,10.77,10.77,10.77,0.6,2014,October
2014-10,Jowar,Yewatmal,Pusad,14.31,13.22,15.37,107.4,2014,October
2014-10,Jowar,Ahmadnagar,Rahata,12.63,10.88,13.75,1.8,2014,October
2014-10,Jowar,Ahmadnagar,Rahuri,15.25,14.88,15.5,0.8,2014,October
2014-10,Jowar,Ahmadnagar,Rahuri-Vambori,17.49,16.31,18.68,4.3,2014,October
2014-10,Jowar,Jalgaon,Raver,13.35,11.83,13.97,103.4,2014,October
2014-10,Jowar,Parbhani,Sailu,11.15,11.14,12.8,28.8,2014,October
2014-10,Jowar,Dhule,Sakri,11.11,11.11,11.11,0.1,2014,October
2014-10,Jowar,Sangli,Sangali,21.56,16.22,26.9,834.0,2014,October
2014-10,Jowar,Ahmadnagar,Sangamner,16.63,15.38,17.88,3.4,2014,October
2014-10,Jowar,Buldhana,Sangrampur,10.26,9.88,10.5,12.8,2014,October
2014-10,Jowar,Nasik,Satana,21.6,19.51,23.5,0.6,2014,October
2014-10,Jowar,Nagpur,Savner,11.25,11.25,11.25,0.8,2014,October
2014-10,Jowar,Nandurbar,Shahada,16.57,16.01,17.58,78.9,2014,October
2014-10,Jowar,Buldhana,Shegaon,10.38,10.03,10.63,40.0,2014,October
2014-10,Jowar,Ahmadnagar,Shevgaon,16.54,13.8,17.44,60.2,2014,October
2014-10,Jowar,Ahmadnagar,Shevgaon-Bodhegaon,15.96,14.62,17.36,72.6,2014,October
2014-10,Jowar,Dhule,Shirpur,15.56,11.96,17.45,147.0,2014,October
2014-10,Jowar,Pune,Shirur,16.23,15.69,16.24,10.5,2014,October
2014-10,Jowar,Ahmadnagar,Shrirampur,16.12,14.56,17.31,20.8,2014,October
2014-10,Jowar,Nasik,Sinner,17.3,16.72,17.88,1.3,2014,October
2014-10,Jowar,Solapur,Solapur,20.74,17.62,23.5,132.4,2014,October
2014-10,Jowar,Parbhani,Sonpeth,18.1,16.95,18.4,1.7,2014,October
2014-10,Jowar,Parbhani,Tadkalas,10.84,10.84,10.84,1.1,2014,October
2014-10,Jowar,Nandurbar,Taloda,17.0,14.0,18.0,5.0,2014,October
2014-10,Jowar,Akola,Telhara,9.38,9.14,9.58,26.5,2014,October
2014-10,Jowar,Osmanabad,Tuljapur,11.9,11.43,12.36,23.0,2014,October
2014-10,Jowar,Latur,Udgir,10.71,9.9,11.53,5.0,2014,October
2014-10,Jowar,Nagpur,Umared,18.6,17.7,19.5,1.1,2014,October
2014-10,Jowar,Osmanabad,Umarga,10.74,10.63,11.19,14.0,2014,October
2014-10,Jowar,Satara,Vaduj,20.69,20.13,21.25,215.0,2014,October
2014-10,Jowar,Aurangabad,Vaijapur,12.48,10.93,13.71,10.1,2014,October
2014-10,Jowar,Thane,Vasai,19.0,16.0,22.0,5.3,2014,October
2014-10,Jowar,Wardha,Wardha,18.8,18.8,18.8,0.1,2014,October
2014-10,Jowar,Wasim,Washim,12.1,11.34,12.74,8.5,2014,October
2014-10,Jowar,Nasik,Yeola,17.16,17.16,18.01,0.5,2014,October
2014-10,Onion,Ahmadnagar,Ahmednagar,12.25,1.0,23.5,1090.3,2014,October
2014-10,Onion,Solapur,Akluj,14.69,9.85,17.69,71.7,2014,October
2014-10,Onion,Ahmadnagar,Akole,12.3,1.86,19.8,411.5,2014,October
2014-10,Onion,Aurangabad,Aurangabad,10.22,4.92,15.56,373.5,2014,October
2014-10,Onion,Pune,Baramati,15.0,4.0,20.02,32.0,2014,October
2014-10,Onion,Thane,Bhivandi,20.25,15.0,24.88,10.9,2014,October
2014-10,Onion,Chandrapur,Chandrapur-Ganjwad,18.4,14.95,21.55,567.1,2014,October
2014-10,Onion,Nasik,Chandvad,13.02,4.26,15.34,3359.9,2014,October
2014-10,Onion,Nasik,Devala,14.29,7.71,16.69,4436.8,2014,October
2014-10,Onion,Dhule,Dhule,15.7,4.76,19.04,4132.9,2014,October
2014-10,Onion,Nasik,Dindori-Vani,14.42,11.07,18.09,4625.4,2014,October
2014-10,Onion,Aurangabad,Gangapur,9.92,3.79,15.54,72.2,2014,October
2014-10,Onion,Jalgaon,Jalgaon,10.81,7.5,14.72,357.0,2014,October
2014-10,Onion,Ahmadnagar,Jamkhed,9.94,1.89,18.0,65.0,2014,October
2014-10,Onion,Pune,Junnar,15.81,12.75,18.69,2885.8,2014,October
2014-10,Onion,Beed,Kada,13.83,4.33,17.0,28.4,2014,October
2014-10,Onion,Nasik,Kalvan,14.45,3.36,19.0,8220.0,2014,October
2014-10,Onion,Thane,Kalyan,17.0,15.33,18.67,0.9,2014,October
2014-10,Onion,Nagpur,Kamthi,17.14,12.14,22.14,8.3,2014,October
2014-10,Onion,Satara,Karad,16.75,13.13,20.13,81.3,2014,October
2014-10,Onion,Kolhapur,Kolhapur,14.1,5.0,21.95,4766.6,2014,October
2014-10,Onion,Ahmadnagar,Kopargaon,15.42,6.0,21.84,1953.5,2014,October
2014-10,Onion,Satara,Koregaon,11.15,5.4,16.9,22.9,2014,October
2014-10,Onion,Solapur,Kurdwadi,12.74,6.5,18.98,38.9,2014,October
2014-10,Onion,Nasik,Lasalgaon,14.4,5.21,18.0,14810.0,2014,October
2014-10,Onion,Nasik,Lasalgaon-Niphad,32.7,19.75,35.96,7.5,2014,October
2014-10,Onion,Aurangabad,Lasur Station,11.35,1.75,18.81,596.8,2014,October
2014-10,Onion,Satara,Lonand,13.72,6.44,17.45,1365.7,2014,October
2014-10,Onion,Nasik,Malegaon,12.89,5.93,16.28,4860.2,2014,October
2014-10,Onion,Buldhana,Malkapur,17.0,10.75,19.25,13.9,2014,October
2014-10,Onion,Pune,Manchar,10.5,3.0,18.0,301.1,2014,October
2014-10,Onion,Nasik,Manmad,14.14,5.12,17.68,4648.2,2014,October
2014-10,Onion,Mumbai,Mumbai,15.76,11.71,19.81,17350.0,2014,October
2014-10,Onion,Nagpur,Nagpur,12.73,8.04,17.42,8252.8,2014,October
2014-10,Onion,Nasik,Nandgaon,15.21,7.78,17.55,544.0,2014,October
2014-10,Onion,Ahmadnagar,Newasa-Ghodegaon,16.83,3.42,21.42,8955.5,2014,October
2014-10,Onion,Solapur,Pandharpur,15.06,4.5,16.56,3.7,2014,October
2014-10,Onion,Ahmadnagar,Parner,12.19,4.43,19.95,1261.7,2014,October
2014-10,Onion,Ahmadnagar,Pathardi,9.57,1.14,12.04,370.9,2014,October
2014-10,Onion,Satara,Phaltan,15.0,5.0,20.92,624.9,2014,October
2014-10,Onion,Nasik,Pimpalgaon (B)-Saykheda,13.15,5.31,16.4,5248.0,2014,October
2014-10,Onion,Nasik,Pimpalgaon Basawant,13.86,7.13,18.89,15934.4,2014,October
2014-10,Onion,Pune,Pune,13.55,6.85,20.25,19039.6,2014,October
2014-10,Onion,Pune,Pune-Manjri,6.5,5.0,12.63,1.1,2014,October
2014-10,Onion,Pune,Pune-Pimpri,16.19,15.23,17.15,6.8,2014,October
2014-10,Onion,Ahmadnagar,Rahata,13.38,4.45,21.63,2424.6,2014,October
2014-10,Onion,Ahmadnagar,Rahuri,11.56,1.67,21.89,8531.5,2014,October
2014-10,Onion,Ahmadnagar,Rahuri-Vambori,11.79,2.0,21.57,2269.5,2014,October
2014-10,Onion,Nagpur,Ramtek,0.15,0.13,0.18,4.2,2014,October
2014-10,Onion,Ahmadnagar,Sangamner,13.71,5.0,22.47,1469.4,2014,October
2014-10,Onion,Nasik,Satana,14.0,8.0,19.26,4256.5,2014,October
2014-10,Onion,Satara,Satara,17.39,14.0,20.33,240.5,2014,October
2014-10,Onion,Dhule,Shirpur,13.12,3.47,15.69,80.5,2014,October
2014-10,Onion,Ahmadnagar,Shrirampur,14.95,2.59,20.0,4962.2,2014,October
2014-10,Onion,Nasik,Sinner,12.59,2.25,18.23,4185.6,2014,October
2014-10,Onion,Solapur,Solapur,11.67,1.12,24.21,18748.6,2014,October
2014-10,Onion,Aurangabad,Vaijapur,10.57,1.6,19.25,652.2,2014,October
2014-10,Onion,Thane,Vasai,17.5,12.5,22.5,45.1,2014,October
2014-10,Onion,Nasik,Yeola,12.73,2.87,16.62,6132.5,2014,October
2014-10,Rice,Gondiya,Aamgaon,16.7,15.91,17.49,219.5,2014,October
2014-10,Rice,Gadchiroli,Aheri,19.5949,19.5949,19.5949,58.7,2014,October
2014-10,Rice,Latur,Ahmedpur,15.38,15.26,15.51,0.3,2014,October
2014-10,Rice,Ahmadnagar,Akole,16.69,14.25,19.0,10.3,2014,October
2014-10,Rice,Raigad,Alibag,16.0,15.0,17.0,90.0,2014,October
2014-10,Rice,Gondiya,Arjuni Morgaon,18.89,18.51,19.29,243.7,2014,October
2014-10,Rice,Gadchiroli,Armori,25.96,25.52,26.19,64.2,2014,October
2014-10,Rice,Gadchiroli,Armori-Desaiganj,18.38,16.74,19.4,991.3,2014,October
2014-10,Rice,Latur,Ausa,10.51,10.01,11.01,0.4,2014,October
2014-10,Rice,Solapur,Barshi,14.16,13.66,15.0,7.9,2014,October
2014-10,Rice,Thane,Bhivandi,20.11,14.18,24.96,114.8,2014,October
2014-10,Rice,Nagpur,Bhiwapur,25.21,25.0,25.42,37.0,2014,October
2014-10,Rice,Chandrapur,Brahmpuri,22.78,22.4,23.15,73.0,2014,October
2014-10,Rice,Chandrapur,Chimur,21.41,20.14,22.01,76.0,2014,October
2014-10,Rice,Nasik,Devala,15.11,15.11,15.11,0.1,2014,October
2014-10,Rice,Gadchiroli,Gadchiroli,21.4,20.4,22.12,251.6,2014,October
2014-10,Rice,Chandrapur,Gondpimpri,20.88,20.39,21.0,35.0,2014,October
2014-10,Rice,Raigad,Karjat (Raigad),22.4712,16.7532,30.0718,434.6,2014,October
2014-10,Rice,Kolhapur,Kolhapur-Laxmipuri,30.0,19.0,55.0,20.0,2014,October
2014-10,Rice,Bhandara,Lakhandur,18.67,18.67,18.67,408.8,2014,October
2014-10,Rice,Bhandara,Lakhani,27.25,27.25,27.25,0.3,2014,October
2014-10,Rice,Raigad,Mangaon(Bhadav),21.9238,16.0022,26.8332,9.3,2014,October
2014-10,Rice,Chandrapur,Mul,23.99,22.1,25.82,1392.2,2014,October
2014-10,Rice,Mumbai,Mumbai,74.73,55.2,94.67,45816.9,2014,October
2014-10,Rice,Thane,Murbad,16.11,16.11,19.0,68.4,2014,October
2014-10,Rice,Chandrapur,Nagbhid,24.1,23.07,25.17,647.1,2014,October
2014-10,Rice,Nagpur,Nagpur,36.82,35.53,38.11,189.3,2014,October
2014-10,Rice,Nandurbar,Nandurbar,18.63,18.63,18.63,0.4,2014,October
2014-10,Rice,Bhandara,Pavani,22.2,21.57,22.86,44.9,2014,October
2014-10,Rice,Raigad,Pen,22.6567,20.9,29.5,19.8,2014,October
2014-10,Rice,Pune,Pune,71.23,56.4,71.23,2501.2,2014,October
2014-10,Rice,Nagpur,Ramtek,16.0,16.0,16.0,0.3,2014,October
2014-10,Rice,Raigad,Roha,13.5,13.0,14.0,2.9,2014,October
2014-10,Rice,Nasik,Satana,14.52,14.52,14.52,0.3,2014,October
2014-10,Rice,Thane,Shahapur,14.86,14.0,15.16,1.5,2014,October
2014-10,Rice,Sangli,Shirala,14.5,14.0,15.0,3.0,2014,October
2014-10,Rice,Nasik,Sinner,14.21,14.21,14.21,0.5,2014,October
2014-10,Rice,Solapur,Solapur,38.17,21.73,57.61,1635.4,2014,October
2014-10,Rice,Gondiya,Tiroda,19.03,18.46,19.6,1138.4,2014,October
2014-10,Rice,Osmanabad,Tuljapur,7.94,7.75,8.13,1.7,2014,October
2014-10,Rice,Bhandara,Tumsar,20.9194,20.3038,21.4953,2826.1,2014,October
2014-10,Rice,Nagpur,Umared,32.0,20.0,44.0,269.8,2014,October
2014-10,Rice,Osmanabad,Umarga,8.0,8.0,12.0,0.3,2014,October
2014-10,Rice,Thane,Vasai,24.5856,15.6964,34.3547,174.9,2014,October
2014-10,Soybean,Yewatmal,Aarni,30.51,28.88,32.37,308.0,2014,October
2014-10,Soybean,Amaravathi,Achalpur,30.13,28.63,31.63,52.0,2014,October
2014-10,Soybean,Latur,Ahmedpur,30.94,30.06,31.98,234.9,2014,October
2014-10,Soybean,Hingoli,Akhadabalapur,28.11,26.71,29.36,151.1,2014,October
2014-10,Soybean,Akola,Akola,29.1,27.63,30.58,3639.1,2014,October
2014-10,Soybean,Ahmadnagar,Akole,28.6,27.5,29.6,10.9,2014,October
2014-10,Soybean,Jalgaon,Amalner,31.5,30.0,33.0,1.0,2014,October
2014-10,Soybean,Beed,Ambejogai,30.78,27.98,31.91,1864.9,2014,October
2014-10,Soybean,Amaravathi,Anajngaon Surji,29.18,28.1,30.25,1813.5,2014,October
2014-10,Soybean,Wardha,Arvi,30.63,28.03,34.15,152.1,2014,October
2014-10,Soybean,Latur,Ausa,31.3,28.99,31.87,1366.0,2014,October
2014-10,Soybean,Yewatmal,Babhulgaon,29.56,26.86,32.05,611.7,2014,October
2014-10,Soybean,Solapur,Barshi,30.45,29.7,31.52,42.7,2014,October
2014-10,Soybean,Solapur,Barshi-Vairag,31.05,28.38,31.57,35.3,2014,October
2014-10,Soybean,Hingoli,Basmat,30.92,30.03,31.65,188.5,2014,October
2014-10,Soybean,Beed,Beed,31.02,29.15,31.95,313.5,2014,October
2014-10,Soybean,Nagpur,Bhiwapur,29.7,28.5,30.9,50.0,2014,October
2014-10,Soybean,Nanded,Bhokar,29.5,28.16,31.0,307.7,2014,October
2014-10,Soybean,Jalna,Bhokardan,28.68,28.53,28.88,105.4,2014,October
2014-10,Soybean,Jalna,Bhokardan-Pimpalgaon Renu,28.73,28.53,28.97,26.2,2014,October
2014-10,Soybean,Buldhana,Buldhana,29.83,29.06,31.2,49.1,2014,October
2014-10,Soybean,Chandrapur,Chandrapur,30.45,28.32,31.9,101.9,2014,October
2014-10,Soybean,Amaravathi,Chandur Bajar,30.75,27.28,32.36,701.9,2014,October
2014-10,Soybean,Jalgaon,Chopda,31.24,29.36,31.61,96.8,2014,October
2014-10,Soybean,Yewatmal,Darwha,29.15,27.88,30.43,78.6,2014,October
2014-10,Soybean,Nanded,Deglur,30.5,30.21,30.64,28.6,2014,October
2014-10,Soybean,Amaravathi,Dhamangaon-Rly,30.42,28.17,32.81,658.0,2014,October
2014-10,Soybean,Nanded,Dharmabad,30.97,30.28,31.6,621.6,2014,October
2014-10,Soybean,Dhule,Dhule,31.0,29.45,31.28,21.8,2014,October
2014-10,Soybean,Yewatmal,Digras,29.22,27.49,31.34,262.0,2014,October
2014-10,Soybean,Parbhani,Gangakhed,26.52,26.52,30.08,626.2,2014,October
2014-10,Soybean,Aurangabad,Gangapur,29.85,27.96,30.46,6.8,2014,October
2014-10,Soybean,Beed,Gevrai,29.28,27.91,30.87,134.2,2014,October
2014-10,Soybean,Jalna,Ghansawangi,29.5,28.38,30.88,185.4,2014,October
2014-10,Soybean,Nanded,Hadgaon,28.75,28.75,30.93,243.5,2014,October
2014-10,Soybean,Wardha,Hinganghat,29.79,27.51,32.07,1908.8,2014,October
2014-10,Soybean,Hingoli,Hingoli,30.91,30.13,31.69,27.4,2014,October
2014-10,Soybean,Jalgaon,Jalgaon,30.42,29.92,30.75,24.4,2014,October
2014-10,Soybean,Buldhana,Jalgaon Jamod,30.0,29.0,31.0,22.0,2014,October
2014-10,Soybean,Buldhana,Jalgaon Jamod-Aasalgaon,29.7,28.4,31.0,102.6,2014,October
2014-10,Soybean,Latur,Jalkot,31.76,30.76,32.51,332.0,2014,October
2014-10,Soybean,Jalna,Jalna,29.63,26.34,31.13,6975.6,2014,October
2014-10,Soybean,Ahmadnagar,Jamkhed,29.41,28.47,30.35,432.1,2014,October
2014-10,Soybean,Parbhani,Jintur,30.72,28.2,31.89,501.1,2014,October
2014-10,Soybean,Parbhani,Jintur-Bori,30.19,28.61,31.6,102.4,2014,October
2014-10,Soybean,Beed,Kada,29.97,28.43,30.9,48.5,2014,October
2014-10,Soybean,Osmanabad,Kalamb (Os),30.9,28.73,31.49,2726.4,2014,October
2014-10,Soybean,Yewatmal,Kalamb (Yawatmal),30.8,29.6,32.2,50.0,2014,October
2014-10,Soybean,Hingoli,Kalamnuri,29.2,29.1,29.2,114.5,2014,October
2014-10,Soybean,Nagpur,Kalmeshwar,31.36,27.84,33.1,49.0,2014,October
2014-10,Soybean,Nasik,Kalvan,18.0,18.0,18.0,0.3,2014,October
2014-10,Soybean,Wasim,Karanja,29.54,27.63,31.04,3705.0,2014,October
2014-10,Soybean,Nagpur,Katol,29.83,27.45,31.6,73.1,2014,October
2014-10,Soybean,Buldhana,Khamgaon,29.53,27.13,31.91,5267.9,2014,October
2014-10,Soybean,Beed,Kille Dharur,30.12,28.35,31.01,298.8,2014,October
2014-10,Soybean,Nanded,Kinwat,29.0,28.0,30.0,10.0,2014,October
2014-10,Soybean,Ahmadnagar,Kopargaon,29.89,28.37,30.56,81.9,2014,October
2014-10,Soybean,Chandrapur,Korpana,29.99,29.23,30.08,90.7,2014,October
2014-10,Soybean,Nasik,Lasalgaon,31.47,21.11,32.66,91.5,2014,October
2014-10,Soybean,Aurangabad,Lasur Station,31.16,29.43,31.53,102.2,2014,October
2014-10,Soybean,Latur,Latur,32.61,29.66,33.59,1077.2,2014,October
2014-10,Soybean,Buldhana,Lonar,30.74,29.79,31.72,7335.0,2014,October
2014-10,Soybean,Beed,Majalgaon,28.87,26.25,30.96,1446.8,2014,October
2014-10,Soybean,Nasik,Malegaon,30.55,30.51,30.6,1.2,2014,October
2014-10,Soybean,Buldhana,Malkapur,31.4,27.82,32.54,425.6,2014,October
2014-10,Soybean,Nagpur,Mandhal,31.26,30.29,32.21,485.8,2014,October
2014-10,Soybean,Wasim,Mangrulpeer,29.53,26.97,31.82,1390.6,2014,October
2014-10,Soybean,Wasim,Manora,30.62,28.65,33.58,235.5,2014,October
2014-10,Soybean,Jalna,Mantha,29.13,27.91,29.75,115.8,2014,October
2014-10,Soybean,Amaravathi,Morshi,29.57,27.67,31.47,584.2,2014,October
2014-10,Soybean,Akola,Murtizapur,28.07,26.29,30.44,3253.0,2014,October
2014-10,Soybean,Osmanabad,Murum,31.47,31.35,31.7,11.2,2014,October
2014-10,Soybean,Nagpur,Nagpur,30.05,27.82,32.31,547.7,2014,October
2014-10,Soybean,Nanded,Nanded,33.3,32.63,33.56,42.2,2014,October
2014-10,Soybean,Nasik,Nandgaon,33.55,33.03,34.0,1.8,2014,October
2014-10,Soybean,Amaravathi,Nandgaon Khandeshwar,29.85,28.17,31.53,399.3,2014,October
2014-10,Soybean,Buldhana,Nandura,29.63,27.25,31.34,387.9,2014,October
2014-10,Soybean,Nandurbar,Nandurbar,30.82,29.76,31.77,169.9,2014,October
2014-10,Soybean,Yewatmal,Ner Parasopant,30.6,29.58,31.56,997.4,2014,October
2014-10,Soybean,Latur,Nilanga,32.75,31.5,33.19,71.0,2014,October
2014-10,Soybean,Osmanabad,Osmanabad,28.65,27.3,30.0,25.0,2014,October
2014-10,Soybean,Yewatmal,Pandharkawada,30.9,25.96,32.0,169.4,2014,October
2014-10,Soybean,Parbhani,Parbhani,30.45,29.32,31.2,1168.3,2014,October
2014-10,Soybean,Beed,Parli-Vaijnath,31.7,29.7,32.06,1373.1,2014,October
2014-10,Soybean,Nagpur,Parshiwani,30.75,28.25,32.51,13.6,2014,October
2014-10,Soybean,Parbhani,Pathari,26.08,26.06,30.73,810.1,2014,October
2014-10,Soybean,Akola,Patur,29.11,27.07,30.22,501.0,2014,October
2014-10,Soybean,Wardha,Pulgaon,30.51,24.0,30.96,8.5,2014,October
2014-10,Soybean,Parbhani,Purna,31.61,30.01,33.83,95.0,2014,October
2014-10,Soybean,Yewatmal,Pusad,31.05,28.32,31.87,541.6,2014,October
2014-10,Soybean,Ahmadnagar,Rahata,29.5,28.75,30.13,10.8,2014,October
2014-10,Soybean,Ahmadnagar,Rahuri-Vambori,30.89,30.39,31.4,38.6,2014,October
2014-10,Soybean,Nagpur,Ramtek,28.32,26.99,29.65,11.0,2014,October
2014-10,Soybean,Parbhani,Sailu,30.9,29.06,31.3,635.7,2014,October
2014-10,Soybean,Dhule,Sakri,28.43,28.43,28.43,0.9,2014,October
2014-10,Soybean,Sangli,Sangali,29.89,27.16,32.63,967.5,2014,October
2014-10,Soybean,Buldhana,Sangrampur,27.0,23.33,29.17,21.4,2014,October
2014-10,Soybean,Nasik,Satana,27.5,24.0,32.0,0.3,2014,October
2014-10,Soybean,Nagpur,Savner,28.55,27.71,29.52,49.4,2014,October
2014-10,Soybean,Nandurbar,Shahada,30.26,25.12,32.34,431.6,2014,October
2014-10,Soybean,Buldhana,Shegaon,28.61,26.86,30.19,894.8,2014,October
2014-10,Soybean,Ahmadnagar,Shevgaon,29.67,28.84,30.0,3.1,2014,October
2014-10,Soybean,Sangli,Shirala,32.0,31.0,33.0,13.5,2014,October
2014-10,Soybean,Dhule,Shirpur,29.7,25.83,30.64,151.4,2014,October
2014-10,Soybean,Pune,Shirur,29.0,29.0,29.0,0.1,2014,October
2014-10,Soybean,Ahmadnagar,Shrirampur,29.35,28.18,30.46,40.6,2014,October
2014-10,Soybean,Wardha,Sindi,30.67,29.0,33.15,41.9,2014,October
2014-10,Soybean,Nasik,Sinner,29.76,26.66,60.86,8.3,2014,October
2014-10,Soybean,Solapur,Solapur,31.36,29.48,31.76,11.3,2014,October
2014-10,Soybean,Parbhani,Sonpeth,30.22,28.54,31.37,1056.8,2014,October
2014-10,Soybean,Parbhani,Tadkalas,30.42,30.42,30.42,276.7,2014,October
2014-10,Soybean,Sangli,Tasgaon,29.96,28.96,31.18,59.0,2014,October
2014-10,Soybean,Akola,Telhara,29.03,27.8,29.75,207.5,2014,October
2014-10,Soybean,Osmanabad,Tuljapur,30.2,29.5,30.89,33.9,2014,October
2014-10,Soybean,Latur,Udgir,32.03,31.73,32.39,4359.3,2014,October
2014-10,Soybean,Nagpur,Umared,30.37,29.17,32.76,907.7,2014,October
2014-10,Soybean,Osmanabad,Umarga,31.0,27.78,31.76,87.6,2014,October
2014-10,Soybean,Yewatmal,Umarkhed,29.11,26.78,31.22,210.0,2014,October
2014-10,Soybean,Yewatmal,Umarkhed-Danki,28.7,26.7,31.6,265.0,2014,October
2014-10,Soybean,Satara,Vaduj,30.75,30.0,31.5,7.0,2014,October
2014-10,Soybean,Aurangabad,Vaijapur,28.24,28.24,28.24,1.1,2014,October
2014-10,Soybean,Yewatmal,Vani,29.45,28.54,30.72,69.5,2014,October
2014-10,Soybean,Amaravathi,Varud-Rajura Bazar,32.5,31.59,33.19,7.1,2014,October
2014-10,Soybean,Wardha,Wardha,28.47,27.27,29.88,258.0,2014,October
2014-10,Soybean,Wasim,Washim,29.57,28.07,31.66,2073.4,2014,October
2014-10,Soybean,Nasik,Yeola,31.45,28.57,31.7,1.6,2014,October
2014-10,Soybean,Yewatmal,Yeotmal,30.7,29.06,32.29,1054.8,2014,October
2014-10,Sugarcane,Nagpur,Kamthi,5.5,4.0,7.0,3.4,2014,October
2014-11,Bajra,Ahmadnagar,Ahmednagar,16.29,15.07,17.5,39.5,2014,November
2014-11,Bajra,Solapur,Akluj,14.81,14.34,15.13,13.5,2014,November
2014-11,Bajra,Ahmadnagar,Akole,15.5,14.0,17.0,6.7,2014,November
2014-11,Bajra,Jalgaon,Amalner,12.95,12.0,13.9,9.3,2014,November
2014-11,Bajra,Jalna,Ambad(Vadi Godri),14.18,12.26,16.19,167.9,2014,November
2014-11,Bajra,Beed,Ambejogai,15.75,15.38,16.16,3.7,2014,November
2014-11,Bajra,Sangli,Atpadi,16.0,13.8,18.2,8.9,2014,November
2014-11,Bajra,Aurangabad,Aurangabad,13.82,12.68,15.37,211.6,2014,November
2014-11,Bajra,Latur,Ausa,17.69,17.69,17.69,1.9,2014,November
2014-11,Bajra,Pune,Baramati,16.29,14.56,18.54,378.5,2014,November
2014-11,Bajra,Solapur,Barshi,14.44,14.05,14.92,29.6,2014,November
2014-11,Bajra,Beed,Beed,15.57,13.3,16.44,631.0,2014,November
2014-11,Bajra,Jalgaon,Bhusaval,13.17,13.17,13.17,2.7,2014,November
2014-11,Bajra,Jalgaon,Chopda,12.85,11.92,12.97,108.3,2014,November
2014-11,Bajra,Nasik,Devala,13.53,12.57,14.62,144.4,2014,November
2014-11,Bajra,Dhule,Dhule,13.69,10.09,14.98,664.4,2014,November
2014-11,Bajra,Dhule,Dondaicha,14.2,13.06,15.18,117.9,2014,November
2014-11,Bajra,Pune,Dound,14.83,13.89,16.12,19.3,2014,November
2014-11,Bajra,Solapur,Dudhani,14.58,11.29,16.25,750.3,2014,November
2014-11,Bajra,Aurangabad,Gangapur,14.38,13.16,15.43,65.7,2014,November
2014-11,Bajra,Beed,Gevrai,13.7,12.9,14.82,319.8,2014,November
2014-11,Bajra,Jalna,Ghansawangi,14.75,14.25,16.0,10.2,2014,November
2014-11,Bajra,Pune,Indapur,16.51,15.0,17.41,2.5,2014,November
2014-11,Bajra,Pune,Indapur-Bhigwan,15.91,14.2,18.38,113.0,2014,November
2014-11,Bajra,Jalgaon,Jalgaon,14.22,13.54,14.49,42.7,2014,November
2014-11,Bajra,Jalna,Jalna,14.71,10.5,17.62,912.3,2014,November
2014-11,Bajra,Ahmadnagar,Jamkhed,14.11,13.18,15.03,187.7,2014,November
2014-11,Bajra,Parbhani,Jintur,14.01,14.01,14.01,0.4,2014,November
2014-11,Bajra,Parbhani,Jintur-Bori,15.01,15.01,15.01,0.3,2014,November
2014-11,Bajra,Beed,Kada,15.54,12.51,16.95,166.2,2014,November
2014-11,Bajra,Osmanabad,Kalamb (Os),16.28,14.29,17.21,24.7,2014,November
2014-11,Bajra,Nasik,Kalvan,13.1,11.01,14.6,99.7,2014,November
2014-11,Bajra,Aurangabad,Kannad,13.12,12.5,13.85,35.6,2014,November
2014-11,Bajra,Wasim,Karanja,16.0,15.95,16.0,3.2,2014,November
2014-11,Bajra,Solapur,Karmala,15.17,14.17,17.42,20.0,2014,November
2014-11,Bajra,Buldhana,Khamgaon,11.83,10.93,12.74,296.9,2014,November
2014-11,Bajra,Beed,Kille Dharur,17.46,13.89,22.68,72.7,2014,November
2014-11,Bajra,Kolhapur,Kolhapur-Laxmipuri,16.5,15.0,17.0,4.0,2014,November
2014-11,Bajra,Ahmadnagar,Kopargaon,14.29,12.24,15.03,116.7,2014,November
2014-11,Bajra,Solapur,Kurdwadi,15.01,15.01,15.01,0.9,2014,November
2014-11,Bajra,Nasik,Lasalgaon,14.02,11.04,15.31,83.1,2014,November
2014-11,Bajra,Aurangabad,Lasur Station,14.79,11.22,15.82,88.4,2014,November
2014-11,Bajra,Latur,Latur,13.57,11.71,15.44,116.3,2014,November
2014-11,Bajra,Satara,Lonand,16.83,12.83,19.67,28.5,2014,November
2014-11,Bajra,Beed,Majalgaon,14.8,11.73,17.07,86.0,2014,November
2014-11,Bajra,Nasik,Malegaon,14.08,12.51,15.98,371.0,2014,November
2014-11,Bajra,Buldhana,Malkapur,11.75,11.08,12.23,27.2,2014,November
2014-11,Bajra,Solapur,Mangalwedha,14.17,13.43,14.71,30.8,2014,November
2014-11,Bajra,Nasik,Manmad,14.39,11.7,15.44,155.4,2014,November
2014-11,Bajra,Jalna,Mantha,15.25,15.25,15.25,0.7,2014,November
2014-11,Bajra,Mumbai,Mumbai,17.0,15.0,20.0,54.3,2014,November
2014-11,Bajra,Osmanabad,Murum,14.95,14.68,15.25,31.4,2014,November
2014-11,Bajra,Nasik,Nandgaon,14.95,13.27,15.64,52.1,2014,November
2014-11,Bajra,Buldhana,Nandura,12.74,11.62,13.46,227.0,2014,November
2014-11,Bajra,Nandurbar,Nandurbar,12.94,10.09,15.26,137.3,2014,November
2014-11,Bajra,Ahmadnagar,Newasa,13.93,13.64,14.43,4.5,2014,November
2014-11,Bajra,Aurangabad,Paithan,14.68,13.67,15.24,51.7,2014,November
2014-11,Bajra,Beed,Parli-Vaijnath,15.62,15.57,16.12,8.1,2014,November
2014-11,Bajra,Jalna,Partur,14.2,13.15,14.61,31.8,2014,November
2014-11,Bajra,Ahmadnagar,Pathardi,13.46,12.55,14.75,62.8,2014,November
2014-11,Bajra,Parbhani,Pathari,2.71,2.71,16.35,4.1,2014,November
2014-11,Bajra,Satara,Phaltan,17.0,13.38,21.38,167.0,2014,November
2014-11,Bajra,Pune,Pune,18.94,17.27,20.62,41.3,2014,November
2014-11,Bajra,Yewatmal,Pusad,16.31,14.4,18.52,10.6,2014,November
2014-11,Bajra,Ahmadnagar,Rahata,13.27,12.82,14.04,23.7,2014,November
2014-11,Bajra,Ahmadnagar,Rahuri,13.49,13.36,13.61,3.2,2014,November
2014-11,Bajra,Ahmadnagar,Rahuri-Vambori,15.2,14.2,16.2,31.2,2014,November
2014-11,Bajra,Jalgaon,Raver,12.38,12.38,12.38,0.3,2014,November
2014-11,Bajra,Parbhani,Sailu,15.86,15.86,15.86,1.7,2014,November
2014-11,Bajra,Sangli,Sangali,15.64,13.16,18.25,352.6,2014,November
2014-11,Bajra,Ahmadnagar,Sangamner,15.14,13.38,17.3,22.3,2014,November
2014-11,Bajra,Nasik,Satana,15.07,11.47,16.53,84.7,2014,November
2014-11,Bajra,Nandurbar,Shahada,12.68,12.68,20.34,14.1,2014,November
2014-11,Bajra,Buldhana,Shegaon,12.2,12.2,12.2,5.3,2014,November
2014-11,Bajra,Ahmadnagar,Shevgaon,13.46,11.65,14.52,122.4,2014,November
2014-11,Bajra,Ahmadnagar,Shevgaon-Bodhegaon,13.51,12.74,14.6,243.5,2014,November
2014-11,Bajra,Dhule,Shirpur,13.05,9.45,14.34,171.4,2014,November
2014-11,Bajra,Pune,Shirur,14.37,13.73,14.41,10.7,2014,November
2014-11,Bajra,Ahmadnagar,Shrirampur,14.41,12.67,15.64,34.9,2014,November
2014-11,Bajra,Aurangabad,Sillod,13.7,13.2,14.2,5.8,2014,November
2014-11,Bajra,Aurangabad,Sillod-Bharadi,11.83,11.0,13.17,3.9,2014,November
2014-11,Bajra,Nasik,Sinner,13.31,11.52,15.39,142.7,2014,November
2014-11,Bajra,Solapur,Solapur,13.7,13.59,14.24,16.6,2014,November
2014-11,Bajra,Nandurbar,Taloda,12.25,11.75,12.98,1.0,2014,November
2014-11,Bajra,Osmanabad,Tuljapur,13.26,13.26,13.26,0.6,2014,November
2014-11,Bajra,Osmanabad,Umarga,11.82,11.45,13.15,32.2,2014,November
2014-11,Bajra,Satara,Vaduj,14.56,14.0,15.11,25.5,2014,November
2014-11,Bajra,Aurangabad,Vaijapur,13.78,11.28,14.75,48.1,2014,November
2014-11,Bajra,Nasik,Yeola,13.47,12.51,14.62,78.3,2014,November
2014-11,Cotton,Gadchiroli,Aheri,40.0,40.0,40.0,59.5,2014,November
2014-11,Cotton,Hingoli,Akhadabalapur,40.7,40.09,41.59,71.1,2014,November
2014-11,Cotton,Jalna,Ambad(Vadi Godri),39.69,39.4,40.3,66.0,2014,November
2014-11,Cotton,Wardha,Arvi,39.46,38.97,40.0,2658.8,2014,November
2014-11,Cotton,Aurangabad,Aurangabad,39.95,39.42,40.43,783.4,2014,November
2014-11,Cotton,Hingoli,Basmat,40.5,40.5,40.5,565.3,2014,November
2014-11,Cotton,Nagpur,Bhiwapur,39.13,37.17,41.11,220.9,2014,November
2014-11,Cotton,Nanded,Bhokar,39.13,39.02,39.82,1922.7,2014,November
2014-11,Cotton,Jalna,Bhokardan,39.54,38.03,40.37,2954.0,2014,November
2014-11,Cotton,Jalgaon,Bhusaval,40.5,40.5,40.5,2138.9,2014,November
2014-11,Cotton,Jalgaon,Chalisgaon,0.5,0.5,0.73,1215.0,2014,November
2014-11,Cotton,Chandrapur,Chandrapur,40.35,40.35,40.35,1.2,2014,November
2014-11,Cotton,Amaravathi,Chandur Rly.,39.5,39.5,39.5,9.2,2014,November
2014-11,Cotton,Chandrapur,Chimur,41.32,40.96,41.81,41.8,2014,November
2014-11,Cotton,Yewatmal,Darwha,39.96,39.41,40.5,481.8,2014,November
2014-11,Cotton,Buldhana,Deulgaon Raja,40.1,39.25,40.7,2331.2,2014,November
2014-11,Cotton,Amaravathi,Dhamangaon-Rly,39.83,39.68,40.07,567.0,2014,November
2014-11,Cotton,Dhule,Dhule,42.0,41.0,42.0,102.8,2014,November
2014-11,Cotton,Yewatmal,Digras,31.25,31.25,38.45,181.6,2014,November
2014-11,Cotton,Dhule,Dondaicha,40.5,40.5,40.5,413.5,2014,November
2014-11,Cotton,Parbhani,Gangakhed,40.5,35.76,40.5,1247.7,2014,November
2014-11,Cotton,Aurangabad,Gangapur,40.26,40.26,40.26,727.3,2014,November
2014-11,Cotton,Beed,Gevrai,39.88,38.73,40.44,3730.9,2014,November
2014-11,Cotton,Jalna,Ghansawangi,40.0,39.75,40.2,181.7,2014,November
2014-11,Cotton,Nanded,Hadgaon,40.13,40.13,41.4,1630.9,2014,November
2014-11,Cotton,Jalna,Jafrabad,39.43,38.6,40.0,401.0,2014,November
2014-11,Cotton,Jalgaon,Jalgaon,40.25,40.25,40.25,1575.8,2014,November
2014-11,Cotton,Jalna,Jalna,35.02,35.02,35.02,724.2,2014,November
2014-11,Cotton,Jalna,Jalna-Badnapur,40.5,40.5,40.5,31.8,2014,November
2014-11,Cotton,Ahmadnagar,Jamkhed,40.0,39.5,40.5,56.3,2014,November
2014-11,Cotton,Jalgaon,Jamner,38.81,37.83,40.44,342.5,2014,November
2014-11,Cotton,Jalgaon,Jamner-Neri,38.76,37.76,40.5,198.1,2014,November
2014-11,Cotton,Parbhani,Jintur,40.0,39.2,40.5,1143.4,2014,November
2014-11,Cotton,Yewatmal,Kalamb (Yawatmal),39.0,38.43,40.24,234.0,2014,November
2014-11,Cotton,Hingoli,Kalamnuri,41.13,41.13,41.88,10.4,2014,November
2014-11,Cotton,Nagpur,Kalmeshwar,39.29,38.73,39.75,2616.2,2014,November
2014-11,Cotton,Wasim,Karanja,40.29,40.21,40.56,66.0,2014,November
2014-11,Cotton,Nagpur,Katol,39.12,38.48,39.48,777.2,2014,November
2014-11,Cotton,Buldhana,Khamgaon,40.23,39.96,40.5,2841.4,2014,November
2014-11,Cotton,Beed,Kille Dharur,39.8,39.8,39.8,2238.2,2014,November
2014-11,Cotton,Nanded,Kinwat,38.53,37.78,39.28,427.8,2014,November
2014-11,Cotton,Chandrapur,Korpana,40.4,40.35,40.49,958.7,2014,November
2014-11,Cotton,Aurangabad,Lasur Station,40.0,38.0,40.0,17.2,2014,November
2014-11,Cotton,Yewatmal,Mahagaon,38.67,38.17,39.17,200.5,2014,November
2014-11,Cotton,Nanded,Mahur,38.13,37.13,39.13,351.0,2014,November
2014-11,Cotton,Beed,Majalgaon,39.78,38.74,39.78,3051.1,2014,November
2014-11,Cotton,Buldhana,Malkapur,39.3,37.6,40.5,105.3,2014,November
2014-11,Cotton,Jalna,Mantha,39.17,38.87,39.7,1011.8,2014,November
2014-11,Cotton,Yewatmal,Maregaon,38.31,38.04,39.49,515.6,2014,November
2014-11,Cotton,Nanded,Naigaon,40.5,40.5,40.5,971.8,2014,November
2014-11,Cotton,Nanded,Nanded,40.5,40.5,40.5,66.7,2014,November
2014-11,Cotton,Buldhana,Nandura,40.25,39.94,40.5,662.6,2014,November
2014-11,Cotton,Nandurbar,Nandurbar,40.77,40.5,41.04,1012.6,2014,November
2014-11,Cotton,Nagpur,Narkhed,35.58,35.58,39.79,1738.9,2014,November
2014-11,Cotton,Aurangabad,Paithan,39.36,38.57,40.21,297.5,2014,November
2014-11,Cotton,Yewatmal,Pandharkawada,39.09,37.59,40.02,1690.0,2014,November
2014-11,Cotton,Osmanabad,Paranda,39.0,38.0,40.5,4.0,2014,November
2014-11,Cotton,Parbhani,Parbhani,40.51,40.22,40.51,1761.6,2014,November
2014-11,Cotton,Jalna,Partur,35.67,34.75,35.85,3731.3,2014,November
2014-11,Cotton,Ahmadnagar,Pathardi,39.14,38.0,40.14,89.0,2014,November
2014-11,Cotton,Wardha,Pulgaon,39.83,38.72,40.36,2826.8,2014,November
2014-11,Cotton,Chandrapur,Rajura,39.29,38.24,40.03,617.7,2014,November
2014-11,Cotton,Yewatmal,Ralegaon,39.94,39.31,40.4,9881.3,2014,November
2014-11,Cotton,Parbhani,Sailu,40.5,40.2,41.28,2230.0,2014,November
2014-11,Cotton,Wardha,Samudrapur,39.51,38.87,40.15,1082.1,2014,November
2014-11,Cotton,Ahmadnagar,Shevgaon,39.61,38.65,41.02,3291.2,2014,November
2014-11,Cotton,Ahmadnagar,Shrigonda,40.94,40.94,40.94,440.7,2014,November
2014-11,Cotton,Ahmadnagar,Shrigonda-Ghogargaon,40.91,40.91,40.91,386.0,2014,November
2014-11,Cotton,Aurangabad,Sillod,39.18,38.18,40.27,1189.4,2014,November
2014-11,Cotton,Wardha,Sindi,39.39,39.21,39.58,54.3,2014,November
2014-11,Cotton,Wardha,Sindi (Selu),39.2,39.0,40.0,165.0,2014,November
2014-11,Cotton,Parbhani,Sonpeth,39.66,39.21,39.97,384.8,2014,November
2014-11,Cotton,Nandurbar,Taloda,38.49,37.75,39.65,489.4,2014,November
2014-11,Cotton,Akola,Telhara,36.31,36.08,36.65,1901.0,2014,November
2014-11,Cotton,Nagpur,Umared,38.55,38.0,39.16,630.2,2014,November
2014-11,Cotton,Yewatmal,Umarkhed,39.31,38.21,40.05,63.9,2014,November
2014-11,Cotton,Aurangabad,Vaijapur,40.5,39.5,41.0,34.5,2014,November
2014-11,Cotton,Yewatmal,Vani,39.51,38.4,40.51,6161.1,2014,November
2014-11,Cotton,Chandrapur,Varora,38.89,38.17,39.6,487.0,2014,November
2014-11,Cotton,Amaravathi,Varud,39.08,38.86,40.31,205.9,2014,November
2014-11,Cotton,Wardha,Wardha,39.9,39.25,40.29,249.5,2014,November
2014-11,Cotton,Jalgaon,Yawal,38.58,37.69,39.19,1369.3,2014,November
2014-11,Cotton,Yewatmal,Yeotmal,38.47,37.58,39.56,1458.5,2014,November
2014-11,Cotton,Yewatmal,Zarijamini,39.45,38.8,40.01,515.3,2014,November
2014-11,Jowar,Amaravathi,Achalpur,15.45,15.3,15.6,15.0,2014,November
2014-11,Jowar,Gadchiroli,Aheri,12.0,12.0,12.0,1.2,2014,November
2014-11,Jowar,Ahmadnagar,Ahmednagar,22.48,17.82,27.13,202.4,2014,November
2014-11,Jowar,Latur,Ahmedpur,14.04,10.19,18.08,55.6,2014,November
2014-11,Jowar,Solapur,Akluj,21.26,21.26,21.26,4.5,2014,November
2014-11,Jowar,Akola,Akola,14.39,13.04,15.69,1099.7,2014,November
2014-11,Jowar,Jalgaon,Amalner,14.95,13.0,16.9,237.7,2014,November
2014-11,Jowar,Amaravathi,Amarawati,16.5,15.0,18.5,0.3,2014,November
2014-11,Jowar,Jalna,Ambad(Vadi Godri),15.28,12.92,24.31,46.9,2014,November
2014-11,Jowar,Beed,Ambejogai,21.75,20.59,22.58,32.6,2014,November
2014-11,Jowar,Amaravathi,Anajngaon Surji,13.59,12.72,14.58,190.5,2014,November
2014-11,Jowar,Sangli,Atpadi,19.0,17.0,21.0,30.3,2014,November
2014-11,Jowar,Aurangabad,Aurangabad,19.46,16.45,22.69,38.6,2014,November
2014-11,Jowar,Latur,Ausa,17.1,15.32,18.6,115.9,2014,November
2014-11,Jowar,Pune,Baramati,20.25,17.55,23.92,302.0,2014,November
2014-11,Jowar,Solapur,Barshi,23.24,14.52,28.75,720.8,2014,November
2014-11,Jowar,Solapur,Barshi-Vairag,17.98,13.62,26.76,116.8,2014,November
2014-11,Jowar,Beed,Beed,24.09,16.29,26.7,153.2,2014,November
2014-11,Jowar,Nanded,Bhokar,13.98,12.4,15.8,35.2,2014,November
2014-11,Jowar,Jalna,Bhokardan,12.27,12.19,12.36,24.0,2014,November
2014-11,Jowar,Jalna,Bhokardan-Pimpalgaon Renu,12.2,12.1,12.3,1.1,2014,November
2014-11,Jowar,Jalgaon,Bhusaval,13.32,12.13,13.85,103.6,2014,November
2014-11,Jowar,Buldhana,Buldhana,15.0,11.5,18.0,1.7,2014,November
2014-11,Jowar,Amaravathi,Chandur Bajar,14.24,12.5,15.3,115.2,2014,November
2014-11,Jowar,Buldhana,Chikhali,11.18,10.61,11.75,6.0,2014,November
2014-11,Jowar,Jalgaon,Chopda,15.23,13.89,16.21,789.5,2014,November
2014-11,Jowar,Amaravathi,Daryapur,13.56,12.25,13.77,19.5,2014,November
2014-11,Jowar,Nasik,Devala,27.36,26.98,27.61,1.5,2014,November
2014-11,Jowar,Dhule,Dhule,17.92,15.98,19.41,745.5,2014,November
2014-11,Jowar,Yewatmal,Digras,8.97,8.97,13.98,43.3,2014,November
2014-11,Jowar,Dhule,Dondaicha,17.14,15.47,18.59,764.5,2014,November
2014-11,Jowar,Pune,Dound,24.81,20.1,27.36,51.9,2014,November
2014-11,Jowar,Solapur,Dudhani,14.09,11.42,17.69,123.1,2014,November
2014-11,Jowar,Aurangabad,Gangapur,18.66,17.3,20.16,11.0,2014,November
2014-11,Jowar,Beed,Gevrai,19.07,16.76,23.7,122.4,2014,November
2014-11,Jowar,Pune,Indapur,22.51,11.0,30.0,7.1,2014,November
2014-11,Jowar,Pune,Indapur-Bhigwan,24.9,20.4,31.89,115.2,2014,November
2014-11,Jowar,Jalna,Jafrabad,10.0,8.5,11.0,4.8,2014,November
2014-11,Jowar,Jalgaon,Jalgaon,14.46,13.68,15.19,579.4,2014,November
2014-11,Jowar,Buldhana,Jalgaon Jamod,11.75,11.75,11.75,0.6,2014,November
2014-11,Jowar,Buldhana,Jalgaon Jamod-Aasalgaon,11.86,11.0,12.71,17.5,2014,November
2014-11,Jowar,Jalna,Jalna,20.64,11.87,31.79,925.5,2014,November
2014-11,Jowar,Jalna,Jalna-Badnapur,21.0,12.5,30.51,37.0,2014,November
2014-11,Jowar,Ahmadnagar,Jamkhed,25.14,18.21,32.39,767.8,2014,November
2014-11,Jowar,Parbhani,Jintur,14.43,13.43,17.36,11.1,2014,November
2014-11,Jowar,Parbhani,Jintur-Bori,13.62,13.5,13.62,1.0,2014,November
2014-11,Jowar,Beed,Kada,25.45,15.33,31.89,205.9,2014,November
2014-11,Jowar,Osmanabad,Kalamb (Os),17.42,14.23,21.48,224.2,2014,November
2014-11,Jowar,Aurangabad,Kannad,14.11,13.95,14.22,1.9,2014,November
2014-11,Jowar,Wasim,Karanja,15.06,14.71,15.95,37.9,2014,November
2014-11,Jowar,Solapur,Karmala,27.33,16.04,32.84,298.5,2014,November
2014-11,Jowar,Nagpur,Katol,12.52,12.39,12.59,21.4,2014,November
2014-11,Jowar,Buldhana,Khamgaon,12.51,10.54,14.48,783.7,2014,November
2014-11,Jowar,Beed,Kille Dharur,20.98,18.28,24.02,156.1,2014,November
2014-11,Jowar,Kolhapur,Kolhapur-Laxmipuri,23.0,17.0,33.5,55.0,2014,November
2014-11,Jowar,Ahmadnagar,Kopargaon,14.76,12.6,17.75,3.9,2014,November
2014-11,Jowar,Satara,Koregaon,20.0,18.67,21.33,1.9,2014,November
2014-11,Jowar,Solapur,Kurdwadi,19.73,11.83,27.64,55.8,2014,November
2014-11,Jowar,Nasik,Lasalgaon,25.97,22.14,25.97,0.6,2014,November
2014-11,Jowar,Aurangabad,Lasur Station,16.19,12.75,19.25,27.9,2014,November
2014-11,Jowar,Latur,Latur,11.24,11.0,11.54,61.4,2014,November
2014-11,Jowar,Nanded,Loha,16.27,12.94,17.32,43.5,2014,November
2014-11,Jowar,Satara,Lonand,19.67,15.58,24.07,15.9,2014,November
2014-11,Jowar,Buldhana,Lonar,11.88,11.25,12.5,43.5,2014,November
2014-11,Jowar,Beed,Majalgaon,16.2,11.04,21.59,28.2,2014,November
2014-11,Jowar,Nasik,Malegaon,21.86,17.98,23.21,23.2,2014,November
2014-11,Jowar,Wasim,Malegaon (Washim),16.0,15.0,17.0,10.5,2014,November
2014-11,Jowar,Buldhana,Malkapur,13.65,11.9,14.98,1060.3,2014,November
2014-11,Jowar,Solapur,Mangalwedha,22.66,16.44,25.75,131.6,2014,November
2014-11,Jowar,Wasim,Mangrulpeer,14.82,14.16,15.04,7.5,2014,November
2014-11,Jowar,Jalna,Mantha,16.56,14.0,21.56,3.9,2014,November
2014-11,Jowar,Buldhana,Mehkar,13.26,11.05,14.29,24.7,2014,November
2014-11,Jowar,Solapur,Mohol,21.05,16.09,24.09,16.9,2014,November
2014-11,Jowar,Amaravathi,Morshi,14.2,13.64,14.75,127.3,2014,November
2014-11,Jowar,Mumbai,Mumbai,22.5,15.5,30.0,75.6,2014,November
2014-11,Jowar,Osmanabad,Murum,21.37,21.37,21.37,0.5,2014,November
2014-11,Jowar,Nagpur,Nagpur,19.5,16.0,23.0,5.2,2014,November
2014-11,Jowar,Nanded,Naigaon,12.0,12.0,12.0,0.8,2014,November
2014-11,Jowar,Nanded,Nanded,16.25,16.25,16.25,1.4,2014,November
2014-11,Jowar,Buldhana,Nandura,13.08,11.51,14.2,699.6,2014,November
2014-11,Jowar,Nandurbar,Nandurbar,15.14,12.35,17.47,3087.0,2014,November
2014-11,Jowar,Latur,Nilanga,10.93,10.0,11.34,7.6,2014,November
2014-11,Jowar,Osmanabad,Osmanabad,20.17,14.42,24.13,33.1,2014,November
2014-11,Jowar,Aurangabad,Paithan,19.33,16.16,21.38,12.1,2014,November
2014-11,Jowar,Solapur,Pandharpur,23.33,22.5,23.5,1.7,2014,November
2014-11,Jowar,Beed,Parli-Vaijnath,16.78,14.82,17.78,64.2,2014,November
2014-11,Jowar,Jalna,Partur,13.9,11.55,17.87,25.7,2014,November
2014-11,Jowar,Ahmadnagar,Pathardi,17.5,15.4,21.2,16.4,2014,November
2014-11,Jowar,Akola,Patur,15.0,14.5,16.1,5.9,2014,November
2014-11,Jowar,Satara,Phaltan,21.25,15.88,28.08,235.6,2014,November
2014-11,Jowar,Pune,Pune,28.86,26.69,30.67,910.7,2014,November
2014-11,Jowar,Parbhani,Purna,10.22,10.22,10.22,0.2,2014,November
2014-11,Jowar,Yewatmal,Pusad,15.16,13.32,16.7,80.1,2014,November
2014-11,Jowar,Ahmadnagar,Rahata,14.42,14.1,14.62,7.1,2014,November
2014-11,Jowar,Ahmadnagar,Rahuri-Vambori,20.2,19.13,21.28,5.9,2014,November
2014-11,Jowar,Jalgaon,Raver,13.91,11.25,14.71,833.1,2014,November
2014-11,Jowar,Parbhani,Sailu,12.0,12.0,12.0,0.8,2014,November
2014-11,Jowar,Sangli,Sangali,22.14,16.2,28.08,967.0,2014,November
2014-11,Jowar,Ahmadnagar,Sangamner,19.94,19.69,20.19,3.6,2014,November
2014-11,Jowar,Buldhana,Sangrampur,10.83,9.92,11.77,15.8,2014,November
2014-11,Jowar,Nagpur,Savner,13.7,13.6,13.8,3.7,2014,November
2014-11,Jowar,Nandurbar,Shahada,15.46,13.48,16.25,365.6,2014,November
2014-11,Jowar,Buldhana,Shegaon,12.01,10.58,13.51,554.3,2014,November
2014-11,Jowar,Ahmadnagar,Shevgaon,18.44,15.82,19.9,93.8,2014,November
2014-11,Jowar,Ahmadnagar,Shevgaon-Bodhegaon,17.39,15.48,19.15,103.5,2014,November
2014-11,Jowar,Dhule,Shirpur,16.48,13.29,18.29,1080.3,2014,November
2014-11,Jowar,Pune,Shirur,16.65,15.89,17.15,12.9,2014,November
2014-11,Jowar,Ahmadnagar,Shrirampur,20.9,18.03,23.11,20.7,2014,November
2014-11,Jowar,Aurangabad,Sillod,14.25,14.0,14.5,0.2,2014,November
2014-11,Jowar,Aurangabad,Sillod-Bharadi,14.04,12.2,16.42,1.2,2014,November
2014-11,Jowar,Nasik,Sinner,18.32,16.59,20.55,5.3,2014,November
2014-11,Jowar,Solapur,Solapur,23.46,17.71,27.29,556.3,2014,November
2014-11,Jowar,Nandurbar,Taloda,17.55,16.45,18.89,352.7,2014,November
2014-11,Jowar,Sangli,Tasgaon,15.8,15.6,16.0,6.5,2014,November
2014-11,Jowar,Akola,Telhara,12.52,11.98,12.98,259.5,2014,November
2014-11,Jowar,Osmanabad,Tuljapur,14.25,14.25,14.25,3.6,2014,November
2014-11,Jowar,Latur,Udgir,10.77,9.9,11.64,28.9,2014,November
2014-11,Jowar,Nagpur,Umared,17.25,16.75,17.75,0.9,2014,November
2014-11,Jowar,Osmanabad,Umarga,16.78,15.81,17.49,50.7,2014,November
2014-11,Jowar,Satara,Vaduj,23.0,22.11,23.72,330.0,2014,November
2014-11,Jowar,Aurangabad,Vaijapur,13.0,11.63,13.57,4.6,2014,November
2014-11,Jowar,Amaravathi,Varud-Rajura Bazar,15.68,14.01,15.85,0.5,2014,November
2014-11,Jowar,Wasim,Washim,15.4,14.56,16.29,67.3,2014,November
2014-11,Jowar,Jalgaon,Yawal,14.18,13.29,14.86,720.4,2014,November
2014-11,Jowar,Yewatmal,Yeotmal,15.37,15.37,15.37,2.8,2014,November
2014-11,Onion,Ahmadnagar,Ahmednagar,11.8,1.45,21.89,20595.9,2014,November
2014-11,Onion,Solapur,Akluj,10.68,7.47,15.59,109.0,2014,November
2014-11,Onion,Ahmadnagar,Akole,10.52,1.75,19.31,156.4,2014,November
2014-11,Onion,Aurangabad,Aurangabad,9.41,3.95,14.86,744.8,2014,November
2014-11,Onion,Pune,Baramati,11.88,3.63,17.32,445.0,2014,November
2014-11,Onion,Solapur,Barshi,9.08,1.89,14.21,943.8,2014,November
2014-11,Onion,Thane,Bhivandi,20.33,15.0,25.0,7.4,2014,November
2014-11,Onion,Chandrapur,Chandrapur-Ganjwad,16.57,10.79,22.0,439.5,2014,November
2014-11,Onion,Nasik,Chandvad,14.0,5.65,15.81,2191.6,2014,November
2014-11,Onion,Nasik,Devala,14.49,8.09,16.22,4867.4,2014,November
2014-11,Onion,Dhule,Dhule,14.74,5.58,17.76,18752.7,2014,November
2014-11,Onion,Nasik,Dindori-Vani,14.49,11.55,16.78,1239.5,2014,November
2014-11,Onion,Pune,Indapur,7.63,1.62,12.29,198.2,2014,November
2014-11,Onion,Jalgaon,Jalgaon,12.13,8.02,15.95,1340.0,2014,November
2014-11,Onion,Ahmadnagar,Jamkhed,10.03,1.11,18.94,520.2,2014,November
2014-11,Onion,Pune,Junnar,18.17,12.0,22.35,2285.1,2014,November
2014-11,Onion,Beed,Kada,15.0,3.0,17.0,105.0,2014,November
2014-11,Onion,Nasik,Kalvan,15.04,4.57,18.97,4600.0,2014,November
2014-11,Onion,Nagpur,Kamthi,20.0,15.0,25.0,5.3,2014,November
2014-11,Onion,Satara,Karad,10.3,7.6,13.4,75.6,2014,November
2014-11,Onion,Kolhapur,Kolhapur,12.32,4.91,20.3,11053.8,2014,November
2014-11,Onion,Ahmadnagar,Kopargaon,10.84,2.61,15.82,596.4,2014,November
2014-11,Onion,Satara,Koregaon,12.63,5.75,19.5,25.3,2014,November
2014-11,Onion,Solapur,Kurdwadi,7.43,2.6,11.67,102.6,2014,November
2014-11,Onion,Nasik,Lasalgaon,14.22,8.09,16.18,6756.0,2014,November
2014-11,Onion,Aurangabad,Lasur Station,11.0,2.0,16.75,182.9,2014,November
2014-11,Onion,Satara,Lonand,13.63,7.75,16.59,1399.6,2014,November
2014-11,Onion,Nasik,Malegaon,13.47,7.15,15.45,5389.4,2014,November
2014-11,Onion,Buldhana,Malkapur,13.32,10.41,16.27,417.0,2014,November
2014-11,Onion,Pune,Manchar,13.23,5.33,21.12,756.5,2014,November
2014-11,Onion,Nasik,Manmad,14.39,7.33,16.33,4610.7,2014,November
2014-11,Onion,Mumbai,Mumbai,19.38,14.5,24.25,24115.0,2014,November
2014-11,Onion,Nagpur,Nagpur,13.66,9.11,18.2,12877.0,2014,November
2014-11,Onion,Nasik,Nandgaon,14.13,6.98,16.08,553.3,2014,November
2014-11,Onion,Nasik,Nashik,15.63,3.46,18.38,1431.5,2014,November
2014-11,Onion,Ahmadnagar,Newasa-Ghodegaon,16.77,3.35,19.62,24431.4,2014,November
2014-11,Onion,Solapur,Pandharpur,8.42,1.85,13.27,281.4,2014,November
2014-11,Onion,Ahmadnagar,Parner,12.07,5.0,19.14,2083.8,2014,November
2014-11,Onion,Ahmadnagar,Pathardi,10.55,1.41,18.55,485.7,2014,November
2014-11,Onion,Satara,Phaltan,13.0,4.75,19.1,878.6,2014,November
2014-11,Onion,Nasik,Pimpalgaon (B)-Saykheda,13.0,5.1,16.09,1442.3,2014,November
2014-11,Onion,Nasik,Pimpalgaon Basawant,15.43,9.76,18.2,9262.7,2014,November
2014-11,Onion,Pune,Pune,14.02,6.81,20.29,19987.0,2014,November
2014-11,Onion,Pune,Pune-Manjri,3.57,3.43,11.5,2.0,2014,November
2014-11,Onion,Pune,Pune-Pimpri,20.0,19.17,20.83,5.0,2014,November
2014-11,Onion,Ahmadnagar,Rahata,14.4,4.9,21.0,1882.3,2014,November
2014-11,Onion,Ahmadnagar,Rahuri,10.83,1.67,19.92,7109.1,2014,November
2014-11,Onion,Ahmadnagar,Rahuri-Vambori,10.73,1.55,19.91,4478.3,2014,November
2014-11,Onion,Ahmadnagar,Sangamner,13.33,5.0,21.57,5726.4,2014,November
2014-11,Onion,Nasik,Satana,13.88,8.88,19.69,1232.1,2014,November
2014-11,Onion,Satara,Satara,14.94,12.78,17.33,332.2,2014,November
2014-11,Onion,Dhule,Shirpur,14.02,5.05,16.76,157.9,2014,November
2014-11,Onion,Ahmadnagar,Shrirampur,14.14,2.82,17.82,2024.5,2014,November
2014-11,Onion,Nasik,Sinner,13.45,3.2,16.61,1366.6,2014,November
2014-11,Onion,Solapur,Solapur,8.2,1.01,19.85,85154.0,2014,November
2014-11,Onion,Aurangabad,Vaijapur,10.42,3.58,16.75,581.5,2014,November
2014-11,Onion,Nasik,Yeola,13.39,4.75,16.23,4650.1,2014,November
2014-11,Rice,Gondiya,Aamgaon,15.07,14.38,15.77,1015.3,2014,November
2014-11,Rice,Gadchiroli,Aheri,16.796,16.7217,16.8424,238.4,2014,November
2014-11,Rice,Latur,Ahmedpur,8.51,8.51,8.51,0.2,2014,November
2014-11,Rice,Ahmadnagar,Akole,16.25,14.5,18.0,20.4,2014,November
2014-11,Rice,Raigad,Alibag,16.0,15.0,17.0,90.0,2014,November
2014-11,Rice,Gondiya,Arjuni Morgaon,14.94,14.65,15.24,629.3,2014,November
2014-11,Rice,Gadchiroli,Armori,17.24,16.75,17.74,463.0,2014,November
2014-11,Rice,Gadchiroli,Armori-Desaiganj,16.29,14.85,17.45,4744.8,2014,November
2014-11,Rice,Solapur,Barshi,14.3879,13.49,15.7976,8.7,2014,November
2014-11,Rice,Solapur,Barshi-Vairag,8.0,8.0,8.0,0.3,2014,November
2014-11,Rice,Bhandara,Bhandara,31.48,30.18,32.51,11.5,2014,November
2014-11,Rice,Thane,Bhivandi,18.18,14.06,22.65,127.8,2014,November
2014-11,Rice,Nagpur,Bhiwapur,23.95,22.25,25.67,85.1,2014,November
2014-11,Rice,Chandrapur,Brahmpuri,17.44,17.02,17.86,247.6,2014,November
2014-11,Rice,Gadchiroli,Chamorshi,17.55,17.0,18.5,17.5,2014,November
2014-11,Rice,Chandrapur,Chimur,20.81,19.76,21.16,301.2,2014,November
2014-11,Rice,Gadchiroli,Gadchiroli,18.51,17.81,19.31,553.5,2014,November
2014-11,Rice,Nasik,Ghoti,21.83,21.0,22.66,18.0,2014,November
2014-11,Rice,Gondiya,Gondiya,14.42,13.15,14.82,381.8,2014,November
2014-11,Rice,Chandrapur,Gondpimpri,20.66,20.16,20.95,90.6,2014,November
2014-11,Rice,Pune,Indapur-Bhigwan,14.54,14.29,14.63,15.7,2014,November
2014-11,Rice,Raigad,Karjat (Raigad),23.77,17.3133,32.4744,363.4,2014,November
2014-11,Rice,Kolhapur,Kolhapur-Laxmipuri,33.0,21.0,56.5,87.0,2014,November
2014-11,Rice,Bhandara,Lakhandur,17.65,16.75,17.81,140.2,2014,November
2014-11,Rice,Bhandara,Lakhani,19.52,18.37,21.0,9.6,2014,November
2014-11,Rice,Nagpur,Mandhal,18.64,17.7,19.5,76.8,2014,November
2014-11,Rice,Raigad,Mangaon(Bhadav),26.8257,17.9029,34.0589,10.5,2014,November
2014-11,Rice,Chandrapur,Mul,22.35,20.36,24.33,1701.6,2014,November
2014-11,Rice,Mumbai,Mumbai,73.71,60.06,93.52,46653.9,2014,November
2014-11,Rice,Thane,Murbad,16.14,16.14,18.86,50.9,2014,November
2014-11,Rice,Chandrapur,Nagbhid,21.58,20.44,22.71,1929.7,2014,November
2014-11,Rice,Nagpur,Nagpur,31.2075,29.3887,33.0292,668.2,2014,November
2014-11,Rice,Nandurbar,Nandurbar,23.75,23.75,23.75,1.5,2014,November
2014-11,Rice,Bhandara,Pavani,19.06,18.51,19.44,119.2,2014,November
2014-11,Rice,Raigad,Pen,22.3332,20.5846,29.5893,16.8,2014,November
2014-11,Rice,Pune,Pune,59.09,52.8,65.4,2797.9,2014,November
2014-11,Rice,Nagpur,Ramtek,16.29,15.86,16.92,458.2,2014,November
2014-11,Rice,Raigad,Roha,13.5,13.0,14.0,3.2,2014,November
2014-11,Rice,Thane,Shahapur,14.98,14.28,15.37,9.0,2014,November
2014-11,Rice,Sangli,Shirala,14.0,13.6,14.6,51.7,2014,November
2014-11,Rice,Nasik,Sinner,14.56,14.56,14.58,0.2,2014,November
2014-11,Rice,Solapur,Solapur,38.4,21.14,57.19,3575.9,2014,November
2014-11,Rice,Gondiya,Tiroda,15.89,15.23,16.53,6442.5,2014,November
2014-11,Rice,Osmanabad,Tuljapur,10.07,10.01,10.13,2.7,2014,November
2014-11,Rice,Bhandara,Tumsar,19.1634,18.6305,19.6963,8191.9,2014,November
2014-11,Rice,Nagpur,Umared,30.13,20.0,40.25,262.8,2014,November
2014-11,Rice,Wasim,Washim,11.5,11.0,12.0,1.2,2014,November
2014-11,Soybean,Yewatmal,Aarni,31.26,29.0,33.12,595.0,2014,November
2014-11,Soybean,Amaravathi,Achalpur,31.95,31.13,32.71,400.0,2014,November
2014-11,Soybean,Gadchiroli,Aheri,25.67,16.67,30.0,27.6,2014,November
2014-11,Soybean,Ahmadnagar,Ahmednagar,30.36,28.56,32.17,101.3,2014,November
2014-11,Soybean,Latur,Ahmedpur,32.83,32.14,33.48,950.3,2014,November
2014-11,Soybean,Hingoli,Akhadabalapur,31.6,30.65,32.55,193.2,2014,November
2014-11,Soybean,Solapur,Akluj,32.05,32.05,32.05,1.3,2014,November
2014-11,Soybean,Akola,Akola,31.65,30.58,32.71,13184.0,2014,November
2014-11,Soybean,Ahmadnagar,Akole,30.0,28.25,31.25,116.7,2014,November
2014-11,Soybean,Amaravathi,Amarawati,31.9,31.0,32.41,0.3,2014,November
2014-11,Soybean,Jalna,Ambad(Vadi Godri),31.1,29.78,32.7,55.5,2014,November
2014-11,Soybean,Beed,Ambejogai,32.89,30.76,33.54,4393.2,2014,November
2014-11,Soybean,Amaravathi,Anajngaon Surji,31.41,28.17,32.57,8250.0,2014,November
2014-11,Soybean,Wardha,Arvi,31.23,28.61,34.45,1285.0,2014,November
2014-11,Soybean,Wardha,Ashti-Karanja,31.0,28.5,32.5,35.0,2014,November
2014-11,Soybean,Aurangabad,Aurangabad,31.83,31.64,32.01,10.0,2014,November
2014-11,Soybean,Latur,Ausa,33.62,31.16,34.07,3114.3,2014,November
2014-11,Soybean,Yewatmal,Babhulgaon,31.17,28.57,33.6,2075.0,2014,November
2014-11,Soybean,Pune,Baramati,31.43,28.75,33.16,163.9,2014,November
2014-11,Soybean,Solapur,Barshi,32.36,31.05,33.38,458.7,2014,November
2014-11,Soybean,Solapur,Barshi-Vairag,31.76,26.5,32.63,7.9,2014,November
2014-11,Soybean,Hingoli,Basmat,33.04,32.53,33.45,248.7,2014,November
2014-11,Soybean,Beed,Beed,32.55,30.19,33.37,1136.0,2014,November
2014-11,Soybean,Bhandara,Bhandara,31.97,28.71,33.29,39.2,2014,November
2014-11,Soybean,Nagpur,Bhiwapur,32.06,30.8,33.32,160.1,2014,November
2014-11,Soybean,Nanded,Bhokar,31.9,30.54,33.63,803.0,2014,November
2014-11,Soybean,Jalna,Bhokardan,32.01,31.62,32.38,445.4,2014,November
2014-11,Soybean,Jalna,Bhokardan-Pimpalgaon Renu,32.45,31.81,32.63,51.3,2014,November
2014-11,Soybean,Yewatmal,Bori Arab,31.38,26.1,32.35,14.6,2014,November
2014-11,Soybean,Buldhana,Buldhana,31.7,28.5,32.0,35.0,2014,November
2014-11,Soybean,Chandrapur,Chandrapur,31.83,28.39,32.99,1790.4,2014,November
2014-11,Soybean,Amaravathi,Chandur Bajar,32.17,28.94,34.11,1606.9,2014,November
2014-11,Soybean,Amaravathi,Chandur Rly.,32.0,30.86,32.59,368.9,2014,November
2014-11,Soybean,Buldhana,Chikhali,31.56,30.0,33.12,464.2,2014,November
2014-11,Soybean,Chandrapur,Chimur,31.6,30.3,32.4,6.0,2014,November
2014-11,Soybean,Jalgaon,Chopda,33.0,31.28,33.44,151.9,2014,November
2014-11,Soybean,Yewatmal,Darwha,31.24,30.48,32.57,74.7,2014,November
2014-11,Soybean,Amaravathi,Daryapur,31.62,20.27,32.66,307.3,2014,November
2014-11,Soybean,Nanded,Deglur,33.78,33.78,33.78,1.4,2014,November
2014-11,Soybean,Amaravathi,Dhamangaon-Rly,31.17,28.84,34.01,4367.0,2014,November
2014-11,Soybean,Dhule,Dhule,32.54,31.7,32.81,19.7,2014,November
2014-11,Soybean,Yewatmal,Digras,31.78,30.42,32.87,709.4,2014,November
2014-11,Soybean,Parbhani,Gangakhed,30.58,29.58,31.19,1245.2,2014,November
2014-11,Soybean,Aurangabad,Gangapur,33.08,31.8,33.26,1.5,2014,November
2014-11,Soybean,Beed,Gevrai,32.19,30.82,33.18,177.2,2014,November
2014-11,Soybean,Jalna,Ghansawangi,32.38,31.0,32.88,176.6,2014,November
2014-11,Soybean,Chandrapur,Gondpimpri,29.66,28.82,30.54,213.1,2014,November
2014-11,Soybean,Nanded,Hadgaon,31.33,31.33,33.02,890.4,2014,November
2014-11,Soybean,Wardha,Hinganghat,30.21,26.65,33.77,7624.0,2014,November
2014-11,Soybean,Nagpur,Hingna,31.08,29.53,32.63,13.4,2014,November
2014-11,Soybean,Pune,Indapur-Bhigwan,29.78,29.38,30.85,2.2,2014,November
2014-11,Soybean,Jalna,Jafrabad,31.28,30.24,32.21,201.6,2014,November
2014-11,Soybean,Jalgaon,Jalgaon,32.88,32.88,32.88,19.7,2014,November
2014-11,Soybean,Buldhana,Jalgaon Jamod,30.88,30.06,31.81,28.4,2014,November
2014-11,Soybean,Buldhana,Jalgaon Jamod-Aasalgaon,31.59,30.75,32.44,514.1,2014,November
2014-11,Soybean,Latur,Jalkot,33.41,32.0,34.38,57.9,2014,November
2014-11,Soybean,Jalna,Jalna,32.35,29.42,33.0,7719.0,2014,November
2014-11,Soybean,Jalna,Jalna-Badnapur,33.3,31.5,33.5,449.1,2014,November
2014-11,Soybean,Ahmadnagar,Jamkhed,31.35,29.95,32.75,252.5,2014,November
2014-11,Soybean,Parbhani,Jintur,31.69,29.28,33.09,1024.1,2014,November
2014-11,Soybean,Parbhani,Jintur-Bori,32.04,30.02,33.23,245.2,2014,November
2014-11,Soybean,Beed,Kada,32.68,30.35,33.15,37.5,2014,November
2014-11,Soybean,Osmanabad,Kalamb (Os),33.23,31.92,33.53,2999.6,2014,November
2014-11,Soybean,Yewatmal,Kalamb (Yawatmal),31.46,30.22,33.07,470.6,2014,November
2014-11,Soybean,Hingoli,Kalamnuri,30.14,30.07,30.29,457.2,2014,November
2014-11,Soybean,Nagpur,Kalmeshwar,32.56,29.02,33.62,352.5,2014,November
2014-11,Soybean,Nasik,Kalvan,33.14,32.05,33.76,80.9,2014,November
2014-11,Soybean,Wasim,Karanja,31.91,29.6,33.29,11300.0,2014,November
2014-11,Soybean,Nagpur,Katol,30.96,27.96,32.86,886.9,2014,November
2014-11,Soybean,Buldhana,Khamgaon,30.97,29.0,32.95,20208.1,2014,November
2014-11,Soybean,Beed,Kille Dharur,29.48,27.06,30.49,525.4,2014,November
2014-11,Soybean,Nanded,Kinwat,31.38,30.38,32.38,77.0,2014,November
2014-11,Soybean,Ahmadnagar,Kopargaon,32.16,30.16,32.89,256.3,2014,November
2014-11,Soybean,Chandrapur,Korpana,31.11,28.53,32.2,532.6,2014,November
2014-11,Soybean,Solapur,Kurdwadi,32.25,32.25,32.25,0.3,2014,November
2014-11,Soybean,Nasik,Lasalgaon,33.62,19.0,34.08,841.8,2014,November
2014-11,Soybean,Aurangabad,Lasur Station,33.25,30.56,33.62,68.0,2014,November
2014-11,Soybean,Latur,Latur,33.12,30.62,33.12,14199.2,2014,November
2014-11,Soybean,Nanded,Loha,33.31,32.5,33.5,18.5,2014,November
2014-11,Soybean,Buldhana,Lonar,32.41,31.51,33.18,15472.5,2014,November
2014-11,Soybean,Nanded,Mahur,27.47,27.47,30.11,164.0,2014,November
2014-11,Soybean,Beed,Majalgaon,31.73,29.05,33.53,1436.0,2014,November
2014-11,Soybean,Nasik,Malegaon,32.5,32.26,33.25,3.4,2014,November
2014-11,Soybean,Wasim,Malegaon (Washim),32.03,30.51,32.99,4737.0,2014,November
2014-11,Soybean,Buldhana,Malkapur,31.73,28.86,33.15,1007.5,2014,November
2014-11,Soybean,Nagpur,Mandhal,30.18,28.12,33.24,397.5,2014,November
2014-11,Soybean,Wasim,Mangrulpeer,31.85,26.82,33.39,4485.0,2014,November
2014-11,Soybean,Wasim,Manora,31.87,29.33,34.38,1494.9,2014,November
2014-11,Soybean,Jalna,Mantha,32.21,30.14,32.84,91.2,2014,November
2014-11,Soybean,Buldhana,Mehkar,32.71,29.63,33.94,5301.3,2014,November
2014-11,Soybean,Amaravathi,Morshi,31.66,30.99,32.32,1587.1,2014,November
2014-11,Soybean,Akola,Murtizapur,30.67,28.2,32.69,4640.0,2014,November
2014-11,Soybean,Osmanabad,Murum,33.07,32.88,33.25,12.5,2014,November
2014-11,Soybean,Nagpur,Nagpur,31.24,28.17,34.33,1277.9,2014,November
2014-11,Soybean,Nanded,Naigaon,33.54,33.13,33.96,34.5,2014,November
2014-11,Soybean,Nanded,Nanded,32.87,32.46,33.1,754.2,2014,November
2014-11,Soybean,Buldhana,Nandura,31.82,29.5,33.21,2444.8,2014,November
2014-11,Soybean,Nandurbar,Nandurbar,31.45,29.52,33.01,258.5,2014,November
2014-11,Soybean,Yewatmal,Ner Parasopant,31.75,30.67,32.82,2841.3,2014,November
2014-11,Soybean,Latur,Nilanga,34.19,32.63,34.52,378.0,2014,November
2014-11,Soybean,Osmanabad,Osmanabad,31.77,29.98,33.5,109.3,2014,November
2014-11,Soybean,Aurangabad,Paithan,32.75,32.75,53.02,26.9,2014,November
2014-11,Soybean,Yewatmal,Pandharkawada,30.88,27.37,32.09,674.6,2014,November
2014-11,Soybean,Parbhani,Parbhani,32.53,31.93,32.97,2292.1,2014,November
2014-11,Soybean,Beed,Parli-Vaijnath,33.39,31.84,33.59,1932.9,2014,November
2014-11,Soybean,Jalna,Partur,32.73,31.81,33.36,328.2,2014,November
2014-11,Soybean,Parbhani,Pathari,31.92,29.73,32.61,174.9,2014,November
2014-11,Soybean,Akola,Patur,30.99,27.12,30.99,506.0,2014,November
2014-11,Soybean,Wardha,Pulgaon,32.18,29.37,33.01,229.1,2014,November
2014-11,Soybean,Parbhani,Purna,33.29,31.65,33.72,180.0,2014,November
2014-11,Soybean,Yewatmal,Pusad,32.96,29.44,33.74,641.9,2014,November
2014-11,Soybean,Ahmadnagar,Rahata,31.45,30.48,32.44,55.8,2014,November
2014-11,Soybean,Ahmadnagar,Rahuri-Vambori,32.41,31.99,32.83,19.3,2014,November
2014-11,Soybean,Chandrapur,Rajura,31.18,29.32,32.35,1445.3,2014,November
2014-11,Soybean,Nagpur,Ramtek,29.21,27.53,30.87,10.5,2014,November
2014-11,Soybean,Parbhani,Sailu,32.87,31.48,33.35,307.1,2014,November
2014-11,Soybean,Wardha,Samudrapur,30.86,28.55,33.17,98.9,2014,November
2014-11,Soybean,Sangli,Sangali,31.69,29.1,34.28,500.2,2014,November
2014-11,Soybean,Ahmadnagar,Sangamner,31.65,30.83,32.46,6.3,2014,November
2014-11,Soybean,Buldhana,Sangrampur,29.6,26.0,32.62,144.4,2014,November
2014-11,Soybean,Nasik,Satana,78.2,78.0,78.25,0.3,2014,November
2014-11,Soybean,Nagpur,Savner,32.08,31.09,33.03,419.8,2014,November
2014-11,Soybean,Nandurbar,Shahada,32.31,25.64,33.77,185.3,2014,November
2014-11,Soybean,Buldhana,Shegaon,31.19,29.37,33.02,1481.2,2014,November
2014-11,Soybean,Ahmadnagar,Shevgaon,30.5,30.5,30.63,3.7,2014,November
2014-11,Soybean,Sangli,Shirala,29.33,26.2,32.33,108.3,2014,November
2014-11,Soybean,Dhule,Shirpur,31.71,27.8,32.58,212.7,2014,November
2014-11,Soybean,Pune,Shirur,31.0,31.0,31.0,0.9,2014,November
2014-11,Soybean,Ahmadnagar,Shrirampur,31.44,28.89,32.6,67.8,2014,November
2014-11,Soybean,Aurangabad,Sillod,30.73,30.08,32.04,17.7,2014,November
2014-11,Soybean,Aurangabad,Sillod-Bharadi,31.58,30.0,32.28,2.6,2014,November
2014-11,Soybean,Wardha,Sindi,31.46,29.16,33.81,417.4,2014,November
2014-11,Soybean,Nasik,Sinner,32.43,30.14,33.65,14.4,2014,November
2014-11,Soybean,Solapur,Solapur,33.64,31.47,33.92,12.0,2014,November
2014-11,Soybean,Parbhani,Sonpeth,33.13,31.56,33.66,469.7,2014,November
2014-11,Soybean,Sangli,Tasgaon,31.0,29.5,32.0,7.0,2014,November
2014-11,Soybean,Akola,Telhara,31.4,30.62,32.14,887.5,2014,November
2014-11,Soybean,Osmanabad,Tuljapur,32.92,32.67,33.18,56.4,2014,November
2014-11,Soybean,Latur,Udgir,33.32,33.02,33.63,3426.9,2014,November
2014-11,Soybean,Nagpur,Umared,31.69,29.5,33.87,2064.3,2014,November
2014-11,Soybean,Osmanabad,Umarga,33.25,27.76,33.78,135.3,2014,November
2014-11,Soybean,Yewatmal,Umarkhed,29.9,27.43,31.71,760.0,2014,November
2014-11,Soybean,Yewatmal,Umarkhed-Danki,29.8,27.5,31.6,785.0,2014,November
2014-11,Soybean,Satara,Vaduj,32.11,31.22,33.0,37.0,2014,November
2014-11,Soybean,Aurangabad,Vaijapur,31.67,31.67,31.67,2.0,2014,November
2014-11,Soybean,Yewatmal,Vani,31.91,30.35,33.24,659.4,2014,November
2014-11,Soybean,Chandrapur,Varora,31.89,29.67,34.12,321.0,2014,November
2014-11,Soybean,Amaravathi,Varud-Rajura Bazar,32.63,31.42,33.33,19.4,2014,November
2014-11,Soybean,Wardha,Wardha,32.29,29.86,34.19,762.9,2014,November
2014-11,Soybean,Wasim,Washim,31.8,30.57,33.07,10003.2,2014,November
2014-11,Soybean,Jalgaon,Yawal,24.83,24.0,25.13,40.6,2014,November
2014-11,Soybean,Nasik,Yeola,33.14,31.38,33.63,1.1,2014,November
2014-11,Soybean,Yewatmal,Yeotmal,31.62,30.0,33.27,2938.1,2014,November
2014-11,Soybean,Yewatmal,Zarijamini,29.68,28.02,31.03,50.6,2014,November
2014-11,Sugarcane,Nagpur,Kamthi,8.0,6.0,10.0,2.5,2014,November
2014-12,Bajra,Solapur,Akkolkot,13.5,13.5,13.5,0.3,2014,December
2014-12,Bajra,Solapur,Akluj,13.51,13.51,13.51,0.6,2014,December
2014-12,Bajra,Ahmadnagar,Akole,15.63,13.75,17.5,4.0,2014,December
2014-12,Bajra,Jalna,Ambad(Vadi Godri),13.95,12.29,16.06,163.7,2014,December
2014-12,Bajra,Beed,Ambejogai,14.96,14.96,14.96,1.7,2014,December
2014-12,Bajra,Aurangabad,Aurangabad,14.11,13.07,15.16,86.8,2014,December
2014-12,Bajra,Pune,Baramati,16.35,14.69,17.58,454.8,2014,December
2014-12,Bajra,Solapur,Barshi,14.65,14.16,15.4,19.1,2014,December
2014-12,Bajra,Beed,Beed,15.2,13.75,16.32,229.1,2014,December
2014-12,Bajra,Jalgaon,Bhusaval,13.0,13.0,13.0,1.5,2014,December
2014-12,Bajra,Jalgaon,Chalisgaon,13.02,11.02,13.62,680.5,2014,December
2014-12,Bajra,Jalgaon,Chopda,12.32,11.56,12.36,15.8,2014,December
2014-12,Bajra,Nasik,Devala,13.19,12.57,14.02,54.8,2014,December
2014-12,Bajra,Dhule,Dhule,13.33,10.05,14.86,365.3,2014,December
2014-12,Bajra,Dhule,Dondaicha,13.0,12.7,13.25,27.8,2014,December
2014-12,Bajra,Pune,Dound,14.58,12.91,16.39,66.2,2014,December
2014-12,Bajra,Solapur,Dudhani,13.71,11.3,15.11,282.9,2014,December
2014-12,Bajra,Aurangabad,Gangapur,13.2,11.98,14.26,31.0,2014,December
2014-12,Bajra,Beed,Gevrai,13.55,12.68,14.42,115.9,2014,December
2014-12,Bajra,Pune,Indapur-Bhigwan,14.75,13.5,17.5,20.2,2014,December
2014-12,Bajra,Jalgaon,Jalgaon,13.98,13.98,13.98,8.1,2014,December
2014-12,Bajra,Jalna,Jalna,13.9,10.17,16.52,632.6,2014,December
2014-12,Bajra,Jalna,Jalna-Badnapur,14.5,14.5,14.5,0.1,2014,December
2014-12,Bajra,Ahmadnagar,Jamkhed,13.94,13.0,14.88,84.6,2014,December
2014-12,Bajra,Beed,Kada,14.28,12.5,15.9,80.2,2014,December
2014-12,Bajra,Osmanabad,Kalamb (Os),15.33,13.93,15.91,11.3,2014,December
2014-12,Bajra,Nasik,Kalvan,12.41,11.32,13.35,41.9,2014,December
2014-12,Bajra,Aurangabad,Kannad,13.02,12.5,13.64,18.1,2014,December
2014-12,Bajra,Wasim,Karanja,15.19,15.19,15.26,2.6,2014,December
2014-12,Bajra,Beed,Kej,17.0,15.92,18.71,2.8,2014,December
2014-12,Bajra,Buldhana,Khamgaon,10.75,10.17,11.36,90.2,2014,December
2014-12,Bajra,Beed,Kille Dharur,17.95,14.39,22.84,27.0,2014,December
2014-12,Bajra,Ahmadnagar,Kopargaon,13.78,10.56,14.64,86.4,2014,December
2014-12,Bajra,Solapur,Kurdwadi,13.63,13.63,13.63,0.9,2014,December
2014-12,Bajra,Nasik,Lasalgaon,13.66,11.76,14.42,52.8,2014,December
2014-12,Bajra,Latur,Latur,13.63,11.44,15.92,182.3,2014,December
2014-12,Bajra,Satara,Lonand,15.38,12.63,17.03,21.0,2014,December
2014-12,Bajra,Beed,Majalgaon,14.14,11.87,16.76,27.6,2014,December
2014-12,Bajra,Nasik,Malegaon,13.65,12.51,15.3,228.2,2014,December
2014-12,Bajra,Buldhana,Malkapur,11.67,11.32,12.07,8.8,2014,December
2014-12,Bajra,Solapur,Mangalwedha,13.39,12.63,13.55,14.7,2014,December
2014-12,Bajra,Nasik,Manmad,13.6,11.63,14.76,62.0,2014,December
2014-12,Bajra,Jalna,Mantha,14.75,14.75,14.75,0.9,2014,December
2014-12,Bajra,Osmanabad,Murum,13.55,13.55,13.55,2.8,2014,December
2014-12,Bajra,Nasik,Nandgaon,12.35,10.66,13.94,727.0,2014,December
2014-12,Bajra,Buldhana,Nandura,12.27,10.94,13.27,45.3,2014,December
2014-12,Bajra,Nandurbar,Nandurbar,13.05,10.3,15.34,111.3,2014,December
2014-12,Bajra,Ahmadnagar,Newasa,13.31,13.27,13.35,3.3,2014,December
2014-12,Bajra,Aurangabad,Paithan,14.2,13.4,14.74,21.8,2014,December
2014-12,Bajra,Solapur,Pandharpur,13.13,13.13,13.13,0.6,2014,December
2014-12,Bajra,Beed,Parli-Vaijnath,17.04,16.96,17.46,3.4,2014,December
2014-12,Bajra,Jalna,Partur,13.36,12.0,13.36,0.7,2014,December
2014-12,Bajra,Ahmadnagar,Pathardi,13.61,12.6,14.92,33.0,2014,December
2014-12,Bajra,Satara,Phaltan,16.33,12.83,19.58,55.2,2014,December
2014-12,Bajra,Pune,Pune,19.12,17.03,21.21,139.8,2014,December
2014-12,Bajra,Yewatmal,Pusad,18.06,15.75,18.9,4.0,2014,December
2014-12,Bajra,Ahmadnagar,Rahata,12.06,11.51,12.73,11.2,2014,December
2014-12,Bajra,Ahmadnagar,Rahuri,13.4,13.25,13.5,5.8,2014,December
2014-12,Bajra,Ahmadnagar,Rahuri-Vambori,14.78,13.31,15.39,17.3,2014,December
2014-12,Bajra,Jalgaon,Raver,14.77,12.62,14.77,1.8,2014,December
2014-12,Bajra,Parbhani,Sailu,15.5,15.5,15.85,1.0,2014,December
2014-12,Bajra,Dhule,Sakri,12.45,12.07,12.84,2.4,2014,December
2014-12,Bajra,Sangli,Sangali,15.44,12.95,17.98,247.5,2014,December
2014-12,Bajra,Ahmadnagar,Sangamner,15.35,13.41,16.66,54.7,2014,December
2014-12,Bajra,Nasik,Satana,14.45,11.38,16.03,61.6,2014,December
2014-12,Bajra,Nandurbar,Shahada,14.85,14.04,15.26,11.5,2014,December
2014-12,Bajra,Buldhana,Shegaon,12.59,12.48,12.7,4.6,2014,December
2014-12,Bajra,Ahmadnagar,Shevgaon,13.68,11.43,14.35,59.9,2014,December
2014-12,Bajra,Ahmadnagar,Shevgaon-Bodhegaon,12.66,11.24,13.45,104.7,2014,December
2014-12,Bajra,Dhule,Shirpur,12.56,8.74,13.51,47.1,2014,December
2014-12,Bajra,Pune,Shirur,13.96,13.51,14.46,12.9,2014,December
2014-12,Bajra,Ahmadnagar,Shrirampur,13.2,11.62,14.56,45.5,2014,December
2014-12,Bajra,Nasik,Sinner,12.39,10.52,14.96,83.6,2014,December
2014-12,Bajra,Solapur,Solapur,13.2,13.17,13.39,3.4,2014,December
2014-12,Bajra,Nandurbar,Taloda,13.87,13.4,14.48,6.0,2014,December
2014-12,Bajra,Osmanabad,Umarga,11.3,10.6,11.96,11.2,2014,December
2014-12,Bajra,Satara,Vaduj,14.5,14.0,15.0,17.3,2014,December
2014-12,Bajra,Aurangabad,Vaijapur,12.83,11.67,13.67,3.5,2014,December
2014-12,Bajra,Nasik,Yeola,13.18,12.65,14.25,25.7,2014,December
2014-12,Cotton,Gadchiroli,Aheri,39.86,39.86,39.86,560.8,2014,December
2014-12,Cotton,Hingoli,Akhadabalapur,40.69,40.0,41.38,270.6,2014,December
2014-12,Cotton,Amaravathi,Anajngaon Surji,40.5,40.5,40.5,40.5,2014,December
2014-12,Cotton,Wardha,Arvi,40.74,40.26,41.13,14258.5,2014,December
2014-12,Cotton,Aurangabad,Aurangabad,39.76,39.2,40.17,3418.1,2014,December
2014-12,Cotton,Hingoli,Basmat,40.17,40.0,40.28,633.1,2014,December
2014-12,Cotton,Nagpur,Bhiwapur,39.09,38.63,39.56,251.7,2014,December
2014-12,Cotton,Nanded,Bhokar,39.01,38.55,39.66,5152.3,2014,December
2014-12,Cotton,Jalna,Bhokardan,40.0,39.01,40.5,6795.7,2014,December
2014-12,Cotton,Amaravathi,Chandur Rly.,40.43,40.33,40.53,925.9,2014,December
2014-12,Cotton,Chandrapur,Chimur,39.89,39.4,40.4,70.8,2014,December
2014-12,Cotton,Yewatmal,Darwha,39.72,39.25,40.19,387.7,2014,December
2014-12,Cotton,Amaravathi,Daryapur,40.33,40.0,40.75,144.0,2014,December
2014-12,Cotton,Buldhana,Deulgaon Raja,40.09,39.27,40.67,6787.5,2014,December
2014-12,Cotton,Amaravathi,Dhamangaon-Rly,40.36,40.19,40.6,828.4,2014,December
2014-12,Cotton,Yewatmal,Digras,39.63,38.89,40.38,1845.6,2014,December
2014-12,Cotton,Dhule,Dondaicha,40.45,40.25,40.5,1171.9,2014,December
2014-12,Cotton,Aurangabad,Fulambri,10.1,10.1,40.42,105.5,2014,December
2014-12,Cotton,Aurangabad,Gangapur,39.75,39.75,39.78,1660.8,2014,December
2014-12,Cotton,Beed,Gevrai,39.36,38.04,40.36,13047.4,2014,December
2014-12,Cotton,Jalna,Ghansawangi,39.4,39.0,39.8,230.6,2014,December
2014-12,Cotton,Yewatmal,Ghatanji,39.83,39.27,40.38,9307.7,2014,December
2014-12,Cotton,Nanded,Hadgaon,39.15,39.15,40.03,2112.8,2014,December
2014-12,Cotton,Jalna,Jafrabad,39.5,38.29,40.07,1605.6,2014,December
2014-12,Cotton,Jalgaon,Jalgaon,40.5,40.5,40.5,2302.9,2014,December
2014-12,Cotton,Buldhana,Jalgaon Jamod,40.0,39.5,40.5,116.9,2014,December
2014-12,Cotton,Jalna,Jalna,41.9,39.94,41.93,7219.0,2014,December
2014-12,Cotton,Jalna,Jalna-Badnapur,40.38,40.34,40.46,4686.1,2014,December
2014-12,Cotton,Ahmadnagar,Jamkhed,39.91,39.5,40.33,4419.9,2014,December
2014-12,Cotton,Jalgaon,Jamner,39.0,37.5,40.5,1974.5,2014,December
2014-12,Cotton,Jalgaon,Jamner-Neri,39.0,37.5,40.5,949.9,2014,December
2014-12,Cotton,Hingoli,Jawala-Bajar,40.06,39.63,40.45,810.0,2014,December
2014-12,Cotton,Parbhani,Jintur,39.84,39.39,40.38,5812.2,2014,December
2014-12,Cotton,Yewatmal,Kalamb (Yawatmal),39.8,38.84,40.55,2180.4,2014,December
2014-12,Cotton,Hingoli,Kalamnuri,42.75,42.5,42.75,32.9,2014,December
2014-12,Cotton,Nagpur,Kalmeshwar,39.8,39.0,40.23,8164.1,2014,December
2014-12,Cotton,Wasim,Karanja,40.32,40.31,40.36,44.5,2014,December
2014-12,Cotton,Nagpur,Katol,39.67,38.9,40.2,2216.3,2014,December
2014-12,Cotton,Buldhana,Khamgaon,40.08,39.66,40.5,6373.3,2014,December
2014-12,Cotton,Beed,Kille Dharur,39.94,39.54,53.92,9772.1,2014,December
2014-12,Cotton,Nanded,Kinwat,39.46,38.82,39.89,1204.1,2014,December
2014-12,Cotton,Chandrapur,Korpana,40.5,40.5,40.5,1714.0,2014,December
2014-12,Cotton,Yewatmal,Mahagaon,39.13,38.5,40.0,201.8,2014,December
2014-12,Cotton,Nanded,Mahur,38.62,37.62,39.62,431.0,2014,December
2014-12,Cotton,Beed,Majalgaon,39.5,38.36,40.21,6869.8,2014,December
2014-12,Cotton,Jalna,Mantha,39.31,38.67,39.71,4640.9,2014,December
2014-12,Cotton,Nanded,Naigaon,38.51,38.5,39.5,102.9,2014,December
2014-12,Cotton,Buldhana,Nandura,40.2,39.51,40.5,1492.3,2014,December
2014-12,Cotton,Nandurbar,Nandurbar,40.8,40.5,41.3,1049.5,2014,December
2014-12,Cotton,Nagpur,Narkhed,33.0,33.0,40.53,2500.4,2014,December
2014-12,Cotton,Nandurbar,Navapur,38.0,38.0,38.0,6.6,2014,December
2014-12,Cotton,Ahmadnagar,Newasa,40.7,40.5,40.9,104.2,2014,December
2014-12,Cotton,Yewatmal,Pandharkawada,39.47,38.03,39.97,4892.1,2014,December
2014-12,Cotton,Parbhani,Parbhani,40.44,39.83,40.47,10774.5,2014,December
2014-12,Cotton,Beed,Parli-Vaijnath,39.63,38.6,40.46,3819.6,2014,December
2014-12,Cotton,Nagpur,Parshiwani,39.1,38.31,39.5,42.5,2014,December
2014-12,Cotton,Jalna,Partur,40.13,39.87,40.46,7146.1,2014,December
2014-12,Cotton,Ahmadnagar,Pathardi,39.0,37.52,40.22,883.5,2014,December
2014-12,Cotton,Wardha,Pulgaon,40.49,39.71,41.15,11478.1,2014,December
2014-12,Cotton,Parbhani,Purna,40.17,39.0,40.5,683.1,2014,December
2014-12,Cotton,Chandrapur,Rajura,39.86,38.71,40.13,2092.0,2014,December
2014-12,Cotton,Yewatmal,Ralegaon,40.09,39.5,40.5,23238.3,2014,December
2014-12,Cotton,Parbhani,Sailu,40.36,39.4,40.44,4920.0,2014,December
2014-12,Cotton,Wardha,Samudrapur,40.18,39.74,41.4,5775.7,2014,December
2014-12,Cotton,Nagpur,Savner,39.33,39.06,39.6,596.0,2014,December
2014-12,Cotton,Nandurbar,Shahada,40.5,40.5,40.5,1344.2,2014,December
2014-12,Cotton,Ahmadnagar,Shevgaon,39.95,38.59,40.97,14030.3,2014,December
2014-12,Cotton,Ahmadnagar,Shrigonda,40.87,40.85,40.89,571.6,2014,December
2014-12,Cotton,Ahmadnagar,Shrigonda-Ghogargaon,40.3,40.26,40.33,417.6,2014,December
2014-12,Cotton,Wardha,Sindi,40.35,39.67,40.7,542.5,2014,December
2014-12,Cotton,Wardha,Sindi (Selu),39.51,39.03,40.75,7459.0,2014,December
2014-12,Cotton,Parbhani,Sonpeth,39.71,39.25,39.95,4304.5,2014,December
2014-12,Cotton,Nandurbar,Taloda,38.48,37.9,39.16,464.2,2014,December
2014-12,Cotton,Akola,Telhara,40.17,39.88,40.48,1992.6,2014,December
2014-12,Cotton,Nagpur,Umared,39.32,38.74,39.94,1307.2,2014,December
2014-12,Cotton,Yewatmal,Umarkhed,39.76,38.71,40.41,1320.3,2014,December
2014-12,Cotton,Aurangabad,Vaijapur,40.0,39.0,40.5,54.7,2014,December
2014-12,Cotton,Yewatmal,Vani,40.05,39.13,40.51,12753.4,2014,December
2014-12,Cotton,Amaravathi,Varud,39.6,39.27,40.08,1945.0,2014,December
2014-12,Cotton,Wardha,Wardha,40.09,39.66,40.66,620.0,2014,December
2014-12,Cotton,Nasik,Yeola,39.5,38.5,40.5,105.9,2014,December
2014-12,Cotton,Yewatmal,Yeotmal,39.76,39.11,40.37,4456.8,2014,December
2014-12,Cotton,Yewatmal,Zarijamini,40.05,38.89,40.28,1937.5,2014,December
2014-12,Jowar,Amaravathi,Achalpur,14.62,14.14,15.1,28.0,2014,December
2014-12,Jowar,Gadchiroli,Aheri,12.5,12.5,12.5,3.3,2014,December
2014-12,Jowar,Hingoli,Akhadabalapur,15.16,15.0,15.29,12.1,2014,December
2014-12,Jowar,Akola,Akola,14.92,13.16,16.72,709.3,2014,December
2014-12,Jowar,Amaravathi,Amarawati,16.4,14.68,17.94,5.0,2014,December
2014-12,Jowar,Jalna,Ambad(Vadi Godri),14.67,11.7,22.21,94.7,2014,December
2014-12,Jowar,Beed,Ambejogai,22.8,21.68,23.44,48.1,2014,December
2014-12,Jowar,Amaravathi,Anajngaon Surji,13.93,12.83,14.92,186.0,2014,December
2014-12,Jowar,Sangli,Atpadi,19.0,17.0,21.0,13.2,2014,December
2014-12,Jowar,Aurangabad,Aurangabad,18.26,16.74,19.98,8.6,2014,December
2014-12,Jowar,Latur,Ausa,17.1,15.37,18.66,156.3,2014,December
2014-12,Jowar,Pune,Baramati,19.06,16.77,21.7,207.1,2014,December
2014-12,Jowar,Solapur,Barshi,20.88,14.08,26.66,1148.8,2014,December
2014-12,Jowar,Solapur,Barshi-Vairag,16.04,11.04,22.08,135.4,2014,December
2014-12,Jowar,Beed,Beed,21.8,16.52,25.13,96.3,2014,December
2014-12,Jowar,Nanded,Bhokar,13.94,12.63,15.48,15.6,2014,December
2014-12,Jowar,Jalna,Bhokardan,12.13,12.0,12.25,4.4,2014,December
2014-12,Jowar,Jalna,Bhokardan-Pimpalgaon Renu,12.33,12.08,12.45,3.0,2014,December
2014-12,Jowar,Jalgaon,Bhusaval,13.06,12.74,13.25,68.5,2014,December
2014-12,Jowar,Jalgaon,Chalisgaon,13.64,12.02,14.41,368.2,2014,December
2014-12,Jowar,Amaravathi,Chandur Bajar,14.75,13.0,15.5,20.2,2014,December
2014-12,Jowar,Amaravathi,Chandur Rly.,15.5,15.5,15.5,1.7,2014,December
2014-12,Jowar,Buldhana,Chikhali,11.15,10.8,11.5,2.1,2014,December
2014-12,Jowar,Jalgaon,Chopda,14.73,13.6,15.17,183.9,2014,December
2014-12,Jowar,Amaravathi,Daryapur,12.5,12.0,13.0,2.4,2014,December
2014-12,Jowar,Nasik,Devala,20.99,20.09,22.5,2.9,2014,December
2014-12,Jowar,Dhule,Dhule,17.31,15.35,18.24,319.3,2014,December
2014-12,Jowar,Yewatmal,Digras,3.1,3.1,13.87,41.4,2014,December
2014-12,Jowar,Dhule,Dondaicha,15.32,14.05,16.0,81.4,2014,December
2014-12,Jowar,Pune,Dound,21.42,17.43,23.95,193.5,2014,December
2014-12,Jowar,Solapur,Dudhani,13.19,10.94,17.69,37.0,2014,December
2014-12,Jowar,Aurangabad,Gangapur,16.04,14.56,17.56,16.7,2014,December
2014-12,Jowar,Beed,Gevrai,20.27,16.25,23.39,73.0,2014,December
2014-12,Jowar,Hingoli,Hingoli,14.91,12.73,17.09,12.4,2014,December
2014-12,Jowar,Pune,Indapur-Bhigwan,21.0,18.0,26.5,46.5,2014,December
2014-12,Jowar,Jalna,Jafrabad,10.17,9.33,11.0,12.5,2014,December
2014-12,Jowar,Jalgaon,Jalgaon,13.87,13.12,14.01,194.8,2014,December
2014-12,Jowar,Buldhana,Jalgaon Jamod,15.0,15.0,15.0,0.1,2014,December
2014-12,Jowar,Buldhana,Jalgaon Jamod-Aasalgaon,12.31,11.44,13.19,78.4,2014,December
2014-12,Jowar,Jalna,Jalna,19.0,11.21,27.05,676.9,2014,December
2014-12,Jowar,Ahmadnagar,Jamkhed,24.68,18.0,31.36,509.5,2014,December
2014-12,Jowar,Parbhani,Jintur,13.95,13.39,17.29,12.1,2014,December
2014-12,Jowar,Parbhani,Jintur-Bori,12.12,11.9,12.27,2.0,2014,December
2014-12,Jowar,Beed,Kada,22.27,15.3,28.91,121.3,2014,December
2014-12,Jowar,Osmanabad,Kalamb (Os),15.98,13.43,18.05,294.4,2014,December
2014-12,Jowar,Aurangabad,Kannad,13.75,13.75,13.75,0.3,2014,December
2014-12,Jowar,Wasim,Karanja,14.72,14.09,16.08,72.1,2014,December
2014-12,Jowar,Nagpur,Katol,12.18,12.1,12.34,6.3,2014,December
2014-12,Jowar,Beed,Kej,21.24,18.52,23.46,23.8,2014,December
2014-12,Jowar,Buldhana,Khamgaon,12.63,11.11,14.15,921.2,2014,December
2014-12,Jowar,Beed,Kille Dharur,22.08,18.67,23.96,42.4,2014,December
2014-12,Jowar,Ahmadnagar,Kopargaon,16.36,16.36,16.36,0.6,2014,December
2014-12,Jowar,Satara,Koregaon,16.25,15.17,17.33,3.1,2014,December
2014-12,Jowar,Solapur,Kurdwadi,18.61,11.14,26.09,65.7,2014,December
2014-12,Jowar,Nasik,Lasalgaon,18.54,17.34,18.54,1.1,2014,December
2014-12,Jowar,Latur,Latur,21.75,19.73,23.65,117.5,2014,December
2014-12,Jowar,Nanded,Loha,14.88,13.4,16.88,26.7,2014,December
2014-12,Jowar,Satara,Lonand,17.5,15.5,20.0,15.7,2014,December
2014-12,Jowar,Buldhana,Lonar,11.29,10.7,11.87,34.5,2014,December
2014-12,Jowar,Beed,Majalgaon,17.74,11.24,23.7,18.2,2014,December
2014-12,Jowar,Nasik,Malegaon,21.38,17.72,23.72,21.7,2014,December
2014-12,Jowar,Buldhana,Malkapur,13.24,12.0,14.1,259.4,2014,December
2014-12,Jowar,Solapur,Mangalwedha,20.48,15.19,23.3,99.4,2014,December
2014-12,Jowar,Wasim,Mangrulpeer,14.13,12.45,14.17,5.8,2014,December
2014-12,Jowar,Jalna,Mantha,16.26,11.8,20.17,6.4,2014,December
2014-12,Jowar,Buldhana,Mehkar,15.1,10.97,16.85,11.2,2014,December
2014-12,Jowar,Solapur,Mohol,18.85,15.46,21.12,16.4,2014,December
2014-12,Jowar,Amaravathi,Morshi,14.09,13.61,14.56,136.8,2014,December
2014-12,Jowar,Akola,Murtizapur,15.01,13.98,15.99,3.0,2014,December
2014-12,Jowar,Osmanabad,Murum,20.37,20.23,20.5,0.9,2014,December
2014-12,Jowar,Nagpur,Nagpur,18.4,16.0,20.8,35.8,2014,December
2014-12,Jowar,Nanded,Naigaon,13.67,11.67,14.33,2.6,2014,December
2014-12,Jowar,Nanded,Nanded,13.61,12.65,13.62,10.2,2014,December
2014-12,Jowar,Nasik,Nandgaon,17.99,15.0,18.0,0.3,2014,December
2014-12,Jowar,Buldhana,Nandura,13.26,11.2,14.66,533.3,2014,December
2014-12,Jowar,Nandurbar,Nandurbar,13.57,11.55,15.55,750.3,2014,December
2014-12,Jowar,Nandurbar,Navapur,14.5,14.0,15.0,2.0,2014,December
2014-12,Jowar,Osmanabad,Osmanabad,17.17,15.66,18.73,18.3,2014,December
2014-12,Jowar,Aurangabad,Paithan,17.83,15.5,19.33,4.4,2014,December
2014-12,Jowar,Solapur,Pandharpur,22.89,19.9,25.48,7.1,2014,December
2014-12,Jowar,Parbhani,Parbhani,17.0,17.0,17.0,1.0,2014,December
2014-12,Jowar,Beed,Parli-Vaijnath,16.89,15.63,17.71,51.5,2014,December
2014-12,Jowar,Jalna,Partur,11.28,10.56,11.47,2.2,2014,December
2014-12,Jowar,Ahmadnagar,Pathardi,17.17,15.5,20.0,14.7,2014,December
2014-12,Jowar,Parbhani,Pathari,16.97,16.97,87.58,1.9,2014,December
2014-12,Jowar,Satara,Phaltan,19.67,15.77,25.09,80.3,2014,December
2014-12,Jowar,Pune,Pune,26.91,24.78,29.04,1032.2,2014,December
2014-12,Jowar,Parbhani,Purna,10.38,10.38,10.38,0.6,2014,December
2014-12,Jowar,Yewatmal,Pusad,13.85,12.35,15.07,29.3,2014,December
2014-12,Jowar,Ahmadnagar,Rahata,13.68,13.6,14.86,2.5,2014,December
2014-12,Jowar,Ahmadnagar,Rahuri,14.44,14.44,14.44,1.5,2014,December
2014-12,Jowar,Ahmadnagar,Rahuri-Vambori,18.36,16.83,19.89,14.1,2014,December
2014-12,Jowar,Jalgaon,Raver,13.58,12.34,14.03,106.5,2014,December
2014-12,Jowar,Parbhani,Sailu,13.5,13.5,16.0,0.6,2014,December
2014-12,Jowar,Sangli,Sangali,22.3,16.53,28.05,707.1,2014,December
2014-12,Jowar,Ahmadnagar,Sangamner,18.65,17.8,19.5,9.0,2014,December
2014-12,Jowar,Buldhana,Sangrampur,11.88,10.21,13.61,42.6,2014,December
2014-12,Jowar,Nagpur,Savner,12.25,11.58,12.92,24.5,2014,December
2014-12,Jowar,Nandurbar,Shahada,15.69,15.15,16.15,96.8,2014,December
2014-12,Jowar,Buldhana,Shegaon,12.68,11.41,13.93,589.5,2014,December
2014-12,Jowar,Ahmadnagar,Shevgaon,17.4,16.04,25.22,69.2,2014,December
2014-12,Jowar,Ahmadnagar,Shevgaon-Bodhegaon,16.94,15.73,17.9,71.2,2014,December
2014-12,Jowar,Dhule,Shirpur,15.15,13.47,17.16,299.1,2014,December
2014-12,Jowar,Pune,Shirur,15.88,14.79,16.43,18.0,2014,December
2014-12,Jowar,Ahmadnagar,Shrirampur,18.0,15.35,19.47,14.9,2014,December
2014-12,Jowar,Nasik,Sinner,17.72,15.79,19.85,1.7,2014,December
2014-12,Jowar,Solapur,Solapur,21.41,19.06,24.21,479.2,2014,December
2014-12,Jowar,Parbhani,Sonpeth,16.16,16.16,16.16,0.6,2014,December
2014-12,Jowar,Nandurbar,Taloda,15.83,15.05,16.91,515.1,2014,December
2014-12,Jowar,Sangli,Tasgaon,15.0,13.75,16.0,26.0,2014,December
2014-12,Jowar,Akola,Telhara,12.48,11.79,13.17,227.5,2014,December
2014-12,Jowar,Latur,Udgir,10.85,9.95,11.75,16.7,2014,December
2014-12,Jowar,Nagpur,Umared,12.67,12.0,13.33,0.5,2014,December
2014-12,Jowar,Osmanabad,Umarga,15.84,14.77,16.57,36.5,2014,December
2014-12,Jowar,Satara,Vaduj,23.11,22.44,23.78,219.0,2014,December
2014-12,Jowar,Aurangabad,Vaijapur,14.11,14.11,14.11,0.2,2014,December
2014-12,Jowar,Amaravathi,Varud,15.3,15.3,15.3,522.9,2014,December
2014-12,Jowar,Amaravathi,Varud-Rajura Bazar,12.71,12.71,12.99,1.2,2014,December
2014-12,Jowar,Wasim,Washim,15.4,14.57,16.4,50.7,2014,December
2014-12,Jowar,Yewatmal,Yeotmal,12.97,12.97,12.97,0.6,2014,December
2014-12,Onion,Solapur,Akluj,10.5,6.56,15.13,72.0,2014,December
2014-12,Onion,Ahmadnagar,Akole,12.04,2.38,20.75,162.4,2014,December
2014-12,Onion,Amaravathi,Amarawati,16.0,13.88,17.79,7.2,2014,December
2014-12,Onion,Aurangabad,Aurangabad,10.11,4.68,15.63,806.1,2014,December
2014-12,Onion,Pune,Baramati,11.0,3.5,19.19,220.9,2014,December
2014-12,Onion,Solapur,Barshi,12.54,1.99,17.67,3324.8,2014,December
2014-12,Onion,Thane,Bhivandi,18.0,14.33,21.89,14.8,2014,December
2014-12,Onion,Chandrapur,Chandrapur-Ganjwad,15.12,9.27,19.96,854.4,2014,December
2014-12,Onion,Nasik,Chandvad,14.47,2.42,16.73,13535.0,2014,December
2014-12,Onion,Nasik,Devala,15.06,8.05,17.64,8901.2,2014,December
2014-12,Onion,Dhule,Dhule,14.43,3.74,17.92,12264.2,2014,December
2014-12,Onion,Nasik,Dindori-Vani,14.99,12.53,18.14,5606.5,2014,December
2014-12,Onion,Pune,Indapur,7.0,1.25,12.06,26.4,2014,December
2014-12,Onion,Jalgaon,Jalgaon,12.4,5.93,15.94,2705.0,2014,December
2014-12,Onion,Ahmadnagar,Jamkhed,11.33,1.33,21.33,1345.4,2014,December
2014-12,Onion,Pune,Junnar,17.38,11.7,22.88,174.1,2014,December
2014-12,Onion,Pune,Junnar (Alephata),18.13,13.79,22.42,7319.6,2014,December
2014-12,Onion,Pune,Junnar-Otur,20.63,16.63,26.44,1601.0,2014,December
2014-12,Onion,Nasik,Kalvan,14.83,4.0,18.17,5470.0,2014,December
2014-12,Onion,Thane,Kalyan,14.17,11.67,16.67,0.9,2014,December
2014-12,Onion,Nagpur,Kamthi,17.22,11.11,23.33,6.6,2014,December
2014-12,Onion,Satara,Karad,16.06,12.25,19.88,65.7,2014,December
2014-12,Onion,Kolhapur,Kolhapur,12.73,5.19,22.42,15601.5,2014,December
2014-12,Onion,Ahmadnagar,Kopargaon,10.56,3.68,14.01,85.4,2014,December
2014-12,Onion,Satara,Koregaon,10.31,5.38,16.0,34.3,2014,December
2014-12,Onion,Solapur,Kurdwadi,8.5,1.0,16.0,60.0,2014,December
2014-12,Onion,Nasik,Lasalgaon,14.64,9.4,16.51,28505.5,2014,December
2014-12,Onion,Satara,Lonand,15.41,8.45,19.6,840.6,2014,December
2014-12,Onion,Nasik,Malegaon,13.35,5.98,15.54,11018.4,2014,December
2014-12,Onion,Buldhana,Malkapur,13.5,10.25,14.61,57.1,2014,December
2014-12,Onion,Nasik,Manmad,14.51,6.97,16.45,20487.1,2014,December
2014-12,Onion,Mumbai,Mumbai,18.08,14.38,21.77,28620.0,2014,December
2014-12,Onion,Nagpur,Nagpur,13.78,8.81,18.74,14537.9,2014,December
2014-12,Onion,Nasik,Nandgaon,13.96,6.9,16.18,6504.0,2014,December
2014-12,Onion,Nasik,Nashik,15.69,3.23,17.98,2088.8,2014,December
2014-12,Onion,Ahmadnagar,Newasa-Ghodegaon,15.15,3.0,19.92,21854.3,2014,December
2014-12,Onion,Osmanabad,Osmanabad,10.98,6.76,15.21,23.7,2014,December
2014-12,Onion,Solapur,Pandharpur,12.02,1.96,16.84,300.5,2014,December
2014-12,Onion,Ahmadnagar,Parner,13.73,6.0,20.81,7613.5,2014,December
2014-12,Onion,Ahmadnagar,Pathardi,9.0,1.5,17.7,756.3,2014,December
2014-12,Onion,Satara,Phaltan,12.2,4.4,20.22,472.3,2014,December
2014-12,Onion,Nasik,Pimpalgaon (B)-Saykheda,12.71,4.31,16.0,5007.5,2014,December
2014-12,Onion,Nasik,Pimpalgaon Basawant,14.02,8.38,17.61,36003.0,2014,December
2014-12,Onion,Pune,Pune,14.2,6.64,21.36,35516.6,2014,December
2014-12,Onion,Pune,Pune-Manjri,5.22,4.0,12.94,4.1,2014,December
2014-12,Onion,Pune,Pune-Pimpri,24.2,24.0,24.4,1.4,2014,December
2014-12,Onion,Ahmadnagar,Rahata,13.21,4.29,18.71,2402.9,2014,December
2014-12,Onion,Ahmadnagar,Rahuri,10.79,1.36,20.14,5558.5,2014,December
2014-12,Onion,Ahmadnagar,Rahuri-Vambori,13.23,1.27,20.09,8423.3,2014,December
2014-12,Onion,Ahmadnagar,Sangamner,13.91,5.0,22.82,9903.9,2014,December
2014-12,Onion,Nasik,Satana,13.5,7.88,18.63,1218.2,2014,December
2014-12,Onion,Satara,Satara,17.44,14.56,20.44,381.2,2014,December
2014-12,Onion,Dhule,Shirpur,12.67,3.68,16.33,310.5,2014,December
2014-12,Onion,Ahmadnagar,Shrirampur,13.64,2.71,17.61,322.2,2014,December
2014-12,Onion,Nasik,Sinner,14.13,3.39,17.96,6345.3,2014,December
2014-12,Onion,Solapur,Solapur,10.12,1.11,22.28,113427.6,2014,December
2014-12,Onion,Aurangabad,Vaijapur,10.48,1.5,18.5,1511.8,2014,December
2014-12,Onion,Nasik,Yeola,14.57,4.46,16.38,22288.9,2014,December
2014-12,Rice,Gondiya,Aamgaon,15.18,14.81,15.54,1460.8,2014,December
2014-12,Rice,Gadchiroli,Aheri,14.12,14.12,14.12,1089.2,2014,December
2014-12,Rice,Ahmadnagar,Akole,16.25,14.0,18.0,34.6,2014,December
2014-12,Rice,Raigad,Alibag,16.0,15.0,17.0,87.0,2014,December
2014-12,Rice,Gondiya,Arjuni Morgaon,16.21,15.88,16.54,534.3,2014,December
2014-12,Rice,Gadchiroli,Armori,15.35,14.74,15.76,1147.8,2014,December
2014-12,Rice,Gadchiroli,Armori-Desaiganj,15.5,14.5,16.24,6961.9,2014,December
2014-12,Rice,Latur,Ausa,10.01,8.5,14.26,0.7,2014,December
2014-12,Rice,Solapur,Barshi,13.6,12.7,14.07,34.6,2014,December
2014-12,Rice,Bhandara,Bhandara,35.13,33.86,36.34,12.3,2014,December
2014-12,Rice,Thane,Bhivandi,18.14,14.67,21.19,137.5,2014,December
2014-12,Rice,Nagpur,Bhiwapur,19.29,18.5,20.08,612.5,2014,December
2014-12,Rice,Chandrapur,Brahmpuri,18.12,17.72,18.52,336.0,2014,December
2014-12,Rice,Gadchiroli,Chamorshi,18.53,18.11,19.29,1284.6,2014,December
2014-12,Rice,Chandrapur,Chimur,20.06,19.47,20.55,539.1,2014,December
2014-12,Rice,Gadchiroli,Gadchiroli,16.46,15.84,16.89,409.6,2014,December
2014-12,Rice,Gondiya,Gondiya,14.15,14.03,14.59,553.8,2014,December
2014-12,Rice,Chandrapur,Gondpimpri,18.35,17.86,18.91,80.0,2014,December
2014-12,Rice,Gondiya,Goregaon,15.64,14.53,16.28,67.8,2014,December
2014-12,Rice,Pune,Indapur-Bhigwan,14.06,13.96,14.19,5.7,2014,December
2014-12,Rice,Raigad,Karjat (Raigad),23.3017,17.1113,31.6081,441.9,2014,December
2014-12,Rice,Nasik,Lasalgaon,15.92,15.92,15.92,0.1,2014,December
2014-12,Rice,Nagpur,Mandhal,19.7,18.84,20.59,172.5,2014,December
2014-12,Rice,Raigad,Mangaon(Bhadav),41.9,18.32,41.9,9.9,2014,December
2014-12,Rice,Chandrapur,Mul,19.03,17.92,20.13,6749.1,2014,December
2014-12,Rice,Mumbai,Mumbai,72.48,55.42,91.89,65088.0,2014,December
2014-12,Rice,Thane,Murbad,17.21,17.21,19.25,5.4,2014,December
2014-12,Rice,Chandrapur,Nagbhid,18.7,16.61,20.78,6804.0,2014,December
2014-12,Rice,Nagpur,Nagpur,25.8401,23.7064,27.9738,1618.6,2014,December
2014-12,Rice,Nandurbar,Nandurbar,35.0,35.0,35.0,0.4,2014,December
2014-12,Rice,Nandurbar,Navapur,12.2,12.0,13.0,5.0,2014,December
2014-12,Rice,Thane,Palghar(Bevur),24.52,20.01,29.02,31.0,2014,December
2014-12,Rice,Bhandara,Pavani,17.81,17.31,18.21,142.4,2014,December
2014-12,Rice,Raigad,Pen,21.9508,20.3385,29.1723,15.6,2014,December
2014-12,Rice,Pune,Pune,57.31,49.61,64.81,4103.2,2014,December
2014-12,Rice,Nagpur,Ramtek,17.27,16.87,17.7,3188.6,2014,December
2014-12,Rice,Raigad,Roha,13.5,13.0,14.0,360.0,2014,December
2014-12,Rice,Chandrapur,Savali,19.88,17.23,24.13,222.5,2014,December
2014-12,Rice,Thane,Shahapur,15.38,14.5,15.9,14.4,2014,December
2014-12,Rice,Sangli,Shirala,13.9,13.6,14.2,25.0,2014,December
2014-12,Rice,Ahmadnagar,Shrirampur,10.17,10.17,10.17,9.7,2014,December
2014-12,Rice,Nasik,Sinner,14.31,9.01,14.31,0.2,2014,December
2014-12,Rice,Solapur,Solapur,37.82,21.15,56.64,2750.4,2014,December
2014-12,Rice,Gondiya,Tiroda,15.43,14.91,15.93,6928.7,2014,December
2014-12,Rice,Bhandara,Tumsar,17.0377,16.2979,17.4143,10309.0,2014,December
2014-12,Rice,Nagpur,Umared,28.79,20.0,37.57,451.0,2014,December
2014-12,Rice,Osmanabad,Umarga,8.84,8.84,8.84,0.6,2014,December
2014-12,Rice,Wasim,Washim,13.02,12.73,13.41,2.5,2014,December
2014-12,Soybean,Yewatmal,Aarni,29.71,27.61,31.46,286.5,2014,December
2014-12,Soybean,Amaravathi,Achalpur,31.64,30.6,32.68,170.0,2014,December
2014-12,Soybean,Gadchiroli,Aheri,24.42,20.83,25.83,22.6,2014,December
2014-12,Soybean,Hingoli,Akhadabalapur,31.05,30.26,32.02,360.0,2014,December
2014-12,Soybean,Akola,Akola,30.99,29.79,32.27,6439.1,2014,December
2014-12,Soybean,Ahmadnagar,Akole,30.0,28.25,31.25,97.5,2014,December
2014-12,Soybean,Amaravathi,Amarawati,32.08,31.63,32.43,5.1,2014,December
2014-12,Soybean,Jalna,Ambad(Vadi Godri),30.88,29.15,32.0,13.9,2014,December
2014-12,Soybean,Beed,Ambejogai,32.45,30.59,32.95,3465.1,2014,December
2014-12,Soybean,Amaravathi,Anajngaon Surji,31.17,30.02,32.37,2842.5,2014,December
2014-12,Soybean,Wardha,Arvi,30.39,27.43,33.36,591.8,2014,December
2014-12,Soybean,Aurangabad,Aurangabad,31.25,31.25,31.25,1.0,2014,December
2014-12,Soybean,Latur,Ausa,33.03,30.7,33.32,1930.9,2014,December
2014-12,Soybean,Yewatmal,Babhulgaon,30.41,27.79,32.66,811.0,2014,December
2014-12,Soybean,Pune,Baramati,31.51,31.0,32.4,12.2,2014,December
2014-12,Soybean,Solapur,Barshi,32.71,31.25,33.5,66.9,2014,December
2014-12,Soybean,Solapur,Barshi-Vairag,33.44,32.8,33.44,5.9,2014,December
2014-12,Soybean,Hingoli,Basmat,32.26,32.03,32.46,48.3,2014,December
2014-12,Soybean,Beed,Beed,32.16,31.07,32.63,69.3,2014,December
2014-12,Soybean,Bhandara,Bhandara,30.21,29.27,30.75,4.0,2014,December
2014-12,Soybean,Nagpur,Bhiwapur,31.21,30.0,32.43,56.0,2014,December
2014-12,Soybean,Nanded,Bhokar,31.99,30.85,33.14,460.0,2014,December
2014-12,Soybean,Jalna,Bhokardan,31.66,31.41,31.81,102.5,2014,December
2014-12,Soybean,Jalna,Bhokardan-Pimpalgaon Renu,31.89,31.63,32.1,74.6,2014,December
2014-12,Soybean,Buldhana,Buldhana,31.33,30.5,31.85,96.5,2014,December
2014-12,Soybean,Jalgaon,Chalisgaon,30.8,30.0,32.1,8.3,2014,December
2014-12,Soybean,Chandrapur,Chandrapur,30.23,27.82,32.13,917.5,2014,December
2014-12,Soybean,Amaravathi,Chandur Bajar,31.88,28.51,33.88,733.2,2014,December
2014-12,Soybean,Amaravathi,Chandur Rly.,31.79,30.56,32.99,739.0,2014,December
2014-12,Soybean,Buldhana,Chikhali,31.56,29.31,33.21,130.8,2014,December
2014-12,Soybean,Chandrapur,Chimur,30.55,30.1,31.0,4.7,2014,December
2014-12,Soybean,Jalgaon,Chopda,32.31,29.91,32.62,28.3,2014,December
2014-12,Soybean,Yewatmal,Darwha,31.3,30.98,31.63,13.9,2014,December
2014-12,Soybean,Amaravathi,Daryapur,32.02,27.23,32.49,182.3,2014,December
2014-12,Soybean,Amaravathi,Dhamangaon-Rly,31.86,30.64,33.26,802.5,2014,December
2014-12,Soybean,Dhule,Dhule,31.14,30.41,31.3,14.2,2014,December
2014-12,Soybean,Yewatmal,Digras,31.68,30.44,32.42,450.5,2014,December
2014-12,Soybean,Beed,Gevrai,32.16,30.98,32.42,31.0,2014,December
2014-12,Soybean,Jalna,Ghansawangi,31.9,30.8,32.6,125.7,2014,December
2014-12,Soybean,Yewatmal,Ghatanji,31.23,30.13,32.25,153.5,2014,December
2014-12,Soybean,Chandrapur,Gondpimpri,28.3,27.7,29.63,537.4,2014,December
2014-12,Soybean,Nanded,Hadgaon,31.5,31.5,33.0,574.8,2014,December
2014-12,Soybean,Wardha,Hinganghat,30.54,27.93,33.15,4102.2,2014,December
2014-12,Soybean,Nagpur,Hingna,30.68,28.95,32.4,23.7,2014,December
2014-12,Soybean,Hingoli,Hingoli,32.17,30.87,33.26,1394.5,2014,December
2014-12,Soybean,Pune,Indapur-Bhigwan,30.01,28.5,30.01,0.3,2014,December
2014-12,Soybean,Sangli,Islampur,32.0,31.75,32.75,0.5,2014,December
2014-12,Soybean,Jalna,Jafrabad,31.38,30.08,32.08,90.6,2014,December
2014-12,Soybean,Jalgaon,Jalgaon,32.58,32.5,32.58,30.7,2014,December
2014-12,Soybean,Buldhana,Jalgaon Jamod,31.5,30.67,32.33,21.7,2014,December
2014-12,Soybean,Buldhana,Jalgaon Jamod-Aasalgaon,31.5,30.61,32.39,437.7,2014,December
2014-12,Soybean,Jalna,Jalna,32.37,29.99,32.66,2595.7,2014,December
2014-12,Soybean,Ahmadnagar,Jamkhed,31.08,30.0,32.17,65.1,2014,December
2014-12,Soybean,Hingoli,Jawala-Bajar,32.15,31.74,32.4,86.0,2014,December
2014-12,Soybean,Parbhani,Jintur,31.76,28.34,32.41,777.5,2014,December
2014-12,Soybean,Parbhani,Jintur-Bori,31.32,29.67,32.23,65.8,2014,December
2014-12,Soybean,Beed,Kada,31.39,31.18,31.73,5.9,2014,December
2014-12,Soybean,Osmanabad,Kalamb (Os),32.79,30.87,33.0,1410.7,2014,December
2014-12,Soybean,Yewatmal,Kalamb (Yawatmal),30.98,29.95,32.29,138.1,2014,December
2014-12,Soybean,Hingoli,Kalamnuri,30.0,30.0,30.0,130.0,2014,December
2014-12,Soybean,Nagpur,Kalmeshwar,31.81,29.42,32.52,178.8,2014,December
2014-12,Soybean,Nasik,Kalvan,32.4,31.84,32.83,52.0,2014,December
2014-12,Soybean,Wasim,Karanja,31.13,29.7,32.58,7500.0,2014,December
2014-12,Soybean,Nagpur,Katol,31.65,29.6,33.15,1082.4,2014,December
2014-12,Soybean,Beed,Kej,32.68,32.28,32.98,2.6,2014,December
2014-12,Soybean,Buldhana,Khamgaon,31.02,29.58,32.46,12850.1,2014,December
2014-12,Soybean,Beed,Kille Dharur,32.3,29.41,32.61,265.6,2014,December
2014-12,Soybean,Ahmadnagar,Kopargaon,31.99,29.45,32.47,150.7,2014,December
2014-12,Soybean,Chandrapur,Korpana,30.75,30.25,31.25,46.0,2014,December
2014-12,Soybean,Nasik,Lasalgaon,32.89,17.13,33.36,783.6,2014,December
2014-12,Soybean,Latur,Latur,32.63,30.72,33.09,8649.5,2014,December
2014-12,Soybean,Nanded,Loha,32.61,32.25,32.91,16.0,2014,December
2014-12,Soybean,Buldhana,Lonar,32.29,31.71,32.87,9415.5,2014,December
2014-12,Soybean,Nanded,Mahur,28.37,27.37,29.37,351.5,2014,December
2014-12,Soybean,Beed,Majalgaon,31.39,29.78,32.54,305.5,2014,December
2014-12,Soybean,Nasik,Malegaon,32.16,30.88,34.23,9.0,2014,December
2014-12,Soybean,Buldhana,Malkapur,31.73,28.73,32.55,265.3,2014,December
2014-12,Soybean,Nagpur,Mandhal,29.99,27.95,32.28,77.9,2014,December
2014-12,Soybean,Wasim,Mangrulpeer,32.17,27.62,33.06,2693.8,2014,December
2014-12,Soybean,Wasim,Manora,32.1,30.02,33.9,1223.4,2014,December
2014-12,Soybean,Jalna,Mantha,31.82,29.91,32.36,37.2,2014,December
2014-12,Soybean,Buldhana,Mehkar,32.75,29.79,33.71,2822.2,2014,December
2014-12,Soybean,Amaravathi,Morshi,31.52,30.81,32.22,662.2,2014,December
2014-12,Soybean,Akola,Murtizapur,30.4,28.84,32.38,2555.0,2014,December
2014-12,Soybean,Osmanabad,Murum,32.12,31.96,32.27,8.1,2014,December
2014-12,Soybean,Nagpur,Nagpur,30.94,28.24,33.61,623.5,2014,December
2014-12,Soybean,Nanded,Naigaon,32.38,32.0,32.75,8.8,2014,December
2014-12,Soybean,Nanded,Nanded,32.36,32.25,32.44,570.7,2014,December
2014-12,Soybean,Nasik,Nandgaon,34.2,34.2,34.3,1.9,2014,December
2014-12,Soybean,Amaravathi,Nandgaon Khandeshwar,31.75,31.0,32.5,123.0,2014,December
2014-12,Soybean,Buldhana,Nandura,31.99,29.67,33.36,486.9,2014,December
2014-12,Soybean,Nandurbar,Nandurbar,30.79,28.28,32.24,124.2,2014,December
2014-12,Soybean,Yewatmal,Ner Parasopant,31.39,30.26,32.4,1567.5,2014,December
2014-12,Soybean,Osmanabad,Osmanabad,31.37,29.4,32.94,55.6,2014,December
2014-12,Soybean,Aurangabad,Paithan,30.44,29.07,31.49,8.2,2014,December
2014-12,Soybean,Yewatmal,Pandharkawada,31.06,28.89,31.66,224.8,2014,December
2014-12,Soybean,Parbhani,Parbhani,31.96,31.25,43.09,1094.1,2014,December
2014-12,Soybean,Beed,Parli-Vaijnath,32.65,30.13,32.78,1471.7,2014,December
2014-12,Soybean,Nagpur,Parshiwani,30.5,28.01,31.91,6.0,2014,December
2014-12,Soybean,Jalna,Partur,32.13,31.26,32.53,8.5,2014,December
2014-12,Soybean,Parbhani,Pathari,31.12,29.79,31.74,63.1,2014,December
2014-12,Soybean,Wardha,Pulgaon,31.85,29.37,32.52,187.6,2014,December
2014-12,Soybean,Parbhani,Purna,32.97,31.62,33.48,65.0,2014,December
2014-12,Soybean,Yewatmal,Pusad,31.96,30.39,32.65,239.0,2014,December
2014-12,Soybean,Ahmadnagar,Rahata,31.19,30.63,32.05,26.8,2014,December
2014-12,Soybean,Ahmadnagar,Rahuri,27.4,27.0,27.75,0.2,2014,December
2014-12,Soybean,Ahmadnagar,Rahuri-Vambori,31.42,31.39,31.45,7.8,2014,December
2014-12,Soybean,Chandrapur,Rajura,30.84,28.04,32.02,871.0,2014,December
2014-12,Soybean,Nagpur,Ramtek,28.72,28.01,29.43,1.6,2014,December
2014-12,Soybean,Wasim,Risod,31.01,28.86,33.05,1764.1,2014,December
2014-12,Soybean,Parbhani,Sailu,32.55,31.45,32.78,153.8,2014,December
2014-12,Soybean,Wardha,Samudrapur,30.68,28.54,32.82,68.0,2014,December
2014-12,Soybean,Sangli,Sangali,32.18,30.17,34.2,460.7,2014,December
2014-12,Soybean,Ahmadnagar,Sangamner,31.93,31.29,32.58,12.9,2014,December
2014-12,Soybean,Buldhana,Sangrampur,29.75,25.33,31.43,231.4,2014,December
2014-12,Soybean,Nagpur,Savner,31.51,30.65,32.34,271.9,2014,December
2014-12,Soybean,Nandurbar,Shahada,32.55,29.65,33.2,132.5,2014,December
2014-12,Soybean,Buldhana,Shegaon,31.57,29.18,33.96,784.1,2014,December
2014-12,Soybean,Ahmadnagar,Shevgaon,31.13,31.13,31.13,1.9,2014,December
2014-12,Soybean,Sangli,Shirala,34.5,34.0,35.0,16.0,2014,December
2014-12,Soybean,Dhule,Shirpur,31.47,27.76,32.34,44.3,2014,December
2014-12,Soybean,Pune,Shirur,31.0,31.0,31.0,0.8,2014,December
2014-12,Soybean,Ahmadnagar,Shrirampur,30.96,30.06,31.54,26.6,2014,December
2014-12,Soybean,Wardha,Sindi,31.71,29.73,34.08,116.4,2014,December
2014-12,Soybean,Nasik,Sinner,32.0,30.45,32.7,3.4,2014,December
2014-12,Soybean,Solapur,Solapur,32.74,32.74,32.79,1.2,2014,December
2014-12,Soybean,Parbhani,Sonpeth,32.4,32.28,32.56,17.5,2014,December
2014-12,Soybean,Akola,Telhara,31.38,30.84,32.06,395.0,2014,December
2014-12,Soybean,Latur,Udgir,32.86,32.7,33.03,824.9,2014,December
2014-12,Soybean,Nagpur,Umared,30.56,28.07,33.05,1090.3,2014,December
2014-12,Soybean,Osmanabad,Umarga,32.2,28.71,33.11,63.4,2014,December
2014-12,Soybean,Yewatmal,Umarkhed,30.69,29.42,31.88,605.0,2014,December
2014-12,Soybean,Yewatmal,Umarkhed-Danki,30.47,28.8,31.93,370.0,2014,December
2014-12,Soybean,Satara,Vaduj,32.33,31.44,33.22,20.0,2014,December
2014-12,Soybean,Aurangabad,Vaijapur,25.76,23.7,25.76,1.0,2014,December
2014-12,Soybean,Yewatmal,Vani,31.75,29.8,33.06,276.5,2014,December
2014-12,Soybean,Chandrapur,Varora,30.63,29.0,32.25,26.0,2014,December
2014-12,Soybean,Amaravathi,Varud-Rajura Bazar,30.62,29.0,32.23,6.8,2014,December
2014-12,Soybean,Wardha,Wardha,32.5,31.21,33.59,605.9,2014,December
2014-12,Soybean,Wasim,Washim,32.1,30.96,33.24,7532.3,2014,December
2014-12,Soybean,Nasik,Yeola,31.81,31.26,31.99,0.5,2014,December
2014-12,Soybean,Yewatmal,Yeotmal,31.63,30.14,33.0,1892.1,2014,December
2014-12,Soybean,Yewatmal,Zarijamini,28.24,26.92,30.78,2.3,2014,December
2015-01,Bajra,Amaravathi,Achalpur,15.65,15.0,16.3,0.2,2015,January
2015-01,Bajra,Ahmadnagar,Ahmednagar,16.18,14.72,17.64,9.7,2015,January
2015-01,Bajra,Solapur,Akluj,14.58,14.56,14.58,2.6,2015,January
2015-01,Bajra,Ahmadnagar,Akole,15.8,13.95,18.4,7.4,2015,January
2015-01,Bajra,Jalna,Ambad(Vadi Godri),14.13,11.7,15.38,15.6,2015,January
2015-01,Bajra,Beed,Ambejogai,16.15,15.86,16.45,1.3,2015,January
2015-01,Bajra,Aurangabad,Aurangabad,14.0,12.5,15.5,20.6,2015,January
2015-01,Bajra,Akola,Balapur,11.5,11.0,12.0,0.3,2015,January
2015-01,Bajra,Pune,Baramati,15.75,14.75,17.33,195.2,2015,January
2015-01,Bajra,Solapur,Barshi,14.25,13.93,15.89,21.5,2015,January
2015-01,Bajra,Beed,Beed,15.5,13.46,16.41,47.5,2015,January
2015-01,Bajra,Jalgaon,Chalisgaon,13.33,11.47,14.05,457.5,2015,January
2015-01,Bajra,Jalgaon,Chopda,12.59,12.25,12.59,7.8,2015,January
2015-01,Bajra,Nasik,Devala,13.55,12.81,14.9,36.0,2015,January
2015-01,Bajra,Dhule,Dhule,13.24,10.58,14.36,300.9,2015,January
2015-01,Bajra,Dhule,Dondaicha,12.74,12.0,13.04,29.7,2015,January
2015-01,Bajra,Pune,Dound,15.34,13.93,16.31,30.3,2015,January
2015-01,Bajra,Solapur,Dudhani,13.25,11.62,13.91,222.3,2015,January
2015-01,Bajra,Aurangabad,Gangapur,13.47,12.19,14.59,51.4,2015,January
2015-01,Bajra,Beed,Gevrai,13.73,12.55,14.61,135.2,2015,January
2015-01,Bajra,Pune,Indapur-Bhigwan,15.51,12.51,18.51,20.1,2015,January
2015-01,Bajra,Jalgaon,Jalgaon,13.9,13.73,14.11,16.1,2015,January
2015-01,Bajra,Jalna,Jalna,13.87,10.54,16.14,557.6,2015,January
2015-01,Bajra,Jalna,Jalna-Badnapur,13.75,13.75,13.75,0.3,2015,January
2015-01,Bajra,Ahmadnagar,Jamkhed,13.94,13.0,14.88,73.0,2015,January
2015-01,Bajra,Beed,Kada,14.47,12.5,16.21,56.5,2015,January
2015-01,Bajra,Osmanabad,Kalamb (Os),15.38,14.48,15.58,9.4,2015,January
2015-01,Bajra,Nasik,Kalvan,11.91,11.56,12.55,19.4,2015,January
2015-01,Bajra,Thane,Kalyan,22.0,20.0,24.0,0.3,2015,January
2015-01,Bajra,Wasim,Karanja,15.71,15.71,15.82,4.7,2015,January
2015-01,Bajra,Beed,Kej,16.34,14.89,18.51,9.3,2015,January
2015-01,Bajra,Buldhana,Khamgaon,11.45,10.73,12.18,60.6,2015,January
2015-01,Bajra,Beed,Kille Dharur,17.55,14.55,21.45,18.8,2015,January
2015-01,Bajra,Kolhapur,Kolhapur-Laxmipuri,15.0,13.5,18.0,1.5,2015,January
2015-01,Bajra,Ahmadnagar,Kopargaon,14.0,10.91,15.07,62.2,2015,January
2015-01,Bajra,Solapur,Kurdwadi,15.01,14.51,15.51,1.8,2015,January
2015-01,Bajra,Solapur,Kurdwadi-Modnimb,13.6,13.51,13.75,0.3,2015,January
2015-01,Bajra,Nasik,Lasalgaon,13.91,12.52,15.17,32.4,2015,January
2015-01,Bajra,Aurangabad,Lasur Station,13.99,11.14,15.52,107.5,2015,January
2015-01,Bajra,Latur,Latur,13.92,12.47,15.12,234.8,2015,January
2015-01,Bajra,Satara,Lonand,14.9,12.9,16.7,15.3,2015,January
2015-01,Bajra,Beed,Majalgaon,14.3,12.26,16.93,15.5,2015,January
2015-01,Bajra,Nasik,Malegaon,14.35,12.51,16.6,94.8,2015,January
2015-01,Bajra,Buldhana,Malkapur,11.25,10.72,12.45,5.2,2015,January
2015-01,Bajra,Solapur,Mangalwedha,13.74,13.29,14.06,12.0,2015,January
2015-01,Bajra,Nasik,Manmad,14.96,13.11,15.99,28.7,2015,January
2015-01,Bajra,Osmanabad,Murum,13.48,13.48,13.48,1.6,2015,January
2015-01,Bajra,Buldhana,Nandura,11.32,10.4,11.9,26.3,2015,January
2015-01,Bajra,Nandurbar,Nandurbar,12.93,10.49,14.97,73.4,2015,January
2015-01,Bajra,Ahmadnagar,Newasa,13.18,13.02,13.35,12.6,2015,January
2015-01,Bajra,Pune,Nira,18.7,15.0,21.0,9.5,2015,January
2015-01,Bajra,Solapur,Pandharpur,12.81,12.81,12.81,0.9,2015,January
2015-01,Bajra,Beed,Parli-Vaijnath,15.03,14.66,15.18,4.8,2015,January
2015-01,Bajra,Jalna,Partur,13.02,12.36,13.92,11.5,2015,January
2015-01,Bajra,Ahmadnagar,Pathardi,13.14,12.61,14.13,21.8,2015,January
2015-01,Bajra,Satara,Phaltan,14.63,12.53,17.99,48.0,2015,January
2015-01,Bajra,Pune,Pune,18.39,16.68,20.09,125.5,2015,January
2015-01,Bajra,Yewatmal,Pusad,17.45,12.85,18.01,1.5,2015,January
2015-01,Bajra,Ahmadnagar,Rahata,13.57,13.3,13.75,10.1,2015,January
2015-01,Bajra,Ahmadnagar,Rahuri,14.48,14.42,14.54,4.1,2015,January
2015-01,Bajra,Ahmadnagar,Rahuri-Vambori,14.02,12.73,14.65,30.3,2015,January
2015-01,Bajra,Jalgaon,Raver,16.0,16.0,16.0,0.1,2015,January
2015-01,Bajra,Parbhani,Sailu,14.92,14.9,15.5,1.7,2015,January
2015-01,Bajra,Sangli,Sangali,15.77,13.09,18.21,226.3,2015,January
2015-01,Bajra,Ahmadnagar,Sangamner,15.07,13.0,17.15,15.9,2015,January
2015-01,Bajra,Nandurbar,Shahada,13.48,13.44,13.59,7.3,2015,January
2015-01,Bajra,Buldhana,Shegaon,13.32,13.13,13.51,1.6,2015,January
2015-01,Bajra,Ahmadnagar,Shevgaon,14.39,11.41,14.92,84.2,2015,January
2015-01,Bajra,Ahmadnagar,Shevgaon-Bodhegaon,12.85,11.5,13.57,125.0,2015,January
2015-01,Bajra,Dhule,Shirpur,12.43,9.64,13.77,52.8,2015,January
2015-01,Bajra,Pune,Shirur,13.72,13.41,13.95,8.4,2015,January
2015-01,Bajra,Ahmadnagar,Shrirampur,13.57,12.53,14.39,27.5,2015,January
2015-01,Bajra,Nasik,Sinner,13.53,11.59,15.58,114.3,2015,January
2015-01,Bajra,Solapur,Solapur,13.76,13.76,13.76,13.2,2015,January
2015-01,Bajra,Nandurbar,Taloda,13.7,13.1,14.2,1.4,2015,January
2015-01,Bajra,Osmanabad,Umarga,11.81,11.45,12.27,8.7,2015,January
2015-01,Bajra,Satara,Vaduj,14.5,14.0,15.0,7.9,2015,January
2015-01,Bajra,Aurangabad,Vaijapur,13.13,12.13,14.18,10.6,2015,January
2015-01,Bajra,Wasim,Washim,14.88,14.5,15.5,10.5,2015,January
2015-01,Bajra,Nasik,Yeola,13.38,12.69,13.94,12.9,2015,January
2015-01,Cotton,Gadchiroli,Aheri,40.0,40.0,40.0,379.5,2015,January
2015-01,Cotton,Hingoli,Akhadabalapur,40.77,40.0,41.07,86.3,2015,January
2015-01,Cotton,Akola,Akot,39.5,39.5,40.5,65.0,2015,January
2015-01,Cotton,Amaravathi,Anajngaon Surji,39.5,39.5,39.5,209.1,2015,January
2015-01,Cotton,Wardha,Arvi,39.21,39.04,39.42,13955.9,2015,January
2015-01,Cotton,Wardha,Ashti (Wardha),46.28,45.98,46.43,302.5,2015,January
2015-01,Cotton,Aurangabad,Aurangabad,38.98,38.5,39.25,173.1,2015,January
2015-01,Cotton,Hingoli,Basmat,39.5,39.5,39.5,93.0,2015,January
2015-01,Cotton,Nagpur,Bhiwapur,37.9,37.54,38.28,212.0,2015,January
2015-01,Cotton,Nanded,Bhokar,37.41,36.7,38.43,5247.4,2015,January
2015-01,Cotton,Jalna,Bhokardan,39.77,38.77,40.25,7524.6,2015,January
2015-01,Cotton,Amaravathi,Chandur Rly.,39.77,39.5,40.07,1587.2,2015,January
2015-01,Cotton,Yewatmal,Darwha,39.85,39.4,40.0,447.4,2015,January
2015-01,Cotton,Amaravathi,Daryapur,40.58,40.38,40.88,42.0,2015,January
2015-01,Cotton,Buldhana,Deulgaon Raja,38.31,37.65,38.94,2911.1,2015,January
2015-01,Cotton,Yewatmal,Digras,39.36,39.11,39.63,1169.0,2015,January
2015-01,Cotton,Dhule,Dondaicha,40.3,38.96,40.5,843.6,2015,January
2015-01,Cotton,Aurangabad,Fulambri,34.03,34.03,39.13,183.4,2015,January
2015-01,Cotton,Aurangabad,Gangapur,39.4,39.32,39.5,1596.9,2015,January
2015-01,Cotton,Beed,Gevrai,38.66,36.93,39.54,11905.6,2015,January
2015-01,Cotton,Jalna,Ghansawangi,39.0,38.33,39.67,97.3,2015,January
2015-01,Cotton,Yewatmal,Ghatanji,39.95,39.46,40.42,3822.8,2015,January
2015-01,Cotton,Hingoli,Hingoli,39.63,39.56,39.7,1258.5,2015,January
2015-01,Cotton,Jalna,Jafrabad,38.37,37.54,39.26,1383.3,2015,January
2015-01,Cotton,Jalgaon,Jalgaon,40.0,39.75,40.38,1743.8,2015,January
2015-01,Cotton,Buldhana,Jalgaon Jamod,40.0,39.5,40.5,678.4,2015,January
2015-01,Cotton,Jalna,Jalna,39.47,39.47,39.47,10573.3,2015,January
2015-01,Cotton,Jalna,Jalna-Badnapur,39.5,39.48,39.5,4884.3,2015,January
2015-01,Cotton,Ahmadnagar,Jamkhed,38.87,38.38,39.37,1578.4,2015,January
2015-01,Cotton,Jalgaon,Jamner,38.75,37.5,40.0,2471.4,2015,January
2015-01,Cotton,Jalgaon,Jamner-Neri,38.72,37.5,39.94,1479.8,2015,January
2015-01,Cotton,Hingoli,Jawala-Bajar,38.75,38.0,39.25,90.8,2015,January
2015-01,Cotton,Parbhani,Jintur,38.36,37.87,39.29,5841.9,2015,January
2015-01,Cotton,Hingoli,Kalamnuri,43.0,43.0,43.0,4.9,2015,January
2015-01,Cotton,Nagpur,Kalmeshwar,38.77,38.25,39.21,11041.8,2015,January
2015-01,Cotton,Wasim,Karanja,39.66,39.66,39.69,11.5,2015,January
2015-01,Cotton,Nagpur,Katol,38.27,37.57,38.9,2206.5,2015,January
2015-01,Cotton,Buldhana,Khamgaon,39.84,39.24,40.5,14593.2,2015,January
2015-01,Cotton,Beed,Kille Dharur,38.69,37.89,38.91,6845.5,2015,January
2015-01,Cotton,Nanded,Kinwat,38.1,37.78,38.43,726.6,2015,January
2015-01,Cotton,Chandrapur,Korpana,39.69,38.67,40.48,1420.0,2015,January
2015-01,Cotton,Beed,Majalgaon,38.27,36.63,38.9,5333.0,2015,January
2015-01,Cotton,Jalna,Mantha,39.0,38.75,39.5,157.5,2015,January
2015-01,Cotton,Nanded,Naigaon,39.38,39.25,39.5,753.1,2015,January
2015-01,Cotton,Nagpur,Narkhed,35.64,35.64,39.04,4752.0,2015,January
2015-01,Cotton,Ahmadnagar,Newasa,40.75,40.5,41.0,17.0,2015,January
2015-01,Cotton,Yewatmal,Pandharkawada,38.6,37.71,39.1,2539.3,2015,January
2015-01,Cotton,Parbhani,Parbhani,39.44,38.84,39.9,11741.7,2015,January
2015-01,Cotton,Beed,Parli-Vaijnath,39.05,38.41,39.89,2202.8,2015,January
2015-01,Cotton,Jalna,Partur,39.36,38.89,39.64,4486.7,2015,January
2015-01,Cotton,Ahmadnagar,Pathardi,38.24,37.31,39.09,650.5,2015,January
2015-01,Cotton,Wardha,Pulgaon,39.71,38.62,40.28,7441.2,2015,January
2015-01,Cotton,Parbhani,Purna,39.17,38.61,39.61,907.8,2015,January
2015-01,Cotton,Chandrapur,Rajura,38.14,34.01,39.09,1602.0,2015,January
2015-01,Cotton,Yewatmal,Ralegaon,40.09,39.5,40.5,7639.7,2015,January
2015-01,Cotton,Parbhani,Sailu,38.95,38.36,39.43,5100.0,2015,January
2015-01,Cotton,Wardha,Samudrapur,38.85,38.01,39.7,4076.2,2015,January
2015-01,Cotton,Nagpur,Savner,38.5,37.83,39.2,1707.0,2015,January
2015-01,Cotton,Nandurbar,Shahada,40.59,40.58,40.59,8376.7,2015,January
2015-01,Cotton,Ahmadnagar,Shevgaon,38.98,37.88,39.85,15385.1,2015,January
2015-01,Cotton,Dhule,Shirpur,38.71,38.46,38.71,9.9,2015,January
2015-01,Cotton,Ahmadnagar,Shrigonda,39.5,39.5,39.5,111.4,2015,January
2015-01,Cotton,Ahmadnagar,Shrigonda-Ghogargaon,38.5,38.5,38.5,120.7,2015,January
2015-01,Cotton,Wardha,Sindi,39.55,39.04,39.98,794.9,2015,January
2015-01,Cotton,Wardha,Sindi (Selu),38.48,37.84,39.16,6950.9,2015,January
2015-01,Cotton,Nandurbar,Taloda,37.33,36.84,37.85,87.4,2015,January
2015-01,Cotton,Akola,Telhara,39.92,39.47,40.35,1115.0,2015,January
2015-01,Cotton,Nagpur,Umared,37.49,36.74,38.24,1292.5,2015,January
2015-01,Cotton,Yewatmal,Umarkhed,39.55,39.5,39.6,1179.4,2015,January
2015-01,Cotton,Aurangabad,Vaijapur,38.95,38.22,39.12,1629.4,2015,January
2015-01,Cotton,Yewatmal,Vani,39.52,37.36,40.4,9805.2,2015,January
2015-01,Cotton,Chandrapur,Varora,39.3,39.0,39.6,450.0,2015,January
2015-01,Cotton,Amaravathi,Varud,37.59,36.96,39.63,3597.3,2015,January
2015-01,Cotton,Nasik,Yeola,39.5,38.5,40.5,270.2,2015,January
2015-01,Cotton,Yewatmal,Yeotmal,39.04,38.4,39.65,3355.3,2015,January
2015-01,Cotton,Yewatmal,Zarijamini,40.18,38.77,40.5,1532.6,2015,January
2015-01,Jowar,Amaravathi,Achalpur,15.43,15.15,15.7,2.0,2015,January
2015-01,Jowar,Ahmadnagar,Ahmednagar,22.12,17.07,27.18,189.2,2015,January
2015-01,Jowar,Solapur,Akluj,14.11,14.11,14.11,1.7,2015,January
2015-01,Jowar,Akola,Akola,14.58,13.21,15.96,220.3,2015,January
2015-01,Jowar,Akola,Akot,13.65,13.5,15.63,21.0,2015,January
2015-01,Jowar,Amaravathi,Amarawati,17.71,15.09,18.44,6.9,2015,January
2015-01,Jowar,Jalna,Ambad(Vadi Godri),14.58,11.68,20.25,6.4,2015,January
2015-01,Jowar,Beed,Ambejogai,20.99,20.43,21.48,18.0,2015,January
2015-01,Jowar,Amaravathi,Anajngaon Surji,14.41,13.27,15.24,117.9,2015,January
2015-01,Jowar,Sangli,Atpadi,19.0,17.0,21.0,13.1,2015,January
2015-01,Jowar,Aurangabad,Aurangabad,17.75,15.5,20.0,2.0,2015,January
2015-01,Jowar,Latur,Ausa,15.98,14.82,17.33,90.0,2015,January
2015-01,Jowar,Akola,Balapur,15.0,14.48,16.75,54.7,2015,January
2015-01,Jowar,Pune,Baramati,20.29,17.84,22.9,203.5,2015,January
2015-01,Jowar,Solapur,Barshi,21.35,14.32,26.57,906.0,2015,January
2015-01,Jowar,Solapur,Barshi-Vairag,18.68,13.07,25.18,123.3,2015,January
2015-01,Jowar,Beed,Beed,24.24,15.91,26.53,37.0,2015,January
2015-01,Jowar,Nanded,Bhokar,13.94,12.81,15.39,12.7,2015,January
2015-01,Jowar,Jalna,Bhokardan,12.1,12.0,12.3,1.3,2015,January
2015-01,Jowar,Jalgaon,Bhusaval,13.82,13.6,14.21,111.9,2015,January
2015-01,Jowar,Buldhana,Buldhana,15.0,12.0,18.0,1.5,2015,January
2015-01,Jowar,Jalgaon,Chalisgaon,13.76,12.08,15.08,296.5,2015,January
2015-01,Jowar,Amaravathi,Chandur Bajar,15.0,12.5,16.23,6.6,2015,January
2015-01,Jowar,Buldhana,Chikhali,13.53,12.35,14.7,5.1,2015,January
2015-01,Jowar,Jalgaon,Chopda,15.01,14.48,15.18,72.1,2015,January
2015-01,Jowar,Amaravathi,Daryapur,10.66,10.66,10.66,3.0,2015,January
2015-01,Jowar,Nasik,Devala,19.66,18.69,19.72,1.2,2015,January
2015-01,Jowar,Dhule,Dhule,18.63,17.18,19.01,129.4,2015,January
2015-01,Jowar,Yewatmal,Digras,1.56,1.56,13.68,9.0,2015,January
2015-01,Jowar,Dhule,Dondaicha,18.23,17.02,18.75,18.8,2015,January
2015-01,Jowar,Pune,Dound,21.3,18.02,23.3,78.5,2015,January
2015-01,Jowar,Solapur,Dudhani,14.13,11.56,17.45,25.4,2015,January
2015-01,Jowar,Aurangabad,Gangapur,15.87,14.76,17.64,24.8,2015,January
2015-01,Jowar,Beed,Gevrai,19.77,16.02,22.54,105.6,2015,January
2015-01,Jowar,Hingoli,Hingoli,16.15,14.82,17.48,16.2,2015,January
2015-01,Jowar,Pune,Indapur-Bhigwan,23.0,16.26,30.76,45.8,2015,January
2015-01,Jowar,Jalna,Jafrabad,10.0,9.0,11.0,5.4,2015,January
2015-01,Jowar,Jalgaon,Jalgaon,14.83,14.16,15.37,101.6,2015,January
2015-01,Jowar,Buldhana,Jalgaon Jamod,14.0,13.0,15.0,0.3,2015,January
2015-01,Jowar,Buldhana,Jalgaon Jamod-Aasalgaon,13.57,12.57,14.57,36.4,2015,January
2015-01,Jowar,Jalna,Jalna,19.81,11.71,27.88,970.3,2015,January
2015-01,Jowar,Ahmadnagar,Jamkhed,24.36,17.69,31.02,664.5,2015,January
2015-01,Jowar,Parbhani,Jintur,14.9,14.1,18.53,27.7,2015,January
2015-01,Jowar,Parbhani,Jintur-Bori,12.27,11.84,13.33,3.2,2015,January
2015-01,Jowar,Beed,Kada,22.93,15.35,28.19,190.1,2015,January
2015-01,Jowar,Osmanabad,Kalamb (Os),16.75,14.38,19.56,180.7,2015,January
2015-01,Jowar,Thane,Kalyan,23.0,22.0,24.0,0.3,2015,January
2015-01,Jowar,Wasim,Karanja,13.81,13.28,15.94,34.0,2015,January
2015-01,Jowar,Nagpur,Katol,12.74,12.55,12.89,6.1,2015,January
2015-01,Jowar,Beed,Kej,20.8,17.96,23.25,23.3,2015,January
2015-01,Jowar,Buldhana,Khamgaon,13.53,12.1,14.96,643.4,2015,January
2015-01,Jowar,Beed,Kille Dharur,21.74,19.08,22.43,25.6,2015,January
2015-01,Jowar,Kolhapur,Kolhapur-Laxmipuri,27.4,17.2,38.35,106.0,2015,January
2015-01,Jowar,Ahmadnagar,Kopargaon,11.58,11.58,11.58,3.8,2015,January
2015-01,Jowar,Satara,Koregaon,17.0,16.0,18.0,0.5,2015,January
2015-01,Jowar,Solapur,Kurdwadi,18.4,11.85,24.96,641.8,2015,January
2015-01,Jowar,Solapur,Kurdwadi-Modnimb,16.54,10.71,24.0,34.8,2015,January
2015-01,Jowar,Nasik,Lasalgaon,22.26,22.26,22.26,1.7,2015,January
2015-01,Jowar,Aurangabad,Lasur Station,14.42,11.95,16.85,115.6,2015,January
2015-01,Jowar,Latur,Latur,22.79,20.54,24.95,188.0,2015,January
2015-01,Jowar,Nanded,Loha,16.27,15.3,17.09,9.5,2015,January
2015-01,Jowar,Satara,Lonand,18.4,15.9,20.6,13.8,2015,January
2015-01,Jowar,Buldhana,Lonar,13.07,12.1,14.04,68.7,2015,January
2015-01,Jowar,Beed,Majalgaon,17.57,11.37,22.23,24.2,2015,January
2015-01,Jowar,Nasik,Malegaon,23.21,18.83,23.92,5.8,2015,January
2015-01,Jowar,Buldhana,Malkapur,13.97,13.1,14.64,228.6,2015,January
2015-01,Jowar,Solapur,Mangalwedha,21.52,15.21,25.59,90.0,2015,January
2015-01,Jowar,Wasim,Mangrulpeer,13.87,11.85,13.87,1.6,2015,January
2015-01,Jowar,Buldhana,Mehkar,12.57,10.87,13.33,4.5,2015,January
2015-01,Jowar,Solapur,Mohol,22.54,15.65,25.53,18.4,2015,January
2015-01,Jowar,Amaravathi,Morshi,14.03,13.44,14.61,89.3,2015,January
2015-01,Jowar,Nagpur,Nagpur,18.0,16.0,20.0,17.6,2015,January
2015-01,Jowar,Nanded,Naigaon,11.56,11.0,12.63,5.9,2015,January
2015-01,Jowar,Nanded,Nanded,12.51,12.26,12.61,15.0,2015,January
2015-01,Jowar,Buldhana,Nandura,13.62,12.1,14.73,449.3,2015,January
2015-01,Jowar,Nandurbar,Nandurbar,14.68,12.77,16.51,342.6,2015,January
2015-01,Jowar,Pune,Nira,18.5,16.0,22.0,13.5,2015,January
2015-01,Jowar,Osmanabad,Osmanabad,18.13,14.79,22.12,43.3,2015,January
2015-01,Jowar,Solapur,Pandharpur,20.64,18.5,20.72,8.8,2015,January
2015-01,Jowar,Beed,Parli-Vaijnath,15.38,14.22,16.2,39.9,2015,January
2015-01,Jowar,Jalna,Partur,12.12,11.28,17.84,20.1,2015,January
2015-01,Jowar,Ahmadnagar,Pathardi,16.75,15.5,19.88,13.5,2015,January
2015-01,Jowar,Parbhani,Pathari,15.21,15.21,23.08,5.2,2015,January
2015-01,Jowar,Akola,Patur,16.0,14.75,17.0,2.7,2015,January
2015-01,Jowar,Satara,Phaltan,20.5,15.75,27.32,138.2,2015,January
2015-01,Jowar,Pune,Pune,27.08,24.34,30.0,729.0,2015,January
2015-01,Jowar,Parbhani,Purna,10.96,10.76,12.26,0.5,2015,January
2015-01,Jowar,Yewatmal,Pusad,15.35,13.46,16.52,12.1,2015,January
2015-01,Jowar,Ahmadnagar,Rahata,14.29,14.29,14.52,2.8,2015,January
2015-01,Jowar,Ahmadnagar,Rahuri,17.63,17.5,17.75,1.9,2015,January
2015-01,Jowar,Ahmadnagar,Rahuri-Vambori,16.85,15.77,17.96,13.9,2015,January
2015-01,Jowar,Jalgaon,Raver,14.51,12.79,14.75,39.4,2015,January
2015-01,Jowar,Parbhani,Sailu,11.83,11.79,13.39,43.8,2015,January
2015-01,Jowar,Sangli,Sangali,21.25,16.51,26.18,721.6,2015,January
2015-01,Jowar,Ahmadnagar,Sangamner,15.75,15.5,16.45,1.1,2015,January
2015-01,Jowar,Buldhana,Sangrampur,11.92,10.25,13.9,32.2,2015,January
2015-01,Jowar,Nagpur,Savner,12.58,12.12,13.04,13.4,2015,January
2015-01,Jowar,Nandurbar,Shahada,15.54,14.9,16.47,62.0,2015,January
2015-01,Jowar,Buldhana,Shegaon,13.15,11.92,14.4,325.6,2015,January
2015-01,Jowar,Ahmadnagar,Shevgaon,17.71,16.3,18.31,123.4,2015,January
2015-01,Jowar,Ahmadnagar,Shevgaon-Bodhegaon,16.69,15.01,17.67,87.2,2015,January
2015-01,Jowar,Dhule,Shirpur,15.9,14.49,16.65,89.8,2015,January
2015-01,Jowar,Pune,Shirur,16.54,15.45,17.18,103.7,2015,January
2015-01,Jowar,Ahmadnagar,Shrirampur,17.96,16.13,19.81,21.8,2015,January
2015-01,Jowar,Nasik,Sinner,18.64,16.44,18.86,1.1,2015,January
2015-01,Jowar,Solapur,Solapur,20.49,18.1,23.04,289.7,2015,January
2015-01,Jowar,Nandurbar,Taloda,15.18,14.83,15.52,66.5,2015,January
2015-01,Jowar,Akola,Telhara,14.19,13.84,14.53,266.0,2015,January
2015-01,Jowar,Osmanabad,Tuljapur,15.11,14.97,15.21,12.8,2015,January
2015-01,Jowar,Latur,Udgir,11.02,10.08,11.97,23.7,2015,January
2015-01,Jowar,Nagpur,Umared,15.13,14.75,15.5,0.8,2015,January
2015-01,Jowar,Osmanabad,Umarga,15.47,14.62,16.35,24.0,2015,January
2015-01,Jowar,Satara,Vaduj,25.56,24.67,26.44,243.0,2015,January
2015-01,Jowar,Aurangabad,Vaijapur,14.4,14.1,14.4,1.6,2015,January
2015-01,Jowar,Amaravathi,Varud,15.3,15.3,15.3,492.3,2015,January
2015-01,Jowar,Amaravathi,Varud-Rajura Bazar,14.17,14.17,14.17,1.6,2015,January
2015-01,Jowar,Wasim,Washim,14.07,13.37,14.87,27.3,2015,January
2015-01,Onion,Solapur,Akluj,11.74,7.53,15.89,99.7,2015,January
2015-01,Onion,Ahmadnagar,Akole,7.38,1.38,13.32,639.8,2015,January
2015-01,Onion,Amaravathi,Amarawati,12.63,10.32,13.32,5.7,2015,January
2015-01,Onion,Aurangabad,Aurangabad,8.57,3.95,13.18,564.5,2015,January
2015-01,Onion,Pune,Baramati,10.83,3.33,17.67,86.0,2015,January
2015-01,Onion,Solapur,Barshi,11.22,1.19,16.53,1398.4,2015,January
2015-01,Onion,Thane,Bhivandi,18.0,15.63,21.13,24.8,2015,January
2015-01,Onion,Chandrapur,Chandrapur-Ganjwad,13.38,9.69,16.85,422.2,2015,January
2015-01,Onion,Nasik,Chandvad,12.01,1.47,14.2,17987.5,2015,January
2015-01,Onion,Nasik,Devala,11.92,6.78,14.29,10538.4,2015,January
2015-01,Onion,Dhule,Dhule,10.5,1.89,13.03,8052.0,2015,January
2015-01,Onion,Nasik,Dindori,11.75,8.0,15.63,613.0,2015,January
2015-01,Onion,Nasik,Dindori-Vani,12.21,8.81,15.71,9227.0,2015,January
2015-01,Onion,Aurangabad,Gangapur,11.5,5.5,16.5,8.5,2015,January
2015-01,Onion,Pune,Indapur,9.48,1.46,13.98,78.5,2015,January
2015-01,Onion,Jalgaon,Jalgaon,9.16,4.28,13.36,2225.0,2015,January
2015-01,Onion,Ahmadnagar,Jamkhed,9.92,1.17,18.67,982.5,2015,January
2015-01,Onion,Pune,Junnar,10.57,7.04,13.93,150.3,2015,January
2015-01,Onion,Pune,Junnar (Alephata),14.81,11.54,17.85,10964.1,2015,January
2015-01,Onion,Pune,Junnar-Otur,15.5,13.17,17.56,3904.0,2015,January
2015-01,Onion,Beed,Kada,12.25,5.0,19.5,801.0,2015,January
2015-01,Onion,Nasik,Kalvan,11.93,3.03,15.48,8150.0,2015,January
2015-01,Onion,Thane,Kalyan,15.5,14.5,16.5,0.6,2015,January
2015-01,Onion,Nagpur,Kamthi,13.26,9.58,20.74,6.5,2015,January
2015-01,Onion,Satara,Karad,13.0,9.33,16.78,110.2,2015,January
2015-01,Onion,Kolhapur,Kolhapur,12.8,3.25,19.28,10063.5,2015,January
2015-01,Onion,Ahmadnagar,Kopargaon,11.78,3.03,15.18,526.4,2015,January
2015-01,Onion,Satara,Koregaon,11.5,7.0,16.0,30.5,2015,January
2015-01,Onion,Solapur,Kurdwadi,7.59,1.0,14.18,112.2,2015,January
2015-01,Onion,Solapur,Kurdwadi-Modnimb,8.33,1.5,15.67,761.2,2015,January
2015-01,Onion,Nasik,Lasalgaon,14.16,6.63,16.87,47681.3,2015,January
2015-01,Onion,Aurangabad,Lasur Station,7.5,1.75,15.13,326.2,2015,January
2015-01,Onion,Satara,Lonand,12.19,6.31,15.75,1494.7,2015,January
2015-01,Onion,Nasik,Malegaon,10.73,5.07,13.16,11334.2,2015,January
2015-01,Onion,Buldhana,Malkapur,9.15,6.19,12.69,218.4,2015,January
2015-01,Onion,Nasik,Manmad,12.28,4.46,14.03,26425.2,2015,January
2015-01,Onion,Mumbai,Mumbai,14.38,11.76,16.96,27576.0,2015,January
2015-01,Onion,Nagpur,Nagpur,11.73,8.18,15.27,13152.0,2015,January
2015-01,Onion,Nasik,Nashik,12.75,1.83,15.58,1835.7,2015,January
2015-01,Onion,Ahmadnagar,Newasa-Ghodegaon,12.92,1.92,16.69,21430.6,2015,January
2015-01,Onion,Osmanabad,Osmanabad,10.01,6.53,13.49,30.8,2015,January
2015-01,Onion,Thane,Palghar(Bevur),17.33,17.33,17.33,14.1,2015,January
2015-01,Onion,Solapur,Pandharpur,10.34,1.99,15.91,292.2,2015,January
2015-01,Onion,Ahmadnagar,Parner,11.14,5.0,17.28,12037.3,2015,January
2015-01,Onion,Ahmadnagar,Pathardi,8.11,1.06,15.78,519.0,2015,January
2015-01,Onion,Satara,Phaltan,10.5,3.75,16.44,420.6,2015,January
2015-01,Onion,Nasik,Pimpalgaon (B)-Saykheda,10.96,3.87,14.21,11737.3,2015,January
2015-01,Onion,Nasik,Pimpalgaon Basawant,12.32,4.86,15.45,39428.0,2015,January
2015-01,Onion,Pune,Pune,11.8,6.9,16.7,40065.5,2015,January
2015-01,Onion,Pune,Pune-Manjri,4.0,3.17,13.0,1.8,2015,January
2015-01,Onion,Pune,Pune-Pimpri,16.1,16.0,16.2,2.1,2015,January
2015-01,Onion,Ahmadnagar,Rahata,11.8,3.15,16.85,5918.4,2015,January
2015-01,Onion,Ahmadnagar,Rahuri,8.82,1.14,16.57,7784.5,2015,January
2015-01,Onion,Ahmadnagar,Rahuri-Vambori,11.38,1.31,17.77,7968.4,2015,January
2015-01,Onion,Ahmadnagar,Sangamner,19.14,5.0,19.14,18262.7,2015,January
2015-01,Onion,Satara,Satara,14.88,11.38,18.5,432.1,2015,January
2015-01,Onion,Dhule,Shirpur,10.8,2.97,12.89,223.4,2015,January
2015-01,Onion,Ahmadnagar,Shrirampur,11.64,2.09,15.34,1229.1,2015,January
2015-01,Onion,Nasik,Sinner,12.14,1.6,15.27,17119.1,2015,January
2015-01,Onion,Solapur,Solapur,9.18,1.0,20.68,74670.7,2015,January
2015-01,Onion,Aurangabad,Vaijapur,10.04,1.88,16.34,4899.7,2015,January
2015-01,Onion,Nasik,Yeola,11.78,3.68,13.74,34143.1,2015,January
2015-01,Rice,Gondiya,Aamgaon,15.33,15.05,15.62,1677.5,2015,January
2015-01,Rice,Gadchiroli,Aheri,15.0,15.0,15.0,1266.9,2015,January
2015-01,Rice,Ahmadnagar,Akole,16.0,13.95,18.6,40.3,2015,January
2015-01,Rice,Raigad,Alibag,16.0,15.0,17.0,87.0,2015,January
2015-01,Rice,Gondiya,Arjuni Morgaon,16.48,16.2,16.76,355.1,2015,January
2015-01,Rice,Gadchiroli,Armori,15.8,15.25,16.08,690.0,2015,January
2015-01,Rice,Gadchiroli,Armori-Desaiganj,15.79,14.7,16.48,6610.1,2015,January
2015-01,Rice,Latur,Ausa,9.0,8.88,10.0,0.3,2015,January
2015-01,Rice,Solapur,Barshi,13.85,13.44,14.79,23.5,2015,January
2015-01,Rice,Solapur,Barshi-Vairag,13.86,13.86,13.86,0.3,2015,January
2015-01,Rice,Thane,Bhivandi,18.33,15.99,21.01,114.7,2015,January
2015-01,Rice,Nagpur,Bhiwapur,20.43,19.88,20.98,425.0,2015,January
2015-01,Rice,Chandrapur,Brahmpuri,20.5,20.0,20.96,306.4,2015,January
2015-01,Rice,Gadchiroli,Chamorshi,19.19,18.96,19.79,1633.5,2015,January
2015-01,Rice,Gadchiroli,Gadchiroli,17.0,16.56,17.27,501.2,2015,January
2015-01,Rice,Nasik,Ghoti,19.67,19.67,19.67,102.9,2015,January
2015-01,Rice,Chandrapur,Gondpimpri,20.0,18.5,20.5,13.5,2015,January
2015-01,Rice,Pune,Indapur-Bhigwan,14.5,14.25,14.63,5.1,2015,January
2015-01,Rice,Thane,Kalyan,33.0,19.0,47.0,0.6,2015,January
2015-01,Rice,Raigad,Karjat (Raigad),23.3009,17.1236,31.6066,258.9,2015,January
2015-01,Rice,Kolhapur,Kolhapur-Laxmipuri,16.5719,15.5254,17.7863,8499.0,2015,January
2015-01,Rice,Raigad,Mahad,13.75,13.6,14.0,0.3,2015,January
2015-01,Rice,Nagpur,Mandhal,20.23,19.68,20.83,204.8,2015,January
2015-01,Rice,Raigad,Mangaon(Bhadav),33.7719,16.4803,33.8734,14.6,2015,January
2015-01,Rice,Chandrapur,Mul,19.02,18.34,19.8,6613.2,2015,January
2015-01,Rice,Mumbai,Mumbai,67.67,53.0,83.51,53907.7,2015,January
2015-01,Rice,Thane,Murbad,17.5,17.5,19.36,4.2,2015,January
2015-01,Rice,Raigad,Murud,16.0,15.0,17.0,78.0,2015,January
2015-01,Rice,Chandrapur,Nagbhid,18.6,16.73,20.48,4269.9,2015,January
2015-01,Rice,Nagpur,Nagpur,26.801,25.2844,28.326,2220.9,2015,January
2015-01,Rice,Nandurbar,Nandurbar,32.38,32.38,32.38,2.8,2015,January
2015-01,Rice,Pune,Nira,32.0,28.0,36.0,12.0,2015,January
2015-01,Rice,Thane,Palghar(Bevur),28.61,22.88,32.71,375.1,2015,January
2015-01,Rice,Bhandara,Pavani,18.67,18.38,18.91,105.9,2015,January
2015-01,Rice,Raigad,Pen,22.6733,20.7333,31.0,23.4,2015,January
2015-01,Rice,Pune,Pune,49.68,44.17,55.11,2675.4,2015,January
2015-01,Rice,Nagpur,Ramtek,22.7,22.21,23.15,2350.4,2015,January
2015-01,Rice,Raigad,Roha,13.52,13.05,14.0,404.6,2015,January
2015-01,Rice,Thane,Shahapur,15.21,13.9,15.73,17.5,2015,January
2015-01,Rice,Ahmadnagar,Shrirampur,13.0,13.0,13.0,0.1,2015,January
2015-01,Rice,Solapur,Solapur,37.9,21.24,56.47,2939.4,2015,January
2015-01,Rice,Gondiya,Tiroda,15.5,15.01,15.97,3666.6,2015,January
2015-01,Rice,Bhandara,Tumsar,17.104,16.5396,17.4887,7916.1,2015,January
2015-01,Rice,Nagpur,Umared,28.65,20.0,37.3,723.6,2015,January
2015-01,Rice,Wasim,Washim,14.44,14.03,14.7,0.4,2015,January
2015-01,Soybean,Yewatmal,Aarni,29.76,28.0,31.53,77.5,2015,January
2015-01,Soybean,Amaravathi,Achalpur,31.87,23.75,33.24,155.0,2015,January
2015-01,Soybean,Gadchiroli,Aheri,25.57,25.57,25.57,39.2,2015,January
2015-01,Soybean,Ahmadnagar,Ahmednagar,32.07,31.0,33.14,8.4,2015,January
2015-01,Soybean,Hingoli,Akhadabalapur,31.59,30.55,32.36,103.8,2015,January
2015-01,Soybean,Solapur,Akluj,32.0,32.0,32.0,0.3,2015,January
2015-01,Soybean,Akola,Akola,31.41,30.21,32.69,3273.3,2015,January
2015-01,Soybean,Ahmadnagar,Akole,30.25,28.6,31.9,80.3,2015,January
2015-01,Soybean,Akola,Akot,30.7,30.7,33.0,236.0,2015,January
2015-01,Soybean,Amaravathi,Amarawati,32.63,31.96,32.96,6.0,2015,January
2015-01,Soybean,Beed,Ambejogai,32.82,31.34,33.31,1556.2,2015,January
2015-01,Soybean,Amaravathi,Anajngaon Surji,31.42,30.14,32.7,831.0,2015,January
2015-01,Soybean,Wardha,Arvi,30.84,27.36,33.54,358.5,2015,January
2015-01,Soybean,Latur,Ausa,33.02,31.74,33.29,873.1,2015,January
2015-01,Soybean,Yewatmal,Babhulgaon,31.17,29.25,33.15,207.0,2015,January
2015-01,Soybean,Akola,Balapur,31.13,29.15,32.25,97.7,2015,January
2015-01,Soybean,Pune,Baramati,31.75,30.75,32.25,6.4,2015,January
2015-01,Soybean,Solapur,Barshi,33.0,33.0,33.0,4.2,2015,January
2015-01,Soybean,Solapur,Barshi-Vairag,32.28,31.9,32.71,7.8,2015,January
2015-01,Soybean,Hingoli,Basmat,32.44,32.37,32.57,18.7,2015,January
2015-01,Soybean,Beed,Beed,33.07,32.99,33.19,12.9,2015,January
2015-01,Soybean,Nagpur,Bhiwapur,32.0,31.0,33.0,29.0,2015,January
2015-01,Soybean,Nanded,Bhokar,32.9,32.49,33.07,84.3,2015,January
2015-01,Soybean,Jalna,Bhokardan,32.17,31.99,32.28,90.1,2015,January
2015-01,Soybean,Jalna,Bhokardan-Pimpalgaon Renu,32.2,31.88,32.38,54.9,2015,January
2015-01,Soybean,Buldhana,Buldhana,30.85,29.97,32.41,64.5,2015,January
2015-01,Soybean,Jalgaon,Chalisgaon,31.69,30.78,32.79,6.6,2015,January
2015-01,Soybean,Chandrapur,Chandrapur,30.59,28.81,32.34,623.4,2015,January
2015-01,Soybean,Amaravathi,Chandur Bajar,32.68,29.6,34.73,476.1,2015,January
2015-01,Soybean,Amaravathi,Chandur Rly.,32.07,30.02,33.04,564.0,2015,January
2015-01,Soybean,Buldhana,Chikhali,31.67,28.99,34.36,716.5,2015,January
2015-01,Soybean,Jalgaon,Chopda,32.96,32.42,33.2,8.8,2015,January
2015-01,Soybean,Yewatmal,Darwha,30.0,30.0,32.25,3.6,2015,January
2015-01,Soybean,Amaravathi,Daryapur,32.59,31.17,33.33,131.6,2015,January
2015-01,Soybean,Dhule,Dhule,31.65,30.93,31.8,11.6,2015,January
2015-01,Soybean,Yewatmal,Digras,29.5,29.5,30.14,138.9,2015,January
2015-01,Soybean,Beed,Gevrai,31.59,30.49,32.16,10.5,2015,January
2015-01,Soybean,Jalna,Ghansawangi,32.0,31.25,32.75,45.0,2015,January
2015-01,Soybean,Yewatmal,Ghatanji,31.86,31.46,32.39,49.5,2015,January
2015-01,Soybean,Chandrapur,Gondpimpri,29.65,28.5,30.5,905.5,2015,January
2015-01,Soybean,Wardha,Hinganghat,30.87,28.0,33.75,3506.9,2015,January
2015-01,Soybean,Nagpur,Hingna,31.5,29.5,33.5,10.9,2015,January
2015-01,Soybean,Hingoli,Hingoli,32.81,31.91,33.62,1438.3,2015,January
2015-01,Soybean,Jalna,Jafrabad,31.9,31.0,32.8,35.5,2015,January
2015-01,Soybean,Jalgaon,Jalgaon,33.75,31.8,34.0,5.8,2015,January
2015-01,Soybean,Buldhana,Jalgaon Jamod,32.0,31.0,33.0,3.3,2015,January
2015-01,Soybean,Buldhana,Jalgaon Jamod-Aasalgaon,32.11,31.17,33.06,313.1,2015,January
2015-01,Soybean,Jalna,Jalna,33.09,31.23,45.38,1322.5,2015,January
2015-01,Soybean,Ahmadnagar,Jamkhed,31.21,30.0,32.42,52.5,2015,January
2015-01,Soybean,Hingoli,Jawala-Bajar,32.34,32.01,32.63,34.8,2015,January
2015-01,Soybean,Parbhani,Jintur,32.55,30.54,32.98,324.4,2015,January
2015-01,Soybean,Parbhani,Jintur-Bori,32.0,30.79,32.39,42.2,2015,January
2015-01,Soybean,Beed,Kada,32.56,31.61,32.56,2.6,2015,January
2015-01,Soybean,Osmanabad,Kalamb (Os),32.8,31.97,33.17,744.8,2015,January
2015-01,Soybean,Hingoli,Kalamnuri,30.0,30.0,30.0,6.0,2015,January
2015-01,Soybean,Nagpur,Kalmeshwar,31.45,29.61,32.21,117.0,2015,January
2015-01,Soybean,Nasik,Kalvan,33.18,32.38,33.62,60.6,2015,January
2015-01,Soybean,Wasim,Karanja,32.04,30.5,33.33,4480.0,2015,January
2015-01,Soybean,Nagpur,Katol,32.07,30.26,33.58,988.4,2015,January
2015-01,Soybean,Beed,Kej,32.77,32.54,32.92,3.1,2015,January
2015-01,Soybean,Buldhana,Khamgaon,30.67,28.22,33.13,8997.7,2015,January
2015-01,Soybean,Beed,Kille Dharur,32.39,28.3,32.7,157.4,2015,January
2015-01,Soybean,Ahmadnagar,Kopargaon,32.33,28.98,32.67,105.8,2015,January
2015-01,Soybean,Nasik,Lasalgaon,33.57,25.62,34.02,420.6,2015,January
2015-01,Soybean,Aurangabad,Lasur Station,36.78,36.44,37.53,3.3,2015,January
2015-01,Soybean,Latur,Latur,33.62,31.85,34.13,6087.8,2015,January
2015-01,Soybean,Buldhana,Lonar,33.35,32.58,33.95,2278.0,2015,January
2015-01,Soybean,Beed,Majalgaon,32.29,30.95,32.87,150.7,2015,January
2015-01,Soybean,Nasik,Malegaon,32.72,32.12,32.89,5.1,2015,January
2015-01,Soybean,Buldhana,Malkapur,32.01,29.78,32.98,247.0,2015,January
2015-01,Soybean,Nagpur,Mandhal,29.23,27.92,30.94,12.6,2015,January
2015-01,Soybean,Wasim,Mangrulpeer,32.39,28.48,33.32,1480.4,2015,January
2015-01,Soybean,Wasim,Manora,31.66,30.48,34.66,744.2,2015,January
2015-01,Soybean,Buldhana,Mehkar,33.33,30.84,34.31,1830.7,2015,January
2015-01,Soybean,Amaravathi,Morshi,32.11,31.62,32.6,378.9,2015,January
2015-01,Soybean,Akola,Murtizapur,30.93,29.44,32.87,1920.0,2015,January
2015-01,Soybean,Osmanabad,Murum,32.31,32.26,32.36,6.2,2015,January
2015-01,Soybean,Nagpur,Nagpur,31.14,28.47,33.81,255.2,2015,January
2015-01,Soybean,Nanded,Naigaon,32.46,30.2,32.93,26.7,2015,January
2015-01,Soybean,Nanded,Nanded,32.68,32.66,32.71,245.3,2015,January
2015-01,Soybean,Buldhana,Nandura,32.14,29.87,33.05,567.2,2015,January
2015-01,Soybean,Nandurbar,Nandurbar,31.69,30.76,32.41,63.0,2015,January
2015-01,Soybean,Yewatmal,Ner Parasopant,31.86,30.84,32.67,744.1,2015,January
2015-01,Soybean,Osmanabad,Osmanabad,31.53,29.79,33.27,32.3,2015,January
2015-01,Soybean,Yewatmal,Pandharkawada,31.15,29.41,32.08,81.9,2015,January
2015-01,Soybean,Parbhani,Parbhani,32.03,31.43,32.35,318.8,2015,January
2015-01,Soybean,Beed,Parli-Vaijnath,33.18,30.69,33.32,1141.6,2015,January
2015-01,Soybean,Jalna,Partur,33.28,32.66,33.46,5.7,2015,January
2015-01,Soybean,Parbhani,Pathari,26.75,26.75,30.83,36.2,2015,January
2015-01,Soybean,Akola,Patur,31.4,30.08,32.55,60.1,2015,January
2015-01,Soybean,Wardha,Pulgaon,31.65,30.69,32.2,68.7,2015,January
2015-01,Soybean,Parbhani,Purna,32.76,31.46,33.0,40.0,2015,January
2015-01,Soybean,Yewatmal,Pusad,32.85,31.13,33.5,62.8,2015,January
2015-01,Soybean,Ahmadnagar,Rahata,32.01,31.84,32.49,13.5,2015,January
2015-01,Soybean,Ahmadnagar,Rahuri-Vambori,31.69,31.46,31.93,4.3,2015,January
2015-01,Soybean,Chandrapur,Rajura,31.27,28.99,32.26,395.9,2015,January
2015-01,Soybean,Yewatmal,Ralegaon,31.7,30.79,32.42,12.5,2015,January
2015-01,Soybean,Nagpur,Ramtek,29.62,27.51,31.57,3.9,2015,January
2015-01,Soybean,Wasim,Risod,31.39,29.73,33.03,2730.4,2015,January
2015-01,Soybean,Parbhani,Sailu,33.08,32.7,33.13,100.1,2015,January
2015-01,Soybean,Wardha,Samudrapur,31.8,30.0,33.6,24.2,2015,January
2015-01,Soybean,Sangli,Sangali,32.41,30.38,34.44,45.1,2015,January
2015-01,Soybean,Ahmadnagar,Sangamner,30.85,30.76,30.95,3.8,2015,January
2015-01,Soybean,Buldhana,Sangrampur,29.45,26.73,31.8,97.9,2015,January
2015-01,Soybean,Nagpur,Savner,31.74,31.06,32.46,123.8,2015,January
2015-01,Soybean,Nandurbar,Shahada,32.99,31.89,33.42,28.0,2015,January
2015-01,Soybean,Buldhana,Shegaon,32.38,29.73,34.56,752.5,2015,January
2015-01,Soybean,Dhule,Shirpur,32.34,31.43,32.61,9.5,2015,January
2015-01,Soybean,Ahmadnagar,Shrirampur,31.13,29.66,31.89,33.1,2015,January
2015-01,Soybean,Wardha,Sindi,31.52,29.92,32.74,32.3,2015,January
2015-01,Soybean,Nasik,Sinner,32.86,27.29,33.62,23.6,2015,January
2015-01,Soybean,Akola,Telhara,31.4,30.94,32.18,242.5,2015,January
2015-01,Soybean,Latur,Udgir,33.03,32.87,33.2,374.0,2015,January
2015-01,Soybean,Nagpur,Umared,31.38,29.22,33.98,787.6,2015,January
2015-01,Soybean,Osmanabad,Umarga,32.47,29.78,33.08,67.1,2015,January
2015-01,Soybean,Yewatmal,Umarkhed,30.53,29.35,31.53,410.0,2015,January
2015-01,Soybean,Yewatmal,Umarkhed-Danki,31.83,29.56,31.83,220.0,2015,January
2015-01,Soybean,Satara,Vaduj,33.29,32.43,34.14,5.0,2015,January
2015-01,Soybean,Aurangabad,Vaijapur,28.88,28.88,28.88,0.5,2015,January
2015-01,Soybean,Yewatmal,Vani,31.27,28.81,32.65,349.1,2015,January
2015-01,Soybean,Chandrapur,Varora,31.15,29.0,33.3,30.0,2015,January
2015-01,Soybean,Amaravathi,Varud-Rajura Bazar,31.87,30.08,32.58,9.8,2015,January
2015-01,Soybean,Wardha,Wardha,34.0,33.18,34.95,80.1,2015,January
2015-01,Soybean,Wasim,Washim,32.26,31.27,33.65,5194.5,2015,January
2015-01,Soybean,Yewatmal,Yeotmal,31.76,30.09,33.4,1959.5,2015,January
2015-01,Soybean,Yewatmal,Zarijamini,29.38,29.38,29.38,0.8,2015,January
2015-02,Bajra,Ahmadnagar,Ahmednagar,16.5,15.0,18.0,1.0,2015,February
2015-02,Bajra,Solapur,Akluj,11.0,11.0,11.0,4.2,2015,February
2015-02,Bajra,Ahmadnagar,Akole,11.96,10.14,13.51,485.5,2015,February
2015-02,Bajra,Jalna,Ambad(Vadi Godri),13.88,11.6,15.85,44.9,2015,February
2015-02,Bajra,Pune,Baramati,16.06,14.0,17.81,110.3,2015,February
2015-02,Bajra,Solapur,Barshi,14.04,14.0,14.14,5.2,2015,February
2015-02,Bajra,Jalgaon,Chalisgaon,13.09,11.24,13.71,305.0,2015,February
2015-02,Bajra,Jalgaon,Chopda,12.18,11.67,12.18,12.6,2015,February
2015-02,Bajra,Nasik,Devala,13.06,12.47,13.96,26.9,2015,February
2015-02,Bajra,Dhule,Dhule,13.15,10.64,14.28,200.1,2015,February
2015-02,Bajra,Dhule,Dondaicha,11.84,11.24,12.05,26.6,2015,February
2015-02,Bajra,Solapur,Dudhani,12.54,11.53,13.13,74.0,2015,February
2015-02,Bajra,Aurangabad,Gangapur,12.59,11.85,13.43,39.6,2015,February
2015-02,Bajra,Beed,Gevrai,12.6,10.96,13.72,95.3,2015,February
2015-02,Bajra,Jalgaon,Jalgaon,13.14,12.75,13.37,15.0,2015,February
2015-02,Bajra,Jalna,Jalna,12.34,10.08,13.82,190.8,2015,February
2015-02,Bajra,Ahmadnagar,Jamkhed,13.76,13.0,14.53,26.3,2015,February
2015-02,Bajra,Beed,Kada,12.89,12.5,14.31,45.1,2015,February
2015-02,Bajra,Osmanabad,Kalamb (Os),14.71,14.28,14.71,2.7,2015,February
2015-02,Bajra,Nasik,Kalvan,11.64,11.09,12.18,18.9,2015,February
2015-02,Bajra,Wasim,Karanja,15.75,15.75,17.75,0.8,2015,February
2015-02,Bajra,Buldhana,Khamgaon,11.37,11.12,11.83,31.0,2015,February
2015-02,Bajra,Beed,Kille Dharur,16.55,13.91,21.13,3.4,2015,February
2015-02,Bajra,Kolhapur,Kolhapur-Laxmipuri,16.5,10.17,18.0,5.0,2015,February
2015-02,Bajra,Ahmadnagar,Kopargaon,14.11,10.65,14.77,616.9,2015,February
2015-02,Bajra,Solapur,Kurdwadi,11.0,11.0,11.0,0.3,2015,February
2015-02,Bajra,Nasik,Lasalgaon,13.4,11.82,14.26,43.7,2015,February
2015-02,Bajra,Aurangabad,Lasur Station,12.8,11.13,13.98,82.7,2015,February
2015-02,Bajra,Latur,Latur,13.06,12.28,13.39,100.7,2015,February
2015-02,Bajra,Satara,Lonand,14.5,13.44,15.88,7.5,2015,February
2015-02,Bajra,Beed,Majalgaon,13.8,11.86,15.35,15.9,2015,February
2015-02,Bajra,Nasik,Malegaon,13.59,12.51,15.0,149.7,2015,February
2015-02,Bajra,Buldhana,Malkapur,12.0,11.21,12.5,4.7,2015,February
2015-02,Bajra,Solapur,Mangalwedha,14.07,13.13,14.07,3.7,2015,February
2015-02,Bajra,Nasik,Manmad,13.79,12.05,14.42,23.1,2015,February
2015-02,Bajra,Buldhana,Nandura,10.85,9.99,11.35,21.3,2015,February
2015-02,Bajra,Nandurbar,Nandurbar,12.53,10.26,14.24,53.4,2015,February
2015-02,Bajra,Ahmadnagar,Newasa,13.48,13.23,13.73,4.1,2015,February
2015-02,Bajra,Pune,Nira,17.5,15.0,20.0,14.5,2015,February
2015-02,Bajra,Aurangabad,Paithan,0.01,0.01,0.02,420.1,2015,February
2015-02,Bajra,Beed,Parli-Vaijnath,15.36,15.36,15.36,1.1,2015,February
2015-02,Bajra,Jalna,Partur,12.41,12.0,12.76,1.1,2015,February
2015-02,Bajra,Ahmadnagar,Pathardi,13.04,12.52,14.0,28.0,2015,February
2015-02,Bajra,Satara,Phaltan,14.5,12.5,18.92,22.9,2015,February
2015-02,Bajra,Pune,Pune,18.91,17.68,20.14,34.1,2015,February
2015-02,Bajra,Yewatmal,Pusad,13.88,11.5,13.88,0.5,2015,February
2015-02,Bajra,Ahmadnagar,Rahata,13.17,13.17,13.39,5.6,2015,February
2015-02,Bajra,Ahmadnagar,Rahuri,13.8,13.8,13.8,3.0,2015,February
2015-02,Bajra,Ahmadnagar,Rahuri-Vambori,13.74,12.79,14.25,17.5,2015,February
2015-02,Bajra,Sangli,Sangali,15.63,12.82,17.61,126.6,2015,February
2015-02,Bajra,Ahmadnagar,Sangamner,15.0,13.5,16.93,35.9,2015,February
2015-02,Bajra,Nasik,Satana,13.41,11.66,14.83,8.4,2015,February
2015-02,Bajra,Nandurbar,Shahada,12.1,12.1,12.1,0.8,2015,February
2015-02,Bajra,Buldhana,Shegaon,12.1,12.1,12.1,0.5,2015,February
2015-02,Bajra,Ahmadnagar,Shevgaon,13.18,12.46,13.66,53.6,2015,February
2015-02,Bajra,Ahmadnagar,Shevgaon-Bodhegaon,11.82,11.29,12.42,50.4,2015,February
2015-02,Bajra,Dhule,Shirpur,11.64,10.23,12.49,42.0,2015,February
2015-02,Bajra,Pune,Shirur,13.25,13.03,13.34,6.1,2015,February
2015-02,Bajra,Ahmadnagar,Shrirampur,13.14,12.04,13.95,29.0,2015,February
2015-02,Bajra,Nasik,Sinner,13.13,11.33,14.8,105.4,2015,February
2015-02,Bajra,Solapur,Solapur,12.26,9.51,14.26,68.5,2015,February
2015-02,Bajra,Osmanabad,Tuljapur,14.0,14.0,14.0,0.1,2015,February
2015-02,Bajra,Osmanabad,Umarga,11.4,11.24,11.6,1.5,2015,February
2015-02,Bajra,Satara,Vaduj,14.5,14.0,15.0,0.5,2015,February
2015-02,Bajra,Aurangabad,Vaijapur,16.33,15.02,17.35,4.3,2015,February
2015-02,Bajra,Wasim,Washim,14.25,14.0,14.5,1.2,2015,February
2015-02,Bajra,Nasik,Yeola,13.05,12.7,13.77,8.3,2015,February
2015-02,Cotton,Gadchiroli,Aheri,40.0,40.0,40.0,428.0,2015,February
2015-02,Cotton,Hingoli,Akhadabalapur,39.8,39.25,40.22,166.4,2015,February
2015-02,Cotton,Amaravathi,Anajngaon Surji,39.5,39.5,39.5,197.7,2015,February
2015-02,Cotton,Wardha,Arvi,39.07,38.78,39.35,16296.6,2015,February
2015-02,Cotton,Hingoli,Basmat,39.19,38.88,39.5,782.0,2015,February
2015-02,Cotton,Nagpur,Bhiwapur,38.71,38.02,39.44,211.0,2015,February
2015-02,Cotton,Nanded,Bhokar,37.6,37.13,38.49,4855.2,2015,February
2015-02,Cotton,Jalna,Bhokardan,39.5,39.0,40.0,3530.0,2015,February
2015-02,Cotton,Amaravathi,Chandur Rly.,39.5,39.5,39.5,1225.7,2015,February
2015-02,Cotton,Buldhana,Deulgaon Raja,37.92,36.61,38.99,3488.9,2015,February
2015-02,Cotton,Amaravathi,Dhamangaon-Rly,39.5,39.19,39.81,580.0,2015,February
2015-02,Cotton,Yewatmal,Digras,38.75,37.8,39.4,659.5,2015,February
2015-02,Cotton,Dhule,Dondaicha,40.09,39.56,40.42,1059.8,2015,February
2015-02,Cotton,Aurangabad,Gangapur,39.2,38.83,39.45,1079.3,2015,February
2015-02,Cotton,Beed,Gevrai,37.92,35.8,39.11,12502.6,2015,February
2015-02,Cotton,Jalna,Ghansawangi,37.75,37.25,39.0,90.0,2015,February
2015-02,Cotton,Yewatmal,Ghatanji,39.75,38.75,40.25,910.0,2015,February
2015-02,Cotton,Hingoli,Hingoli,39.4,39.32,39.51,1502.5,2015,February
2015-02,Cotton,Jalna,Jafrabad,37.9,36.95,38.54,1228.6,2015,February
2015-02,Cotton,Jalgaon,Jalgaon,39.0,39.0,39.5,472.8,2015,February
2015-02,Cotton,Jalna,Jalna,39.5,39.5,39.5,3945.2,2015,February
2015-02,Cotton,Jalna,Jalna-Badnapur,39.25,39.14,39.25,5495.3,2015,February
2015-02,Cotton,Ahmadnagar,Jamkhed,38.5,38.0,39.0,711.9,2015,February
2015-02,Cotton,Jalgaon,Jamner,38.55,37.5,39.6,2587.8,2015,February
2015-02,Cotton,Jalgaon,Jamner-Neri,38.5,37.5,39.5,1293.4,2015,February
2015-02,Cotton,Parbhani,Jintur,38.04,37.56,39.0,5981.7,2015,February
2015-02,Cotton,Hingoli,Kalamnuri,43.0,43.0,43.0,39.4,2015,February
2015-02,Cotton,Nagpur,Kalmeshwar,38.4,37.54,38.88,9071.4,2015,February
2015-02,Cotton,Nagpur,Katol,37.39,35.62,38.67,2252.8,2015,February
2015-02,Cotton,Buldhana,Khamgaon,38.96,37.98,39.95,8218.6,2015,February
2015-02,Cotton,Beed,Kille Dharur,38.1,37.75,38.65,5879.8,2015,February
2015-02,Cotton,Nanded,Kinwat,36.56,35.82,37.29,376.3,2015,February
2015-02,Cotton,Chandrapur,Korpana,39.71,39.71,56.55,877.0,2015,February
2015-02,Cotton,Beed,Majalgaon,38.05,36.43,38.82,6040.8,2015,February
2015-02,Cotton,Nanded,Naigaon,39.5,39.5,39.5,1009.3,2015,February
2015-02,Cotton,Nagpur,Narkhed,34.71,34.71,38.93,2932.4,2015,February
2015-02,Cotton,Yewatmal,Pandharkawada,39.08,37.5,40.01,1401.0,2015,February
2015-02,Cotton,Parbhani,Parbhani,39.37,38.84,39.56,3930.2,2015,February
2015-02,Cotton,Jalna,Partur,39.44,38.12,39.5,4562.1,2015,February
2015-02,Cotton,Ahmadnagar,Pathardi,37.98,37.98,68.05,230.0,2015,February
2015-02,Cotton,Wardha,Pulgaon,39.09,37.82,39.87,8853.4,2015,February
2015-02,Cotton,Parbhani,Purna,39.0,37.5,39.5,110.6,2015,February
2015-02,Cotton,Chandrapur,Rajura,38.54,33.47,39.52,1379.3,2015,February
2015-02,Cotton,Yewatmal,Ralegaon,40.0,39.33,40.19,7753.7,2015,February
2015-02,Cotton,Parbhani,Sailu,39.44,38.68,39.75,3450.0,2015,February
2015-02,Cotton,Wardha,Samudrapur,38.85,37.68,40.02,5334.0,2015,February
2015-02,Cotton,Nagpur,Savner,38.08,37.76,38.41,1630.0,2015,February
2015-02,Cotton,Nandurbar,Shahada,40.25,39.13,40.25,6817.7,2015,February
2015-02,Cotton,Ahmadnagar,Shevgaon,38.36,37.15,38.96,8623.8,2015,February
2015-02,Cotton,Dhule,Shirpur,39.99,39.99,39.99,96.9,2015,February
2015-02,Cotton,Wardha,Sindi,39.0,38.79,39.39,678.1,2015,February
2015-02,Cotton,Wardha,Sindi (Selu),37.98,37.41,39.03,5971.6,2015,February
2015-02,Cotton,Nandurbar,Taloda,37.94,37.46,38.46,55.1,2015,February
2015-02,Cotton,Akola,Telhara,39.21,38.56,39.94,1140.0,2015,February
2015-02,Cotton,Nagpur,Umared,38.31,37.73,38.89,738.8,2015,February
2015-02,Cotton,Yewatmal,Umarkhed,39.25,39.0,39.5,278.3,2015,February
2015-02,Cotton,Yewatmal,Vani,38.8,36.55,40.1,4329.1,2015,February
2015-02,Cotton,Amaravathi,Varud,38.96,37.91,39.98,5032.4,2015,February
2015-02,Cotton,Nasik,Yeola,39.5,38.5,40.5,219.8,2015,February
2015-02,Cotton,Yewatmal,Yeotmal,38.74,38.05,39.48,3431.5,2015,February
2015-02,Cotton,Yewatmal,Zarijamini,39.78,38.02,40.48,1444.9,2015,February
2015-02,Jowar,Ahmadnagar,Ahmednagar,17.87,15.75,20.0,60.2,2015,February
2015-02,Jowar,Hingoli,Akhadabalapur,15.0,15.0,15.0,10.1,2015,February
2015-02,Jowar,Solapur,Akluj,17.5,17.5,17.5,0.9,2015,February
2015-02,Jowar,Akola,Akola,14.03,12.79,15.12,99.2,2015,February
2015-02,Jowar,Amaravathi,Amarawati,18.46,15.93,18.86,4.5,2015,February
2015-02,Jowar,Jalna,Ambad(Vadi Godri),13.62,11.5,17.14,35.7,2015,February
2015-02,Jowar,Beed,Ambejogai,23.08,21.4,24.06,15.9,2015,February
2015-02,Jowar,Amaravathi,Anajngaon Surji,14.71,13.5,15.86,81.0,2015,February
2015-02,Jowar,Sangli,Atpadi,19.0,17.0,21.0,5.9,2015,February
2015-02,Jowar,Latur,Ausa,16.52,15.38,18.04,67.4,2015,February
2015-02,Jowar,Akola,Balapur,14.06,13.2,16.5,37.0,2015,February
2015-02,Jowar,Pune,Baramati,19.63,16.75,22.51,159.5,2015,February
2015-02,Jowar,Solapur,Barshi,19.95,14.36,25.18,1059.0,2015,February
2015-02,Jowar,Solapur,Barshi-Vairag,16.66,11.59,21.32,107.0,2015,February
2015-02,Jowar,Nanded,Bhokar,13.44,12.25,14.78,16.1,2015,February
2015-02,Jowar,Jalna,Bhokardan,11.81,11.63,25.74,9.7,2015,February
2015-02,Jowar,Jalna,Bhokardan-Pimpalgaon Renu,12.3,12.0,12.5,1.5,2015,February
2015-02,Jowar,Jalgaon,Bhusaval,13.02,12.82,13.28,12.2,2015,February
2015-02,Jowar,Jalgaon,Chalisgaon,13.61,12.19,22.22,296.0,2015,February
2015-02,Jowar,Amaravathi,Chandur Bajar,14.52,12.33,15.67,12.5,2015,February
2015-02,Jowar,Buldhana,Chikhali,11.56,11.03,12.1,3.2,2015,February
2015-02,Jowar,Jalgaon,Chopda,14.59,13.39,14.95,67.6,2015,February
2015-02,Jowar,Nasik,Devala,22.43,21.31,22.52,0.7,2015,February
2015-02,Jowar,Dhule,Dhule,18.38,16.89,18.77,63.7,2015,February
2015-02,Jowar,Dhule,Dondaicha,18.7,16.73,19.58,92.7,2015,February
2015-02,Jowar,Solapur,Dudhani,13.98,9.43,17.38,72.3,2015,February
2015-02,Jowar,Aurangabad,Gangapur,15.69,14.44,16.98,101.3,2015,February
2015-02,Jowar,Beed,Gevrai,14.72,11.85,18.0,478.1,2015,February
2015-02,Jowar,Hingoli,Hingoli,14.09,12.74,15.42,21.4,2015,February
2015-02,Jowar,Jalna,Jafrabad,10.5,9.5,11.33,6.0,2015,February
2015-02,Jowar,Jalgaon,Jalgaon,13.79,13.52,13.82,69.6,2015,February
2015-02,Jowar,Buldhana,Jalgaon Jamod-Aasalgaon,13.1,12.0,14.2,31.8,2015,February
2015-02,Jowar,Jalna,Jalna,17.24,11.63,22.87,1155.9,2015,February
2015-02,Jowar,Ahmadnagar,Jamkhed,20.79,16.22,25.36,3532.0,2015,February
2015-02,Jowar,Parbhani,Jintur,11.62,11.15,13.93,47.1,2015,February
2015-02,Jowar,Parbhani,Jintur-Bori,12.12,11.32,12.36,8.3,2015,February
2015-02,Jowar,Beed,Kada,19.03,15.29,23.69,1127.8,2015,February
2015-02,Jowar,Osmanabad,Kalamb (Os),18.22,15.69,20.16,208.3,2015,February
2015-02,Jowar,Hingoli,Kalamnuri,15.0,15.0,15.0,5.0,2015,February
2015-02,Jowar,Wasim,Karanja,14.19,13.22,15.45,28.0,2015,February
2015-02,Jowar,Nagpur,Katol,13.6,12.18,14.63,3.5,2015,February
2015-02,Jowar,Buldhana,Khamgaon,13.37,12.2,14.55,451.3,2015,February
2015-02,Jowar,Beed,Kille Dharur,23.31,20.7,24.39,18.6,2015,February
2015-02,Jowar,Kolhapur,Kolhapur-Laxmipuri,29.25,16.81,38.13,96.0,2015,February
2015-02,Jowar,Ahmadnagar,Kopargaon,14.86,12.25,16.35,138.5,2015,February
2015-02,Jowar,Satara,Koregaon,18.5,17.6,19.4,4.5,2015,February
2015-02,Jowar,Solapur,Kurdwadi,16.6,11.2,22.0,47.3,2015,February
2015-02,Jowar,Solapur,Kurdwadi-Modnimb,13.43,10.18,23.3,118.8,2015,February
2015-02,Jowar,Nasik,Lasalgaon,20.14,17.81,21.0,1.9,2015,February
2015-02,Jowar,Aurangabad,Lasur Station,16.74,12.96,20.75,906.5,2015,February
2015-02,Jowar,Latur,Latur,25.76,23.82,27.09,99.0,2015,February
2015-02,Jowar,Satara,Lonand,17.5,15.63,19.89,15.4,2015,February
2015-02,Jowar,Buldhana,Lonar,11.73,10.82,12.64,34.8,2015,February
2015-02,Jowar,Beed,Majalgaon,15.68,10.92,19.9,31.4,2015,February
2015-02,Jowar,Nasik,Malegaon,26.93,19.77,27.77,6.7,2015,February
2015-02,Jowar,Buldhana,Malkapur,13.35,12.47,14.48,64.6,2015,February
2015-02,Jowar,Solapur,Mangalwedha,18.82,11.5,22.51,214.4,2015,February
2015-02,Jowar,Wasim,Mangrulpeer,12.46,11.71,12.75,1.8,2015,February
2015-02,Jowar,Buldhana,Mehkar,12.8,10.25,14.27,5.3,2015,February
2015-02,Jowar,Solapur,Mohol,18.36,15.64,20.41,24.5,2015,February
2015-02,Jowar,Amaravathi,Morshi,13.91,13.44,14.38,77.9,2015,February
2015-02,Jowar,Nagpur,Nagpur,17.93,15.86,20.0,9.6,2015,February
2015-02,Jowar,Nanded,Naigaon,10.5,10.0,11.0,1.5,2015,February
2015-02,Jowar,Nanded,Nanded,12.11,12.11,12.11,1.5,2015,February
2015-02,Jowar,Buldhana,Nandura,13.09,11.94,13.84,147.8,2015,February
2015-02,Jowar,Nandurbar,Nandurbar,15.49,13.34,17.74,803.7,2015,February
2015-02,Jowar,Ahmadnagar,Newasa,15.92,15.92,15.92,3.7,2015,February
2015-02,Jowar,Pune,Nira,18.75,16.0,21.5,33.0,2015,February
2015-02,Jowar,Aurangabad,Paithan,0.01,0.01,0.01,420.0,2015,February
2015-02,Jowar,Solapur,Pandharpur,18.6,17.57,20.73,32.1,2015,February
2015-02,Jowar,Beed,Parli-Vaijnath,15.02,13.75,15.83,41.0,2015,February
2015-02,Jowar,Jalna,Partur,12.43,11.38,14.24,19.0,2015,February
2015-02,Jowar,Ahmadnagar,Pathardi,16.27,15.15,17.75,74.1,2015,February
2015-02,Jowar,Parbhani,Pathari,8.96,8.96,17.5,1.2,2015,February
2015-02,Jowar,Akola,Patur,14.31,13.87,14.92,12.3,2015,February
2015-02,Jowar,Satara,Phaltan,18.33,15.53,23.8,168.3,2015,February
2015-02,Jowar,Pune,Pune,26.02,23.46,28.63,804.2,2015,February
2015-02,Jowar,Parbhani,Purna,13.95,13.95,13.95,0.3,2015,February
2015-02,Jowar,Yewatmal,Pusad,14.54,12.9,16.02,16.4,2015,February
2015-02,Jowar,Ahmadnagar,Rahata,13.74,12.0,15.14,289.8,2015,February
2015-02,Jowar,Ahmadnagar,Rahuri,15.92,15.92,15.92,7.2,2015,February
2015-02,Jowar,Ahmadnagar,Rahuri-Vambori,13.26,11.95,14.5,134.6,2015,February
2015-02,Jowar,Jalgaon,Raver,13.82,12.77,14.37,39.9,2015,February
2015-02,Jowar,Parbhani,Sailu,14.45,11.44,16.73,21.1,2015,February
2015-02,Jowar,Sangli,Sangali,21.43,16.82,25.97,655.3,2015,February
2015-02,Jowar,Ahmadnagar,Sangamner,19.13,17.17,20.67,9.6,2015,February
2015-02,Jowar,Buldhana,Sangrampur,11.27,9.64,12.73,38.9,2015,February
2015-02,Jowar,Nagpur,Savner,11.72,11.44,12.0,7.5,2015,February
2015-02,Jowar,Nandurbar,Shahada,14.91,13.27,16.02,79.1,2015,February
2015-02,Jowar,Buldhana,Shegaon,12.93,11.61,14.13,169.8,2015,February
2015-02,Jowar,Ahmadnagar,Shevgaon,15.88,12.34,16.67,528.1,2015,February
2015-02,Jowar,Ahmadnagar,Shevgaon-Bodhegaon,14.93,13.66,15.58,668.3,2015,February
2015-02,Jowar,Dhule,Shirpur,15.15,12.72,16.89,360.1,2015,February
2015-02,Jowar,Pune,Shirur,15.24,13.81,15.66,146.7,2015,February
2015-02,Jowar,Ahmadnagar,Shrirampur,16.49,14.05,17.63,102.6,2015,February
2015-02,Jowar,Nasik,Sinner,14.82,12.72,16.79,15.7,2015,February
2015-02,Jowar,Solapur,Solapur,17.42,16.05,18.98,245.9,2015,February
2015-02,Jowar,Nandurbar,Taloda,18.16,16.58,19.52,88.4,2015,February
2015-02,Jowar,Sangli,Tasgaon,14.5,14.0,15.0,30.0,2015,February
2015-02,Jowar,Akola,Telhara,12.85,12.45,13.2,85.0,2015,February
2015-02,Jowar,Osmanabad,Tuljapur,12.4,11.92,12.88,4.4,2015,February
2015-02,Jowar,Latur,Udgir,10.94,9.94,11.99,10.3,2015,February
2015-02,Jowar,Nagpur,Umared,12.38,12.0,12.75,0.3,2015,February
2015-02,Jowar,Osmanabad,Umarga,14.95,14.4,15.66,24.2,2015,February
2015-02,Jowar,Satara,Vaduj,21.81,21.0,22.63,270.0,2015,February
2015-02,Jowar,Aurangabad,Vaijapur,15.75,14.5,16.25,1.5,2015,February
2015-02,Jowar,Amaravathi,Varud,15.3,15.3,15.3,223.6,2015,February
2015-02,Jowar,Amaravathi,Varud-Rajura Bazar,13.54,13.33,13.75,4.4,2015,February
2015-02,Jowar,Wasim,Washim,16.44,12.04,17.38,18.7,2015,February
2015-02,Onion,Solapur,Akluj,13.95,8.8,18.0,56.0,2015,February
2015-02,Onion,Ahmadnagar,Akole,12.22,2.23,15.06,1558.4,2015,February
2015-02,Onion,Amaravathi,Amarawati,14.19,11.13,14.6,9.0,2015,February
2015-02,Onion,Aurangabad,Aurangabad,11.21,6.3,16.13,472.8,2015,February
2015-02,Onion,Pune,Baramati,12.75,5.0,17.38,154.0,2015,February
2015-02,Onion,Solapur,Barshi,9.83,2.14,16.47,364.2,2015,February
2015-02,Onion,Thane,Bhivandi,19.0,15.7,22.3,16.0,2015,February
2015-02,Onion,Chandrapur,Chandrapur-Ganjwad,11.05,9.26,14.47,788.5,2015,February
2015-02,Onion,Nasik,Chandvad,13.58,2.03,15.66,17626.2,2015,February
2015-02,Onion,Nasik,Devala,13.74,8.6,15.75,10588.0,2015,February
2015-02,Onion,Dhule,Dhule,12.99,3.58,15.88,4088.2,2015,February
2015-02,Onion,Nasik,Dindori-Vani,14.08,11.26,17.47,10241.1,2015,February
2015-02,Onion,Pune,Indapur,12.49,3.69,16.31,60.8,2015,February
2015-02,Onion,Jalgaon,Jalgaon,11.36,6.56,16.36,885.0,2015,February
2015-02,Onion,Ahmadnagar,Jamkhed,10.41,1.63,19.19,439.4,2015,February
2015-02,Onion,Pune,Junnar,12.63,7.5,16.5,1013.6,2015,February
2015-02,Onion,Pune,Junnar (Alephata),14.96,12.13,17.67,14340.3,2015,February
2015-02,Onion,Pune,Junnar-Otur,16.0,13.38,18.5,4267.9,2015,February
2015-02,Onion,Beed,Kada,12.9,4.0,20.6,1490.3,2015,February
2015-02,Onion,Nasik,Kalvan,13.84,4.5,16.55,9120.0,2015,February
2015-02,Onion,Nagpur,Kamthi,17.0,8.29,25.71,12.5,2015,February
2015-02,Onion,Satara,Karad,15.44,11.63,19.63,93.8,2015,February
2015-02,Onion,Kolhapur,Kolhapur,13.27,4.82,19.45,6191.8,2015,February
2015-02,Onion,Ahmadnagar,Kopargaon,16.44,4.71,18.72,723.1,2015,February
2015-02,Onion,Satara,Koregaon,10.69,6.0,15.38,43.8,2015,February
2015-02,Onion,Solapur,Kurdwadi-Modnimb,9.14,3.0,17.03,664.5,2015,February
2015-02,Onion,Nasik,Lasalgaon,14.02,7.41,15.82,44214.5,2015,February
2015-02,Onion,Nasik,Lasalgaon-Niphad,13.62,6.12,15.02,10610.9,2015,February
2015-02,Onion,Aurangabad,Lasur Station,11.38,2.44,17.14,324.5,2015,February
2015-02,Onion,Satara,Lonand,13.31,7.13,16.58,4486.9,2015,February
2015-02,Onion,Nasik,Malegaon,12.41,5.97,14.95,13116.6,2015,February
2015-02,Onion,Nasik,Manmad,13.69,4.22,15.0,23135.9,2015,February
2015-02,Onion,Mumbai,Mumbai,15.0,13.0,17.0,23215.0,2015,February
2015-02,Onion,Nagpur,Nagpur,13.21,8.69,17.73,9490.1,2015,February
2015-02,Onion,Nasik,Nashik,15.4,5.4,17.9,1067.3,2015,February
2015-02,Onion,Ahmadnagar,Newasa-Ghodegaon,14.91,3.09,19.18,11437.4,2015,February
2015-02,Onion,Osmanabad,Osmanabad,13.96,9.44,18.5,7.0,2015,February
2015-02,Onion,Solapur,Pandharpur,11.94,2.53,18.18,125.2,2015,February
2015-02,Onion,Ahmadnagar,Parner,12.93,6.0,18.15,17281.6,2015,February
2015-02,Onion,Ahmadnagar,Pathardi,8.92,1.08,15.92,147.5,2015,February
2015-02,Onion,Satara,Phaltan,12.33,5.33,16.67,645.2,2015,February
2015-02,Onion,Nasik,Pimpalgaon (B)-Saykheda,12.15,4.83,15.26,16758.4,2015,February
2015-02,Onion,Nasik,Pimpalgaon Basawant,13.35,6.36,16.19,44174.2,2015,February
2015-02,Onion,Pune,Pune,11.72,6.9,16.52,57740.5,2015,February
2015-02,Onion,Pune,Pune-Manjri,3.82,3.12,13.09,8.6,2015,February
2015-02,Onion,Pune,Pune-Pimpri,12.58,11.25,13.92,7.4,2015,February
2015-02,Onion,Ahmadnagar,Rahata,14.09,4.5,19.23,6971.7,2015,February
2015-02,Onion,Ahmadnagar,Rahuri,9.95,1.09,18.64,5039.8,2015,February
2015-02,Onion,Ahmadnagar,Rahuri-Vambori,12.18,3.36,17.55,1782.6,2015,February
2015-02,Onion,Ahmadnagar,Sangamner,12.81,5.0,20.62,6823.8,2015,February
2015-02,Onion,Nasik,Satana,11.4,8.1,15.54,1593.5,2015,February
2015-02,Onion,Satara,Satara,14.38,11.38,17.25,652.6,2015,February
2015-02,Onion,Dhule,Shirpur,14.83,3.13,16.96,76.3,2015,February
2015-02,Onion,Ahmadnagar,Shrirampur,13.9,2.6,18.05,863.0,2015,February
2015-02,Onion,Nasik,Sinner,13.56,2.65,16.73,19518.2,2015,February
2015-02,Onion,Solapur,Solapur,11.89,2.03,20.63,35304.8,2015,February
2015-02,Onion,Aurangabad,Vaijapur,13.29,4.0,18.57,2016.5,2015,February
2015-02,Onion,Nasik,Yeola,13.81,4.82,15.3,45840.2,2015,February
2015-02,Rice,Gondiya,Aamgaon,15.05,14.81,15.3,767.4,2015,February
2015-02,Rice,Gadchiroli,Aheri,14.78,14.78,14.78,473.6,2015,February
2015-02,Rice,Ahmadnagar,Akole,11.08,9.36,13.35,543.2,2015,February
2015-02,Rice,Raigad,Alibag,16.0,15.0,17.0,60.0,2015,February
2015-02,Rice,Gondiya,Arjuni Morgaon,15.76,15.58,15.93,223.3,2015,February
2015-02,Rice,Gadchiroli,Armori,15.2,14.95,15.46,663.1,2015,February
2015-02,Rice,Gadchiroli,Armori-Desaiganj,15.48,14.72,16.01,4146.9,2015,February
2015-02,Rice,Solapur,Barshi,14.41,14.41,15.0,4.6,2015,February
2015-02,Rice,Thane,Bhivandi,15.58,14.55,16.75,44.5,2015,February
2015-02,Rice,Nagpur,Bhiwapur,19.65,19.1,20.32,420.0,2015,February
2015-02,Rice,Chandrapur,Brahmpuri,19.3,19.0,19.6,112.1,2015,February
2015-02,Rice,Gadchiroli,Chamorshi,17.67,17.33,18.34,98.4,2015,February
2015-02,Rice,Gadchiroli,Gadchiroli,16.16,15.85,16.36,436.6,2015,February
2015-02,Rice,Nasik,Ghoti,19.65,19.63,19.68,178.2,2015,February
2015-02,Rice,Raigad,Karjat (Raigad),22.7494,17.0227,30.5864,295.7,2015,February
2015-02,Rice,Kolhapur,Kolhapur-Laxmipuri,16.887,15.7928,20.3925,1614.5,2015,February
2015-02,Rice,Nasik,Lasalgaon,16.91,16.91,16.91,0.6,2015,February
2015-02,Rice,Nagpur,Mandhal,18.98,18.17,19.84,81.1,2015,February
2015-02,Rice,Raigad,Mangaon(Bhadav),26.83,17.44,34.72,7.5,2015,February
2015-02,Rice,Chandrapur,Mul,18.32,17.62,19.05,4032.3,2015,February
2015-02,Rice,Mumbai,Mumbai,61.0,47.09,76.05,49783.5,2015,February
2015-02,Rice,Thane,Murbad,17.3,17.3,19.1,1.5,2015,February
2015-02,Rice,Raigad,Murud,16.0,15.0,17.0,30.0,2015,February
2015-02,Rice,Chandrapur,Nagbhid,18.23,16.38,20.09,3941.1,2015,February
2015-02,Rice,Nagpur,Nagpur,26.3862,24.7147,28.0514,1085.6,2015,February
2015-02,Rice,Nandurbar,Nandurbar,33.75,33.75,33.75,1.0,2015,February
2015-02,Rice,Pune,Nira,32.0,28.0,36.0,12.5,2015,February
2015-02,Rice,Bhandara,Pavani,17.89,17.33,18.2,60.8,2015,February
2015-02,Rice,Raigad,Pen,13.2632,13.2182,13.8526,430.0,2015,February
2015-02,Rice,Pune,Pune,51.49,46.14,56.7,2457.9,2015,February
2015-02,Rice,Nagpur,Ramtek,22.19,22.19,22.64,491.3,2015,February
2015-02,Rice,Raigad,Roha,13.6,13.2,14.0,165.9,2015,February
2015-02,Rice,Chandrapur,Savali,21.0,20.5,21.5,5.5,2015,February
2015-02,Rice,Thane,Shahapur,15.7,14.62,16.34,5.4,2015,February
2015-02,Rice,Nasik,Sinner,16.25,16.25,16.25,0.2,2015,February
2015-02,Rice,Solapur,Solapur,36.88,21.28,56.62,2033.3,2015,February
2015-02,Rice,Gondiya,Tiroda,15.44,14.96,15.91,2323.6,2015,February
2015-02,Rice,Bhandara,Tumsar,16.5299,16.2299,16.9688,4445.9,2015,February
2015-02,Rice,Nagpur,Umared,28.0,20.0,36.0,530.2,2015,February
2015-02,Rice,Osmanabad,Umarga,8.0,7.5,9.0,0.1,2015,February
2015-02,Soybean,Yewatmal,Aarni,31.5,30.0,33.0,178.0,2015,February
2015-02,Soybean,Amaravathi,Achalpur,32.3,31.67,32.93,110.0,2015,February
2015-02,Soybean,Gadchiroli,Aheri,29.0,29.0,29.0,25.0,2015,February
2015-02,Soybean,Hingoli,Akhadabalapur,32.25,31.7,32.8,37.4,2015,February
2015-02,Soybean,Akola,Akola,31.65,30.6,32.92,3167.2,2015,February
2015-02,Soybean,Ahmadnagar,Akole,22.7,21.78,24.06,938.1,2015,February
2015-02,Soybean,Amaravathi,Amarawati,32.48,32.19,32.8,4.5,2015,February
2015-02,Soybean,Jalna,Ambad(Vadi Godri),30.0,27.0,33.35,1.4,2015,February
2015-02,Soybean,Beed,Ambejogai,32.84,31.86,33.49,1234.1,2015,February
2015-02,Soybean,Amaravathi,Anajngaon Surji,31.45,29.79,32.73,633.0,2015,February
2015-02,Soybean,Wardha,Arvi,30.37,27.87,33.3,285.6,2015,February
2015-02,Soybean,Latur,Ausa,32.9,32.32,33.09,517.9,2015,February
2015-02,Soybean,Yewatmal,Babhulgaon,31.52,29.48,33.4,284.0,2015,February
2015-02,Soybean,Akola,Balapur,31.42,30.67,32.17,36.5,2015,February
2015-02,Soybean,Pune,Baramati,31.25,25.0,31.51,7.1,2015,February
2015-02,Soybean,Hingoli,Basmat,32.51,32.2,32.86,20.9,2015,February
2015-02,Soybean,Nagpur,Bhiwapur,32.32,31.64,33.0,24.5,2015,February
2015-02,Soybean,Nanded,Bhokar,32.44,32.06,33.16,57.2,2015,February
2015-02,Soybean,Jalna,Bhokardan,31.7,31.5,31.91,82.8,2015,February
2015-02,Soybean,Jalna,Bhokardan-Pimpalgaon Renu,31.68,31.5,31.98,39.6,2015,February
2015-02,Soybean,Buldhana,Buldhana,31.25,30.0,32.85,23.2,2015,February
2015-02,Soybean,Latur,Chakur,37.25,36.5,37.51,6.0,2015,February
2015-02,Soybean,Jalgaon,Chalisgaon,30.83,30.42,31.63,7.9,2015,February
2015-02,Soybean,Chandrapur,Chandrapur,30.73,29.14,32.26,275.6,2015,February
2015-02,Soybean,Amaravathi,Chandur Bajar,31.65,28.14,33.23,415.7,2015,February
2015-02,Soybean,Amaravathi,Chandur Rly.,32.03,30.95,33.12,283.7,2015,February
2015-02,Soybean,Buldhana,Chikhali,31.48,29.58,33.38,510.4,2015,February
2015-02,Soybean,Jalgaon,Chopda,31.8,31.2,31.94,7.1,2015,February
2015-02,Soybean,Amaravathi,Dhamangaon-Rly,31.7,30.38,33.51,920.0,2015,February
2015-02,Soybean,Dhule,Dhule,31.98,31.14,32.09,3.1,2015,February
2015-02,Soybean,Yewatmal,Digras,27.14,27.14,29.95,82.0,2015,February
2015-02,Soybean,Beed,Gevrai,32.19,31.32,32.57,18.4,2015,February
2015-02,Soybean,Jalna,Ghansawangi,32.33,31.17,33.33,162.3,2015,February
2015-02,Soybean,Yewatmal,Ghatanji,31.88,31.25,32.4,28.1,2015,February
2015-02,Soybean,Chandrapur,Gondpimpri,26.53,25.42,27.08,1139.5,2015,February
2015-02,Soybean,Wardha,Hinganghat,30.93,28.0,33.85,4579.5,2015,February
2015-02,Soybean,Nagpur,Hingna,31.34,30.84,31.67,1.1,2015,February
2015-02,Soybean,Hingoli,Hingoli,32.49,31.53,33.29,1035.4,2015,February
2015-02,Soybean,Jalna,Jafrabad,31.42,30.5,32.14,45.4,2015,February
2015-02,Soybean,Jalgaon,Jalgaon,27.88,27.88,27.88,5.9,2015,February
2015-02,Soybean,Buldhana,Jalgaon Jamod,30.5,29.5,31.5,17.8,2015,February
2015-02,Soybean,Buldhana,Jalgaon Jamod-Aasalgaon,31.8,30.8,32.8,206.4,2015,February
2015-02,Soybean,Jalna,Jalna,32.77,30.51,33.06,865.8,2015,February
2015-02,Soybean,Ahmadnagar,Jamkhed,31.15,30.0,32.29,14.7,2015,February
2015-02,Soybean,Parbhani,Jintur,32.46,31.07,32.81,231.8,2015,February
2015-02,Soybean,Parbhani,Jintur-Bori,31.95,30.9,32.34,21.9,2015,February
2015-02,Soybean,Beed,Kada,31.25,29.88,31.5,2.4,2015,February
2015-02,Soybean,Osmanabad,Kalamb (Os),32.98,31.91,33.17,467.6,2015,February
2015-02,Soybean,Hingoli,Kalamnuri,30.17,30.17,30.17,160.6,2015,February
2015-02,Soybean,Nagpur,Kalmeshwar,30.85,29.53,31.56,88.7,2015,February
2015-02,Soybean,Nasik,Kalvan,33.41,32.59,33.62,28.5,2015,February
2015-02,Soybean,Wasim,Karanja,31.75,30.17,33.01,3331.5,2015,February
2015-02,Soybean,Nagpur,Katol,31.16,28.93,32.33,588.2,2015,February
2015-02,Soybean,Buldhana,Khamgaon,31.03,29.26,32.8,7305.5,2015,February
2015-02,Soybean,Beed,Kille Dharur,32.34,29.93,32.64,102.9,2015,February
2015-02,Soybean,Nanded,Kinwat,30.5,30.0,31.0,10.0,2015,February
2015-02,Soybean,Ahmadnagar,Kopargaon,31.86,29.79,32.08,71.0,2015,February
2015-02,Soybean,Chandrapur,Korpana,29.0,28.5,29.35,4.2,2015,February
2015-02,Soybean,Nasik,Lasalgaon,33.29,23.33,33.65,242.9,2015,February
2015-02,Soybean,Aurangabad,Lasur Station,31.97,31.97,31.97,2.2,2015,February
2015-02,Soybean,Latur,Latur,33.17,31.69,33.66,3748.2,2015,February
2015-02,Soybean,Buldhana,Lonar,32.7,32.08,33.32,5865.0,2015,February
2015-02,Soybean,Beed,Majalgaon,32.09,31.25,32.53,90.8,2015,February
2015-02,Soybean,Nasik,Malegaon,32.47,31.92,32.57,3.1,2015,February
2015-02,Soybean,Buldhana,Malkapur,31.88,29.63,32.77,118.3,2015,February
2015-02,Soybean,Nagpur,Mandhal,30.67,29.55,31.96,16.2,2015,February
2015-02,Soybean,Wasim,Mangrulpeer,32.55,28.66,33.68,1211.8,2015,February
2015-02,Soybean,Wasim,Manora,31.55,30.55,34.48,490.2,2015,February
2015-02,Soybean,Buldhana,Mehkar,33.05,31.33,34.0,1019.6,2015,February
2015-02,Soybean,Amaravathi,Morshi,31.89,31.34,32.43,212.5,2015,February
2015-02,Soybean,Akola,Murtizapur,31.25,29.95,32.98,1740.0,2015,February
2015-02,Soybean,Osmanabad,Murum,32.32,32.3,32.34,4.9,2015,February
2015-02,Soybean,Nagpur,Nagpur,31.07,28.62,33.52,256.7,2015,February
2015-02,Soybean,Nanded,Naigaon,31.86,30.11,32.54,12.8,2015,February
2015-02,Soybean,Nanded,Nanded,32.68,32.66,32.7,204.5,2015,February
2015-02,Soybean,Amaravathi,Nandgaon Khandeshwar,31.24,30.2,32.27,376.2,2015,February
2015-02,Soybean,Buldhana,Nandura,31.55,28.98,33.09,422.4,2015,February
2015-02,Soybean,Nandurbar,Nandurbar,31.55,31.12,31.74,38.6,2015,February
2015-02,Soybean,Yewatmal,Ner Parasopant,31.7,30.72,32.73,635.2,2015,February
2015-02,Soybean,Yewatmal,Pandharkawada,30.85,29.6,32.0,13.3,2015,February
2015-02,Soybean,Parbhani,Parbhani,32.02,31.57,32.3,126.9,2015,February
2015-02,Soybean,Beed,Parli-Vaijnath,33.04,30.23,33.19,868.1,2015,February
2015-02,Soybean,Jalna,Partur,33.3,32.51,33.4,1.5,2015,February
2015-02,Soybean,Parbhani,Pathari,10.5,10.5,31.73,14.4,2015,February
2015-02,Soybean,Akola,Patur,31.17,30.21,32.62,142.8,2015,February
2015-02,Soybean,Wardha,Pulgaon,31.13,29.38,31.65,70.7,2015,February
2015-02,Soybean,Parbhani,Purna,32.22,31.11,32.7,16.0,2015,February
2015-02,Soybean,Yewatmal,Pusad,32.48,31.2,32.8,127.5,2015,February
2015-02,Soybean,Ahmadnagar,Rahata,31.17,30.74,31.69,24.2,2015,February
2015-02,Soybean,Ahmadnagar,Rahuri,29.0,29.0,29.0,0.5,2015,February
2015-02,Soybean,Ahmadnagar,Rahuri-Vambori,32.31,32.31,32.31,5.2,2015,February
2015-02,Soybean,Chandrapur,Rajura,31.88,29.56,32.92,494.1,2015,February
2015-02,Soybean,Nagpur,Ramtek,29.1,28.12,30.09,2.7,2015,February
2015-02,Soybean,Wasim,Risod,31.23,29.31,33.09,1870.8,2015,February
2015-02,Soybean,Parbhani,Sailu,32.69,31.84,32.77,44.1,2015,February
2015-02,Soybean,Wardha,Samudrapur,31.96,30.17,33.75,30.7,2015,February
2015-02,Soybean,Sangli,Sangali,32.15,30.2,34.1,55.2,2015,February
2015-02,Soybean,Ahmadnagar,Sangamner,36.6,36.6,36.6,4.4,2015,February
2015-02,Soybean,Buldhana,Sangrampur,30.14,27.09,31.45,29.6,2015,February
2015-02,Soybean,Nagpur,Savner,30.93,30.32,31.55,108.2,2015,February
2015-02,Soybean,Nandurbar,Shahada,31.61,29.88,32.19,17.5,2015,February
2015-02,Soybean,Buldhana,Shegaon,32.31,30.45,34.0,472.9,2015,February
2015-02,Soybean,Dhule,Shirpur,31.62,29.71,32.11,19.4,2015,February
2015-02,Soybean,Pune,Shirur,30.0,30.0,30.0,0.4,2015,February
2015-02,Soybean,Ahmadnagar,Shrirampur,31.22,30.88,31.59,13.3,2015,February
2015-02,Soybean,Wardha,Sindi,31.18,29.58,32.87,55.8,2015,February
2015-02,Soybean,Nasik,Sinner,33.5,31.75,34.87,38.9,2015,February
2015-02,Soybean,Parbhani,Sonpeth,32.5,32.02,32.8,3.0,2015,February
2015-02,Soybean,Akola,Telhara,31.25,30.55,31.91,170.0,2015,February
2015-02,Soybean,Latur,Udgir,33.07,32.87,33.24,178.1,2015,February
2015-02,Soybean,Nagpur,Umared,31.59,30.0,33.31,673.9,2015,February
2015-02,Soybean,Osmanabad,Umarga,32.93,31.86,33.13,55.6,2015,February
2015-02,Soybean,Yewatmal,Umarkhed,30.18,29.0,31.64,352.8,2015,February
2015-02,Soybean,Yewatmal,Umarkhed-Danki,30.67,29.0,31.67,140.0,2015,February
2015-02,Soybean,Aurangabad,Vaijapur,35.15,35.15,35.15,0.5,2015,February
2015-02,Soybean,Yewatmal,Vani,31.3,27.99,32.64,242.6,2015,February
2015-02,Soybean,Amaravathi,Varud-Rajura Bazar,31.85,29.78,32.47,9.0,2015,February
2015-02,Soybean,Wasim,Washim,32.34,31.18,33.75,3017.5,2015,February
2015-02,Soybean,Yewatmal,Yeotmal,31.62,30.17,33.44,1319.7,2015,February
2015-02,Soybean,Yewatmal,Zarijamini,28.76,28.58,28.86,3.0,2015,February
2015-03,Bajra,Ahmadnagar,Ahmednagar,15.25,13.5,17.0,1.4,2015,March
2015-03,Bajra,Akola,Akola,17.0,17.0,17.0,0.3,2015,March
2015-03,Bajra,Ahmadnagar,Akole,15.38,13.75,17.5,14.4,2015,March
2015-03,Bajra,Beed,Ambejogai,15.0,15.0,15.0,0.3,2015,March
2015-03,Bajra,Latur,Ausa,15.01,15.01,15.01,0.2,2015,March
2015-03,Bajra,Solapur,Barshi,15.25,15.0,15.25,0.3,2015,March
2015-03,Bajra,Beed,Beed,14.45,13.27,18.13,84.1,2015,March
2015-03,Bajra,Jalgaon,Bhusaval,11.0,11.0,11.0,0.1,2015,March
2015-03,Bajra,Jalgaon,Chalisgaon,12.88,11.0,13.6,204.5,2015,March
2015-03,Bajra,Jalgaon,Chopda,12.58,11.4,12.76,6.7,2015,March
2015-03,Bajra,Nasik,Devala,13.27,12.6,14.24,18.3,2015,March
2015-03,Bajra,Dhule,Dhule,12.59,10.93,13.5,230.3,2015,March
2015-03,Bajra,Dhule,Dondaicha,11.13,10.47,11.82,38.2,2015,March
2015-03,Bajra,Solapur,Dudhani,12.04,11.38,12.07,11.0,2015,March
2015-03,Bajra,Aurangabad,Gangapur,12.23,11.68,13.12,29.4,2015,March
2015-03,Bajra,Beed,Gevrai,12.34,11.62,13.16,31.0,2015,March
2015-03,Bajra,Pune,Indapur-Bhigwan,15.08,13.4,17.84,8.2,2015,March
2015-03,Bajra,Jalgaon,Jalgaon,12.66,12.56,12.66,6.7,2015,March
2015-03,Bajra,Jalna,Jalna,12.77,10.56,14.27,280.2,2015,March
2015-03,Bajra,Ahmadnagar,Jamkhed,13.75,13.0,14.5,19.7,2015,March
2015-03,Bajra,Beed,Kada,12.71,12.0,13.58,42.5,2015,March
2015-03,Bajra,Osmanabad,Kalamb (Os),14.86,14.54,14.89,2.3,2015,March
2015-03,Bajra,Nasik,Kalvan,11.48,11.3,12.52,27.6,2015,March
2015-03,Bajra,Thane,Kalyan,16.5,15.67,17.33,1.8,2015,March
2015-03,Bajra,Aurangabad,Kannad,12.69,11.88,13.39,10.4,2015,March
2015-03,Bajra,Buldhana,Khamgaon,10.56,10.35,10.78,13.5,2015,March
2015-03,Bajra,Beed,Kille Dharur,17.17,14.05,18.77,4.3,2015,March
2015-03,Bajra,Ahmadnagar,Kopargaon,14.07,11.19,14.96,47.5,2015,March
2015-03,Bajra,Solapur,Kurdwadi,12.51,12.51,12.51,0.3,2015,March
2015-03,Bajra,Nasik,Lasalgaon,13.73,10.67,14.57,6.6,2015,March
2015-03,Bajra,Aurangabad,Lasur Station,12.69,11.38,14.08,98.0,2015,March
2015-03,Bajra,Latur,Latur,13.5,12.76,14.13,29.6,2015,March
2015-03,Bajra,Satara,Lonand,14.75,12.88,16.26,15.1,2015,March
2015-03,Bajra,Beed,Majalgaon,12.54,10.65,21.68,18.6,2015,March
2015-03,Bajra,Nasik,Malegaon,13.78,12.51,15.59,148.9,2015,March
2015-03,Bajra,Buldhana,Malkapur,11.1,11.1,11.1,0.9,2015,March
2015-03,Bajra,Solapur,Mangalwedha,14.34,14.14,14.55,2.9,2015,March
2015-03,Bajra,Nasik,Manmad,13.47,11.95,14.45,20.1,2015,March
2015-03,Bajra,Buldhana,Nandura,10.48,9.89,10.88,5.0,2015,March
2015-03,Bajra,Nandurbar,Nandurbar,12.01,10.71,13.01,32.8,2015,March
2015-03,Bajra,Ahmadnagar,Newasa,13.42,13.25,13.75,6.4,2015,March
2015-03,Bajra,Beed,Parli-Vaijnath,13.81,13.81,13.81,0.7,2015,March
2015-03,Bajra,Jalna,Partur,11.61,10.9,12.5,2.0,2015,March
2015-03,Bajra,Ahmadnagar,Pathardi,13.11,12.6,14.07,34.6,2015,March
2015-03,Bajra,Pune,Pune,18.48,17.2,19.75,13.5,2015,March
2015-03,Bajra,Ahmadnagar,Rahata,12.53,12.34,13.26,14.8,2015,March
2015-03,Bajra,Ahmadnagar,Rahuri,13.55,13.5,13.6,3.1,2015,March
2015-03,Bajra,Ahmadnagar,Rahuri-Vambori,12.86,12.12,13.43,7.9,2015,March
2015-03,Bajra,Jalgaon,Raver,12.41,11.91,12.41,1.1,2015,March
2015-03,Bajra,Sangli,Sangali,14.93,12.95,16.91,77.5,2015,March
2015-03,Bajra,Ahmadnagar,Sangamner,15.0,13.5,15.75,9.5,2015,March
2015-03,Bajra,Nasik,Satana,13.55,12.0,14.78,7.5,2015,March
2015-03,Bajra,Nandurbar,Shahada,11.59,11.59,12.12,0.6,2015,March
2015-03,Bajra,Buldhana,Shegaon,11.83,11.83,11.83,2.0,2015,March
2015-03,Bajra,Ahmadnagar,Shevgaon,12.94,12.72,13.38,27.1,2015,March
2015-03,Bajra,Ahmadnagar,Shevgaon-Bodhegaon,11.53,10.72,12.17,49.0,2015,March
2015-03,Bajra,Dhule,Shirpur,12.11,10.37,12.54,45.8,2015,March
2015-03,Bajra,Pune,Shirur,13.13,13.08,13.14,5.5,2015,March
2015-03,Bajra,Ahmadnagar,Shrirampur,13.66,12.28,14.48,29.3,2015,March
2015-03,Bajra,Nasik,Sinner,12.54,10.91,13.99,60.6,2015,March
2015-03,Bajra,Solapur,Solapur,12.5,12.5,12.5,0.3,2015,March
2015-03,Bajra,Nandurbar,Taloda,15.32,14.76,15.85,5.1,2015,March
2015-03,Bajra,Osmanabad,Umarga,11.0,11.0,11.0,0.3,2015,March
2015-03,Bajra,Satara,Vaduj,14.5,14.0,15.0,8.4,2015,March
2015-03,Bajra,Nasik,Yeola,13.44,12.57,15.13,10.8,2015,March
2015-03,Cotton,Gadchiroli,Aheri,40.0,40.0,40.0,567.8,2015,March
2015-03,Cotton,Hingoli,Akhadabalapur,39.82,39.09,40.55,306.8,2015,March
2015-03,Cotton,Wardha,Arvi,40.2,39.53,40.66,7448.0,2015,March
2015-03,Cotton,Wardha,Ashti (Wardha),45.2,45.0,45.3,35.0,2015,March
2015-03,Cotton,Nagpur,Bhiwapur,38.62,38.14,39.11,100.5,2015,March
2015-03,Cotton,Nanded,Bhokar,38.21,37.75,39.62,3110.0,2015,March
2015-03,Cotton,Buldhana,Deulgaon Raja,40.55,38.21,42.12,1940.0,2015,March
2015-03,Cotton,Amaravathi,Dhamangaon-Rly,39.39,38.93,39.81,350.0,2015,March
2015-03,Cotton,Dhule,Dondaicha,39.25,39.0,39.25,62.2,2015,March
2015-03,Cotton,Beed,Gevrai,36.81,35.77,37.65,2021.4,2015,March
2015-03,Cotton,Jalna,Ghansawangi,36.0,35.0,37.0,46.8,2015,March
2015-03,Cotton,Yewatmal,Ghatanji,39.5,39.0,40.0,13.0,2015,March
2015-03,Cotton,Hingoli,Hingoli,40.37,40.2,40.54,76.0,2015,March
2015-03,Cotton,Jalna,Jafrabad,38.17,37.25,39.08,160.6,2015,March
2015-03,Cotton,Jalgaon,Jalgaon,39.0,39.0,39.0,47.2,2015,March
2015-03,Cotton,Ahmadnagar,Jamkhed,38.5,38.0,39.0,832.1,2015,March
2015-03,Cotton,Jalgaon,Jamner,38.09,37.5,38.54,1645.2,2015,March
2015-03,Cotton,Jalgaon,Jamner-Neri,38.05,37.5,38.58,1326.3,2015,March
2015-03,Cotton,Parbhani,Jintur,38.56,37.99,39.3,2716.7,2015,March
2015-03,Cotton,Hingoli,Kalamnuri,43.0,43.0,43.0,31.0,2015,March
2015-03,Cotton,Nagpur,Kalmeshwar,39.15,37.51,39.79,5830.8,2015,March
2015-03,Cotton,Nagpur,Katol,37.68,35.9,39.35,1139.5,2015,March
2015-03,Cotton,Beed,Kille Dharur,39.47,39.04,39.72,714.8,2015,March
2015-03,Cotton,Nanded,Kinwat,34.64,34.05,35.24,71.0,2015,March
2015-03,Cotton,Beed,Majalgaon,38.51,36.58,39.72,1276.7,2015,March
2015-03,Cotton,Nagpur,Narkhed,34.89,34.89,39.89,1233.5,2015,March
2015-03,Cotton,Parbhani,Parbhani,39.2,39.0,39.5,76.2,2015,March
2015-03,Cotton,Ahmadnagar,Pathardi,37.6,37.5,38.42,106.0,2015,March
2015-03,Cotton,Wardha,Pulgaon,39.66,37.79,40.73,2469.9,2015,March
2015-03,Cotton,Chandrapur,Rajura,39.38,35.36,40.85,1537.2,2015,March
2015-03,Cotton,Parbhani,Sailu,40.0,37.64,40.8,495.0,2015,March
2015-03,Cotton,Wardha,Samudrapur,40.05,38.55,41.55,1177.0,2015,March
2015-03,Cotton,Nagpur,Savner,38.58,38.5,38.67,100.0,2015,March
2015-03,Cotton,Nandurbar,Shahada,39.5,37.0,39.5,2659.2,2015,March
2015-03,Cotton,Ahmadnagar,Shevgaon,38.08,36.17,38.77,1839.6,2015,March
2015-03,Cotton,Wardha,Sindi,39.1,38.7,39.5,107.2,2015,March
2015-03,Cotton,Wardha,Sindi (Selu),38.1,36.69,39.28,3533.4,2015,March
2015-03,Cotton,Nandurbar,Taloda,39.01,38.51,39.61,158.2,2015,March
2015-03,Cotton,Akola,Telhara,38.89,38.07,39.43,212.5,2015,March
2015-03,Cotton,Nagpur,Umared,39.6,38.41,40.74,317.3,2015,March
2015-03,Cotton,Yewatmal,Umarkhed,39.25,39.0,39.5,356.4,2015,March
2015-03,Cotton,Chandrapur,Varora,40.1,39.06,41.13,1033.1,2015,March
2015-03,Cotton,Amaravathi,Varud,38.38,38.0,38.7,879.6,2015,March
2015-03,Cotton,Yewatmal,Yeotmal,38.78,38.08,39.42,398.8,2015,March
2015-03,Cotton,Yewatmal,Zarijamini,38.97,38.0,39.53,208.9,2015,March
2015-03,Jowar,Gadchiroli,Aheri,13.79,13.42,14.0,49.1,2015,March
2015-03,Jowar,Ahmadnagar,Ahmednagar,18.3,15.6,21.0,194.9,2015,March
2015-03,Jowar,Hingoli,Akhadabalapur,14.36,13.57,15.14,111.6,2015,March
2015-03,Jowar,Solapur,Akluj,19.18,19.18,19.18,0.8,2015,March
2015-03,Jowar,Akola,Akola,13.96,13.07,14.82,44.3,2015,March
2015-03,Jowar,Amaravathi,Amarawati,18.25,15.75,18.75,0.6,2015,March
2015-03,Jowar,Beed,Ambejogai,21.98,19.26,23.08,13.9,2015,March
2015-03,Jowar,Amaravathi,Anajngaon Surji,14.08,13.33,14.83,28.5,2015,March
2015-03,Jowar,Latur,Ausa,16.64,15.37,18.19,124.1,2015,March
2015-03,Jowar,Akola,Balapur,14.5,13.15,16.75,24.5,2015,March
2015-03,Jowar,Solapur,Barshi,22.33,14.29,26.85,2773.6,2015,March
2015-03,Jowar,Solapur,Barshi-Vairag,18.57,12.17,24.49,285.0,2015,March
2015-03,Jowar,Beed,Beed,19.51,16.34,22.18,626.0,2015,March
2015-03,Jowar,Nanded,Bhokar,13.8,12.71,15.56,42.2,2015,March
2015-03,Jowar,Jalna,Bhokardan,11.06,10.88,11.23,16.0,2015,March
2015-03,Jowar,Jalna,Bhokardan-Pimpalgaon Renu,11.09,10.88,11.28,3.5,2015,March
2015-03,Jowar,Jalgaon,Bhusaval,12.49,12.34,12.93,17.7,2015,March
2015-03,Jowar,Buldhana,Buldhana,12.33,11.75,13.0,7.0,2015,March
2015-03,Jowar,Jalgaon,Chalisgaon,13.55,12.0,14.64,172.5,2015,March
2015-03,Jowar,Amaravathi,Chandur Bajar,14.65,12.0,15.0,1.4,2015,March
2015-03,Jowar,Buldhana,Chikhali,13.16,12.06,14.27,29.2,2015,March
2015-03,Jowar,Jalgaon,Chopda,15.77,13.6,18.04,402.1,2015,March
2015-03,Jowar,Nasik,Devala,17.68,17.54,18.65,0.8,2015,March
2015-03,Jowar,Dhule,Dhule,16.14,14.51,17.33,120.8,2015,March
2015-03,Jowar,Dhule,Dondaicha,17.32,13.45,20.39,776.8,2015,March
2015-03,Jowar,Solapur,Dudhani,18.22,11.97,21.1,214.2,2015,March
2015-03,Jowar,Aurangabad,Gangapur,14.99,14.17,16.92,158.0,2015,March
2015-03,Jowar,Beed,Gevrai,15.28,13.0,17.22,186.1,2015,March
2015-03,Jowar,Hingoli,Hingoli,14.51,12.8,16.18,26.1,2015,March
2015-03,Jowar,Pune,Indapur-Bhigwan,17.3,15.46,27.16,293.8,2015,March
2015-03,Jowar,Jalna,Jafrabad,10.5,9.5,11.5,6.5,2015,March
2015-03,Jowar,Jalgaon,Jalgaon,14.16,13.46,14.61,280.1,2015,March
2015-03,Jowar,Buldhana,Jalgaon Jamod,13.0,12.0,14.0,0.2,2015,March
2015-03,Jowar,Buldhana,Jalgaon Jamod-Aasalgaon,12.29,11.29,13.29,52.0,2015,March
2015-03,Jowar,Jalna,Jalna,17.93,11.47,24.78,2455.2,2015,March
2015-03,Jowar,Ahmadnagar,Jamkhed,23.01,18.06,27.97,3961.9,2015,March
2015-03,Jowar,Parbhani,Jintur,13.09,11.1,17.03,74.8,2015,March
2015-03,Jowar,Parbhani,Jintur-Bori,15.09,13.52,15.78,12.2,2015,March
2015-03,Jowar,Beed,Kada,18.18,15.28,25.45,1114.0,2015,March
2015-03,Jowar,Osmanabad,Kalamb (Os),19.08,15.91,20.91,199.8,2015,March
2015-03,Jowar,Thane,Kalyan,17.0,16.5,17.5,0.6,2015,March
2015-03,Jowar,Aurangabad,Kannad,13.83,12.52,14.25,2.3,2015,March
2015-03,Jowar,Wasim,Karanja,15.48,15.48,15.48,6.5,2015,March
2015-03,Jowar,Nagpur,Katol,12.02,11.93,12.11,9.7,2015,March
2015-03,Jowar,Buldhana,Khamgaon,12.8,11.31,14.29,292.8,2015,March
2015-03,Jowar,Beed,Kille Dharur,23.57,19.76,24.17,32.8,2015,March
2015-03,Jowar,Ahmadnagar,Kopargaon,14.73,12.39,16.15,202.4,2015,March
2015-03,Jowar,Satara,Koregaon,17.75,16.25,19.25,3.7,2015,March
2015-03,Jowar,Solapur,Kurdwadi,16.8,11.4,22.21,148.3,2015,March
2015-03,Jowar,Solapur,Kurdwadi-Modnimb,13.92,10.19,23.39,181.4,2015,March
2015-03,Jowar,Nasik,Lasalgaon,16.75,16.75,17.0,1.0,2015,March
2015-03,Jowar,Aurangabad,Lasur Station,17.04,12.73,21.44,1143.2,2015,March
2015-03,Jowar,Latur,Latur,24.12,22.3,25.22,112.5,2015,March
2015-03,Jowar,Satara,Lonand,18.5,15.5,21.54,19.3,2015,March
2015-03,Jowar,Beed,Majalgaon,17.47,10.46,21.79,68.4,2015,March
2015-03,Jowar,Nasik,Malegaon,26.28,21.51,27.7,17.1,2015,March
2015-03,Jowar,Buldhana,Malkapur,13.37,12.25,14.07,96.2,2015,March
2015-03,Jowar,Solapur,Mangalwedha,17.94,14.67,22.49,210.5,2015,March
2015-03,Jowar,Wasim,Mangrulpeer,15.5,10.51,15.5,0.6,2015,March
2015-03,Jowar,Buldhana,Mehkar,12.5,10.5,13.7,0.6,2015,March
2015-03,Jowar,Solapur,Mohol,18.11,16.43,19.88,18.8,2015,March
2015-03,Jowar,Amaravathi,Morshi,14.07,13.44,14.69,95.0,2015,March
2015-03,Jowar,Osmanabad,Murum,20.56,19.58,21.54,22.4,2015,March
2015-03,Jowar,Nagpur,Nagpur,17.5,15.0,20.0,1.7,2015,March
2015-03,Jowar,Nanded,Nanded,11.53,11.26,11.94,6.0,2015,March
2015-03,Jowar,Buldhana,Nandura,13.32,11.9,14.37,154.7,2015,March
2015-03,Jowar,Nandurbar,Nandurbar,18.42,14.03,21.89,1764.8,2015,March
2015-03,Jowar,Ahmadnagar,Newasa,15.56,15.5,15.63,9.7,2015,March
2015-03,Jowar,Pune,Nira,19.34,16.0,22.68,112.9,2015,March
2015-03,Jowar,Solapur,Pandharpur,18.51,16.84,19.05,13.1,2015,March
2015-03,Jowar,Parbhani,Parbhani,16.44,15.83,17.33,21.5,2015,March
2015-03,Jowar,Beed,Parli-Vaijnath,15.91,15.14,16.4,38.1,2015,March
2015-03,Jowar,Jalna,Partur,13.42,11.68,15.44,55.4,2015,March
2015-03,Jowar,Ahmadnagar,Pathardi,15.94,15.0,17.38,90.1,2015,March
2015-03,Jowar,Parbhani,Pathari,13.08,13.08,18.44,12.2,2015,March
2015-03,Jowar,Akola,Patur,12.47,11.3,13.1,7.6,2015,March
2015-03,Jowar,Pune,Pune,25.35,22.55,28.16,802.9,2015,March
2015-03,Jowar,Parbhani,Purna,11.32,11.32,11.32,0.8,2015,March
2015-03,Jowar,Ahmadnagar,Rahata,13.81,11.94,15.03,133.1,2015,March
2015-03,Jowar,Ahmadnagar,Rahuri,15.37,15.37,15.37,8.0,2015,March
2015-03,Jowar,Ahmadnagar,Rahuri-Vambori,14.78,13.14,16.48,91.4,2015,March
2015-03,Jowar,Jalgaon,Raver,14.15,12.45,14.73,42.5,2015,March
2015-03,Jowar,Parbhani,Sailu,15.08,12.15,16.86,29.6,2015,March
2015-03,Jowar,Sangli,Sangali,21.98,17.29,26.59,1286.5,2015,March
2015-03,Jowar,Ahmadnagar,Sangamner,17.5,17.5,23.5,4.0,2015,March
2015-03,Jowar,Buldhana,Sangrampur,10.95,9.73,12.14,38.3,2015,March
2015-03,Jowar,Nagpur,Savner,12.87,11.33,14.4,1.5,2015,March
2015-03,Jowar,Nandurbar,Shahada,16.7,15.03,18.68,96.2,2015,March
2015-03,Jowar,Buldhana,Shegaon,12.97,11.66,14.02,122.3,2015,March
2015-03,Jowar,Ahmadnagar,Shevgaon,15.59,13.0,16.23,291.9,2015,March
2015-03,Jowar,Ahmadnagar,Shevgaon-Bodhegaon,14.48,13.48,15.14,621.7,2015,March
2015-03,Jowar,Dhule,Shirpur,19.41,12.55,23.06,1979.3,2015,March
2015-03,Jowar,Pune,Shirur,15.48,14.45,15.8,87.7,2015,March
2015-03,Jowar,Ahmadnagar,Shrirampur,16.68,13.62,18.64,207.3,2015,March
2015-03,Jowar,Nasik,Sinner,14.64,10.72,16.18,5.9,2015,March
2015-03,Jowar,Solapur,Solapur,18.86,16.34,20.6,133.9,2015,March
2015-03,Jowar,Nandurbar,Taloda,19.48,16.25,20.74,166.7,2015,March
2015-03,Jowar,Akola,Telhara,12.94,12.53,13.4,87.5,2015,March
2015-03,Jowar,Osmanabad,Tuljapur,11.69,10.82,12.55,17.9,2015,March
2015-03,Jowar,Latur,Udgir,10.97,10.0,11.94,10.6,2015,March
2015-03,Jowar,Nagpur,Umared,14.83,14.17,15.5,0.9,2015,March
2015-03,Jowar,Osmanabad,Umarga,15.3,14.64,16.88,12.2,2015,March
2015-03,Jowar,Satara,Vaduj,22.75,21.75,23.75,480.0,2015,March
2015-03,Jowar,Amaravathi,Varud,15.3,15.3,15.3,92.3,2015,March
2015-03,Jowar,Amaravathi,Varud-Rajura Bazar,13.06,13.01,13.13,1.7,2015,March
2015-03,Jowar,Wasim,Washim,12.42,11.56,13.03,6.9,2015,March
2015-03,Jowar,Yewatmal,Yeotmal,15.4,15.3,15.5,1.6,2015,March
2015-03,Onion,Solapur,Akluj,13.13,9.19,16.06,76.8,2015,March
2015-03,Onion,Ahmadnagar,Akole,12.78,2.0,15.85,5169.3,2015,March
2015-03,Onion,Amaravathi,Amarawati,17.19,14.69,17.69,3.9,2015,March
2015-03,Onion,Aurangabad,Aurangabad,10.23,6.5,13.95,352.3,2015,March
2015-03,Onion,Solapur,Barshi,9.75,4.17,14.91,98.7,2015,March
2015-03,Onion,Thane,Bhivandi,16.2,14.98,17.42,13.9,2015,March
2015-03,Onion,Chandrapur,Chandrapur-Ganjwad,10.83,9.0,13.17,304.2,2015,March
2015-03,Onion,Nasik,Chandvad,10.84,2.2,13.59,12796.4,2015,March
2015-03,Onion,Nasik,Devala,11.05,5.65,13.05,8810.0,2015,March
2015-03,Onion,Dhule,Dhule,12.54,6.28,15.04,7430.7,2015,March
2015-03,Onion,Pune,Indapur,10.57,3.2,13.53,81.8,2015,March
2015-03,Onion,Jalgaon,Jalgaon,11.43,8.02,16.45,869.5,2015,March
2015-03,Onion,Ahmadnagar,Jamkhed,8.56,1.56,15.56,509.3,2015,March
2015-03,Onion,Pune,Junnar,10.0,7.43,13.0,1297.4,2015,March
2015-03,Onion,Pune,Junnar (Alephata),12.56,9.69,15.4,14832.0,2015,March
2015-03,Onion,Pune,Junnar-Otur,12.75,10.44,14.88,6592.2,2015,March
2015-03,Onion,Beed,Kada,14.5,5.0,21.0,60.8,2015,March
2015-03,Onion,Nasik,Kalvan,11.68,2.64,14.15,9690.0,2015,March
2015-03,Onion,Thane,Kalyan,14.33,13.17,15.5,1.8,2015,March
2015-03,Onion,Nagpur,Kamthi,18.0,6.09,29.91,10.4,2015,March
2015-03,Onion,Satara,Karad,14.15,9.8,18.5,123.6,2015,March
2015-03,Onion,Ahmadnagar,Kopargaon,11.38,3.38,14.38,3515.5,2015,March
2015-03,Onion,Satara,Koregaon,10.67,8.33,13.0,35.2,2015,March
2015-03,Onion,Solapur,Kurdwadi-Modnimb,8.63,4.09,14.53,324.6,2015,March
2015-03,Onion,Nasik,Lasalgaon,11.65,5.59,14.06,31567.0,2015,March
2015-03,Onion,Nasik,Lasalgaon-Niphad,10.63,5.32,13.33,9890.7,2015,March
2015-03,Onion,Aurangabad,Lasur Station,9.7,4.1,13.61,321.1,2015,March
2015-03,Onion,Satara,Lonand,11.56,6.44,13.86,4582.1,2015,March
2015-03,Onion,Nasik,Malegaon,10.77,5.29,12.7,7009.8,2015,March
2015-03,Onion,Nasik,Manmad,11.58,5.17,13.29,18991.0,2015,March
2015-03,Onion,Mumbai,Mumbai,14.2,12.73,15.68,24844.0,2015,March
2015-03,Onion,Nagpur,Nagpur,12.59,8.56,16.62,10794.9,2015,March
2015-03,Onion,Nasik,Nashik,13.0,5.25,15.5,326.1,2015,March
2015-03,Onion,Ahmadnagar,Newasa-Ghodegaon,11.0,2.73,13.91,11068.2,2015,March
2015-03,Onion,Thane,Palghar(Bevur),11.17,11.17,11.17,24.8,2015,March
2015-03,Onion,Solapur,Pandharpur,12.32,2.63,15.2,244.2,2015,March
2015-03,Onion,Ahmadnagar,Parner,10.07,5.0,15.15,11536.5,2015,March
2015-03,Onion,Ahmadnagar,Pathardi,8.25,1.5,13.25,84.0,2015,March
2015-03,Onion,Nasik,Pimpalgaon (B)-Saykheda,9.78,4.8,13.38,14410.7,2015,March
2015-03,Onion,Nasik,Pimpalgaon Basawant,10.87,5.15,14.44,35108.1,2015,March
2015-03,Onion,Pune,Pune,9.94,5.84,14.04,45085.7,2015,March
2015-03,Onion,Pune,Pune-Manjri,8.1,6.8,12.87,12.6,2015,March
2015-03,Onion,Pune,Pune-Pimpri,12.32,10.86,13.79,12.9,2015,March
2015-03,Onion,Ahmadnagar,Rahata,10.56,3.75,15.29,8943.9,2015,March
2015-03,Onion,Ahmadnagar,Rahuri,8.05,1.73,14.45,10082.0,2015,March
2015-03,Onion,Ahmadnagar,Rahuri-Vambori,9.88,3.25,15.0,1206.6,2015,March
2015-03,Onion,Nagpur,Ramtek,0.17,0.17,0.2,3.0,2015,March
2015-03,Onion,Ahmadnagar,Sangamner,10.07,4.28,15.88,26544.4,2015,March
2015-03,Onion,Nasik,Satana,10.2,8.05,14.05,2797.5,2015,March
2015-03,Onion,Satara,Satara,12.44,9.44,15.44,571.1,2015,March
2015-03,Onion,Dhule,Shirpur,12.3,4.31,14.77,119.4,2015,March
2015-03,Onion,Ahmadnagar,Shrirampur,10.96,2.62,14.46,5096.7,2015,March
2015-03,Onion,Nasik,Sinner,10.95,1.78,13.69,21844.5,2015,March
2015-03,Onion,Solapur,Solapur,9.64,2.26,16.47,33191.5,2015,March
2015-03,Onion,Aurangabad,Vaijapur,11.83,4.0,15.54,2047.3,2015,March
2015-03,Onion,Nasik,Yeola,11.95,4.04,13.7,29327.5,2015,March
2015-03,Rice,Gondiya,Aamgaon,14.19,14.19,14.59,529.4,2015,March
2015-03,Rice,Gadchiroli,Aheri,14.0897,14.0897,14.0897,520.5,2015,March
2015-03,Rice,Ahmadnagar,Akole,16.13,14.0,18.5,12.9,2015,March
2015-03,Rice,Raigad,Alibag,16.0,15.0,17.0,66.0,2015,March
2015-03,Rice,Gondiya,Arjuni Morgaon,15.39,15.12,15.67,266.7,2015,March
2015-03,Rice,Gadchiroli,Armori,15.24,14.98,15.43,389.6,2015,March
2015-03,Rice,Gadchiroli,Armori-Desaiganj,15.08,14.43,15.52,3989.7,2015,March
2015-03,Rice,Latur,Ausa,7.01,6.5,7.5,0.4,2015,March
2015-03,Rice,Solapur,Barshi,14.05,13.94,14.94,9.0,2015,March
2015-03,Rice,Thane,Bhivandi,15.7,14.5,17.3,36.0,2015,March
2015-03,Rice,Nagpur,Bhiwapur,18.25,18.0,18.5,86.0,2015,March
2015-03,Rice,Chandrapur,Brahmpuri,19.25,19.0,19.5,32.4,2015,March
2015-03,Rice,Gadchiroli,Chamorshi,18.38,17.9,18.8,148.5,2015,March
2015-03,Rice,Gadchiroli,Gadchiroli,15.97,15.59,16.12,292.5,2015,March
2015-03,Rice,Nasik,Ghoti,20.24,20.15,20.33,44.4,2015,March
2015-03,Rice,Gondiya,Gondiya,13.98,13.47,14.5,238.1,2015,March
2015-03,Rice,Pune,Indapur-Bhigwan,14.38,14.15,14.5,12.1,2015,March
2015-03,Rice,Thane,Kalyan,21.17,20.33,22.0,1.8,2015,March
2015-03,Rice,Raigad,Karjat (Raigad),23.0536,17.1346,31.1361,151.1,2015,March
2015-03,Rice,Nagpur,Mandhal,17.41,17.41,17.41,3.1,2015,March
2015-03,Rice,Raigad,Mangaon(Bhadav),26.6578,17.4417,34.2128,14.9,2015,March
2015-03,Rice,Chandrapur,Mul,17.36,16.62,18.09,2839.8,2015,March
2015-03,Rice,Mumbai,Mumbai,60.89,45.59,77.86,49357.5,2015,March
2015-03,Rice,Thane,Murbad,17.5,17.5,19.5,0.6,2015,March
2015-03,Rice,Raigad,Murud,16.0,15.0,17.0,57.0,2015,March
2015-03,Rice,Chandrapur,Nagbhid,17.59,16.19,19.0,1199.3,2015,March
2015-03,Rice,Nagpur,Nagpur,26.4033,24.9142,27.8926,620.5,2015,March
2015-03,Rice,Nandurbar,Nandurbar,60.0,60.0,60.0,0.8,2015,March
2015-03,Rice,Pune,Nira,26.75,19.0,34.5,25.2,2015,March
2015-03,Rice,Thane,Palghar(Bevur),27.42,22.57,32.47,410.4,2015,March
2015-03,Rice,Bhandara,Pavani,17.37,17.37,25.78,28.7,2015,March
2015-03,Rice,Raigad,Pen,20.4,19.075,26.75,2.4,2015,March
2015-03,Rice,Pune,Pune,50.91,45.23,56.62,2007.8,2015,March
2015-03,Rice,Raigad,Roha,13.6,13.2,14.0,275.1,2015,March
2015-03,Rice,Thane,Shahapur,15.63,14.75,16.12,5.1,2015,March
2015-03,Rice,Solapur,Solapur,36.74,21.42,56.14,1602.0,2015,March
2015-03,Rice,Gondiya,Tiroda,14.87,14.45,15.29,2344.3,2015,March
2015-03,Rice,Osmanabad,Tuljapur,10.0,10.0,10.0,0.2,2015,March
2015-03,Rice,Bhandara,Tumsar,17.7237,17.2068,18.2412,4378.6,2015,March
2015-03,Rice,Nagpur,Umared,27.7,20.0,35.4,323.0,2015,March
2015-03,Rice,Wasim,Washim,14.5,14.0,15.0,0.7,2015,March
2015-03,Soybean,Yewatmal,Aarni,31.5,30.0,33.0,253.5,2015,March
2015-03,Soybean,Amaravathi,Achalpur,31.18,30.05,32.3,110.0,2015,March
2015-03,Soybean,Hingoli,Akhadabalapur,32.22,31.44,33.0,68.5,2015,March
2015-03,Soybean,Akola,Akola,31.53,30.44,32.61,1191.7,2015,March
2015-03,Soybean,Ahmadnagar,Akole,29.75,28.25,31.25,40.6,2015,March
2015-03,Soybean,Amaravathi,Amarawati,32.0,26.5,32.57,0.6,2015,March
2015-03,Soybean,Beed,Ambejogai,32.52,31.05,33.48,795.9,2015,March
2015-03,Soybean,Amaravathi,Anajngaon Surji,30.76,29.6,31.87,348.0,2015,March
2015-03,Soybean,Wardha,Arvi,30.23,27.28,32.64,179.5,2015,March
2015-03,Soybean,Latur,Ausa,32.46,31.76,32.66,684.8,2015,March
2015-03,Soybean,Yewatmal,Babhulgaon,30.8,28.63,33.05,140.0,2015,March
2015-03,Soybean,Akola,Balapur,31.38,30.88,32.0,41.6,2015,March
2015-03,Soybean,Hingoli,Basmat,32.33,31.67,33.07,8.2,2015,March
2015-03,Soybean,Beed,Beed,32.04,32.04,32.04,14.7,2015,March
2015-03,Soybean,Nagpur,Bhiwapur,32.11,31.67,32.55,48.0,2015,March
2015-03,Soybean,Nanded,Bhokar,32.22,31.88,32.55,39.8,2015,March
2015-03,Soybean,Jalna,Bhokardan,31.26,31.0,31.53,36.7,2015,March
2015-03,Soybean,Jalna,Bhokardan-Pimpalgaon Renu,30.7,30.5,30.88,32.6,2015,March
2015-03,Soybean,Buldhana,Buldhana,30.88,30.25,31.73,110.0,2015,March
2015-03,Soybean,Jalgaon,Chalisgaon,30.0,30.0,31.65,2.2,2015,March
2015-03,Soybean,Chandrapur,Chandrapur,31.3,29.88,32.96,50.4,2015,March
2015-03,Soybean,Amaravathi,Chandur Bajar,31.08,27.71,32.72,327.5,2015,March
2015-03,Soybean,Amaravathi,Chandur Rly.,31.63,30.69,32.56,181.1,2015,March
2015-03,Soybean,Buldhana,Chikhali,31.0,29.7,32.25,147.5,2015,March
2015-03,Soybean,Jalgaon,Chopda,32.52,32.4,32.52,3.9,2015,March
2015-03,Soybean,Amaravathi,Dhamangaon-Rly,31.47,30.38,32.57,770.0,2015,March
2015-03,Soybean,Dhule,Dhule,31.08,29.78,31.11,8.1,2015,March
2015-03,Soybean,Yewatmal,Digras,26.2,26.2,28.94,58.0,2015,March
2015-03,Soybean,Beed,Gevrai,31.01,30.04,31.71,2.6,2015,March
2015-03,Soybean,Jalna,Ghansawangi,32.0,31.0,33.0,32.7,2015,March
2015-03,Soybean,Yewatmal,Ghatanji,31.58,31.0,32.08,27.1,2015,March
2015-03,Soybean,Chandrapur,Gondpimpri,29.45,28.7,30.1,281.0,2015,March
2015-03,Soybean,Wardha,Hinganghat,30.77,28.0,33.54,4738.5,2015,March
2015-03,Soybean,Hingoli,Hingoli,32.11,31.29,32.95,474.2,2015,March
2015-03,Soybean,Pune,Indapur-Bhigwan,30.0,30.0,30.0,0.1,2015,March
2015-03,Soybean,Jalna,Jafrabad,31.43,30.29,32.32,68.3,2015,March
2015-03,Soybean,Buldhana,Jalgaon Jamod,31.0,30.0,32.0,1.6,2015,March
2015-03,Soybean,Buldhana,Jalgaon Jamod-Aasalgaon,31.0,30.0,32.0,164.7,2015,March
2015-03,Soybean,Jalna,Jalna,32.43,30.35,32.66,524.5,2015,March
2015-03,Soybean,Ahmadnagar,Jamkhed,31.25,30.0,32.5,6.8,2015,March
2015-03,Soybean,Hingoli,Jawala-Bajar,32.25,32.0,32.5,8.7,2015,March
2015-03,Soybean,Parbhani,Jintur,31.97,31.25,32.28,140.9,2015,March
2015-03,Soybean,Parbhani,Jintur-Bori,30.97,30.12,31.29,21.6,2015,March
2015-03,Soybean,Beed,Kada,32.0,31.5,32.0,0.4,2015,March
2015-03,Soybean,Osmanabad,Kalamb (Os),32.51,31.28,32.72,287.2,2015,March
2015-03,Soybean,Hingoli,Kalamnuri,30.0,30.0,30.0,288.8,2015,March
2015-03,Soybean,Nagpur,Kalmeshwar,30.83,29.92,31.59,55.0,2015,March
2015-03,Soybean,Nasik,Kalvan,33.0,32.5,33.45,20.5,2015,March
2015-03,Soybean,Wasim,Karanja,31.56,29.9,32.64,2379.5,2015,March
2015-03,Soybean,Nagpur,Katol,31.5,29.23,32.75,1239.9,2015,March
2015-03,Soybean,Buldhana,Khamgaon,30.76,29.37,32.16,3930.4,2015,March
2015-03,Soybean,Beed,Kille Dharur,31.78,28.57,31.97,82.8,2015,March
2015-03,Soybean,Nanded,Kinwat,30.25,29.5,31.0,19.0,2015,March
2015-03,Soybean,Ahmadnagar,Kopargaon,31.6,28.2,31.94,63.1,2015,March
2015-03,Soybean,Nasik,Lasalgaon,32.81,20.0,33.05,37.6,2015,March
2015-03,Soybean,Aurangabad,Lasur Station,31.85,31.34,31.99,8.7,2015,March
2015-03,Soybean,Latur,Latur,32.91,31.4,33.57,3351.7,2015,March
2015-03,Soybean,Buldhana,Lonar,32.23,31.5,32.97,1338.0,2015,March
2015-03,Soybean,Beed,Majalgaon,31.34,29.09,32.2,86.8,2015,March
2015-03,Soybean,Nasik,Malegaon,31.81,31.66,32.06,1.3,2015,March
2015-03,Soybean,Buldhana,Malkapur,31.45,28.4,32.04,144.3,2015,March
2015-03,Soybean,Nagpur,Mandhal,30.29,28.75,31.8,29.4,2015,March
2015-03,Soybean,Wasim,Mangrulpeer,31.87,28.24,32.73,1095.6,2015,March
2015-03,Soybean,Wasim,Manora,31.56,30.5,34.14,414.6,2015,March
2015-03,Soybean,Buldhana,Mehkar,31.59,30.72,32.49,585.5,2015,March
2015-03,Soybean,Amaravathi,Morshi,31.62,31.11,32.11,107.3,2015,March
2015-03,Soybean,Akola,Murtizapur,31.14,30.15,32.43,745.0,2015,March
2015-03,Soybean,Osmanabad,Murum,31.82,31.82,31.82,3.0,2015,March
2015-03,Soybean,Nagpur,Nagpur,30.66,28.42,32.9,162.4,2015,March
2015-03,Soybean,Nanded,Nanded,32.07,32.07,32.07,164.4,2015,March
2015-03,Soybean,Amaravathi,Nandgaon Khandeshwar,31.5,30.5,32.5,104.4,2015,March
2015-03,Soybean,Buldhana,Nandura,31.32,28.91,32.67,304.3,2015,March
2015-03,Soybean,Nandurbar,Nandurbar,30.92,30.52,31.13,26.6,2015,March
2015-03,Soybean,Yewatmal,Ner Parasopant,31.22,30.19,32.28,306.0,2015,March
2015-03,Soybean,Parbhani,Parbhani,31.74,31.33,31.96,107.1,2015,March
2015-03,Soybean,Beed,Parli-Vaijnath,32.67,30.87,32.8,685.5,2015,March
2015-03,Soybean,Jalna,Partur,31.47,31.07,31.96,10.6,2015,March
2015-03,Soybean,Parbhani,Pathari,8.92,8.92,31.68,14.6,2015,March
2015-03,Soybean,Akola,Patur,30.62,29.93,32.39,38.2,2015,March
2015-03,Soybean,Wardha,Pulgaon,30.87,30.09,31.35,89.7,2015,March
2015-03,Soybean,Parbhani,Purna,31.93,31.18,32.09,26.0,2015,March
2015-03,Soybean,Ahmadnagar,Rahata,31.24,31.17,31.39,23.5,2015,March
2015-03,Soybean,Ahmadnagar,Rahuri-Vambori,31.66,31.38,32.03,32.5,2015,March
2015-03,Soybean,Chandrapur,Rajura,31.34,29.71,32.24,340.7,2015,March
2015-03,Soybean,Nagpur,Ramtek,29.37,29.2,29.54,1.7,2015,March
2015-03,Soybean,Wasim,Risod,31.31,29.66,32.99,2101.0,2015,March
2015-03,Soybean,Parbhani,Sailu,32.29,31.9,32.33,44.7,2015,March
2015-03,Soybean,Wardha,Samudrapur,30.83,29.33,32.34,31.7,2015,March
2015-03,Soybean,Sangli,Sangali,32.63,31.0,34.25,27.2,2015,March
2015-03,Soybean,Ahmadnagar,Sangamner,35.0,35.0,35.0,1.0,2015,March
2015-03,Soybean,Buldhana,Sangrampur,29.73,26.82,32.23,5.9,2015,March
2015-03,Soybean,Nagpur,Savner,30.08,29.42,30.73,32.4,2015,March
2015-03,Soybean,Buldhana,Shegaon,30.98,29.34,32.37,222.6,2015,March
2015-03,Soybean,Dhule,Shirpur,30.78,30.23,30.86,2.8,2015,March
2015-03,Soybean,Pune,Shirur,34.0,34.0,34.0,0.9,2015,March
2015-03,Soybean,Ahmadnagar,Shrirampur,31.2,30.87,31.52,12.4,2015,March
2015-03,Soybean,Wardha,Sindi,30.97,29.09,32.31,63.3,2015,March
2015-03,Soybean,Nasik,Sinner,32.28,28.86,32.67,32.4,2015,March
2015-03,Soybean,Sangli,Tasgaon,33.5,33.0,34.0,2.0,2015,March
2015-03,Soybean,Akola,Telhara,30.91,30.34,31.54,172.5,2015,March
2015-03,Soybean,Osmanabad,Tuljapur,35.45,35.28,35.62,3.8,2015,March
2015-03,Soybean,Latur,Udgir,32.43,32.21,32.66,134.7,2015,March
2015-03,Soybean,Nagpur,Umared,30.92,29.0,33.08,484.6,2015,March
2015-03,Soybean,Osmanabad,Umarga,32.33,31.26,32.52,27.8,2015,March
2015-03,Soybean,Yewatmal,Umarkhed,31.07,29.29,32.0,190.0,2015,March
2015-03,Soybean,Yewatmal,Umarkhed-Danki,31.3,29.2,32.0,140.0,2015,March
2015-03,Soybean,Chandrapur,Varora,30.25,28.5,32.06,527.0,2015,March
2015-03,Soybean,Amaravathi,Varud-Rajura Bazar,31.61,29.06,32.29,2.8,2015,March
2015-03,Soybean,Wasim,Washim,31.81,31.14,32.79,3510.5,2015,March
2015-03,Soybean,Yewatmal,Yeotmal,31.67,30.18,33.11,1125.5,2015,March
2015-03,Soybean,Yewatmal,Zarijamini,28.43,28.25,28.5,0.6,2015,March
2015-04,Bajra,Ahmadnagar,Ahmednagar,14.63,14.06,15.38,7.9,2015,April
2015-04,Bajra,Akola,Akola,13.5,13.5,13.5,0.9,2015,April
2015-04,Bajra,Ahmadnagar,Akole,15.25,13.57,18.0,5.2,2015,April
2015-04,Bajra,Amaravathi,Amarawati,19.09,17.88,20.63,4.8,2015,April
2015-04,Bajra,Pune,Baramati,15.2,14.5,17.26,22.6,2015,April
2015-04,Bajra,Solapur,Barshi,12.5,12.5,12.5,0.9,2015,April
2015-04,Bajra,Beed,Beed,14.54,13.02,15.88,85.2,2015,April
2015-04,Bajra,Jalgaon,Bhusaval,12.0,11.5,12.5,6.1,2015,April
2015-04,Bajra,Jalgaon,Chopda,12.12,10.91,12.44,364.3,2015,April
2015-04,Bajra,Nasik,Devala,13.05,12.53,13.9,34.4,2015,April
2015-04,Bajra,Dhule,Dhule,12.29,10.73,13.41,804.9,2015,April
2015-04,Bajra,Dhule,Dondaicha,11.86,10.01,12.33,120.3,2015,April
2015-04,Bajra,Pune,Dound,14.69,13.72,15.87,15.2,2015,April
2015-04,Bajra,Solapur,Dudhani,11.58,11.37,11.79,9.9,2015,April
2015-04,Bajra,Aurangabad,Gangapur,12.79,11.79,13.98,32.4,2015,April
2015-04,Bajra,Beed,Gevrai,12.84,12.3,13.48,122.1,2015,April
2015-04,Bajra,Pune,Indapur,16.51,14.0,17.11,1.3,2015,April
2015-04,Bajra,Pune,Indapur-Bhigwan,15.91,13.01,18.75,4.6,2015,April
2015-04,Bajra,Jalgaon,Jalgaon,13.46,13.14,13.57,67.9,2015,April
2015-04,Bajra,Jalna,Jalna,13.01,10.87,14.49,272.1,2015,April
2015-04,Bajra,Ahmadnagar,Jamkhed,13.75,13.04,14.46,16.4,2015,April
2015-04,Bajra,Beed,Kada,12.61,11.61,14.0,33.9,2015,April
2015-04,Bajra,Beed,Kada (Ashti),12.5,10.0,13.15,0.8,2015,April
2015-04,Bajra,Osmanabad,Kalamb (Os),14.92,13.72,15.27,3.7,2015,April
2015-04,Bajra,Nasik,Kalvan,12.59,11.56,13.65,46.0,2015,April
2015-04,Bajra,Aurangabad,Kannad,13.42,12.04,14.12,35.7,2015,April
2015-04,Bajra,Beed,Kej,14.93,14.13,16.34,4.4,2015,April
2015-04,Bajra,Beed,Kille Dharur,18.55,14.1,22.48,14.3,2015,April
2015-04,Bajra,Ahmadnagar,Kopargaon,14.01,11.64,14.69,35.4,2015,April
2015-04,Bajra,Nasik,Lasalgaon,14.38,12.86,15.56,83.7,2015,April
2015-04,Bajra,Nasik,Lasalgaon-Vinchur,14.17,13.59,14.76,24.8,2015,April
2015-04,Bajra,Aurangabad,Lasur Station,12.92,11.53,14.17,112.3,2015,April
2015-04,Bajra,Latur,Latur,14.03,12.98,14.91,68.8,2015,April
2015-04,Bajra,Satara,Lonand,15.4,12.6,17.25,5.6,2015,April
2015-04,Bajra,Beed,Majalgaon,13.09,10.58,15.07,57.6,2015,April
2015-04,Bajra,Nasik,Malegaon,13.02,12.51,14.4,183.0,2015,April
2015-04,Bajra,Buldhana,Malkapur,11.58,11.58,11.62,2.6,2015,April
2015-04,Bajra,Solapur,Mangalwedha,13.89,13.77,14.0,8.4,2015,April
2015-04,Bajra,Nasik,Manmad,14.03,12.22,14.65,19.7,2015,April
2015-04,Bajra,Buldhana,Nandura,11.06,9.9,11.51,5.4,2015,April
2015-04,Bajra,Nandurbar,Nandurbar,11.68,10.34,13.08,221.7,2015,April
2015-04,Bajra,Ahmadnagar,Newasa,12.86,12.82,12.93,3.2,2015,April
2015-04,Bajra,Pune,Nira,17.13,14.75,19.5,80.8,2015,April
2015-04,Bajra,Aurangabad,Paithan,6.51,6.51,6.53,380.1,2015,April
2015-04,Bajra,Beed,Parli-Vaijnath,14.0,14.0,14.0,0.7,2015,April
2015-04,Bajra,Ahmadnagar,Pathardi,13.17,12.59,14.43,37.1,2015,April
2015-04,Bajra,Parbhani,Pathari,13.52,13.0,14.11,0.5,2015,April
2015-04,Bajra,Satara,Phaltan,14.25,12.5,18.25,30.9,2015,April
2015-04,Bajra,Pune,Pune,19.44,18.19,20.69,14.6,2015,April
2015-04,Bajra,Ahmadnagar,Rahata,12.23,11.68,12.68,20.3,2015,April
2015-04,Bajra,Ahmadnagar,Rahuri,13.8,13.8,13.8,4.2,2015,April
2015-04,Bajra,Ahmadnagar,Rahuri-Vambori,14.22,13.73,14.74,8.7,2015,April
2015-04,Bajra,Jalgaon,Raver,17.26,17.26,17.26,1.4,2015,April
2015-04,Bajra,Dhule,Sakri,12.51,12.51,12.51,0.1,2015,April
2015-04,Bajra,Sangli,Sangali,15.43,13.03,17.82,188.7,2015,April
2015-04,Bajra,Ahmadnagar,Sangamner,15.4,13.59,16.29,88.3,2015,April
2015-04,Bajra,Nandurbar,Shahada,12.68,12.38,12.69,14.1,2015,April
2015-04,Bajra,Buldhana,Shegaon,19.0,19.0,19.0,0.1,2015,April
2015-04,Bajra,Ahmadnagar,Shevgaon,12.67,12.19,13.25,21.6,2015,April
2015-04,Bajra,Ahmadnagar,Shevgaon-Bodhegaon,11.56,10.87,12.25,88.7,2015,April
2015-04,Bajra,Dhule,Shirpur,11.7,10.25,12.15,475.6,2015,April
2015-04,Bajra,Pune,Shirur,13.61,13.44,13.61,2.9,2015,April
2015-04,Bajra,Ahmadnagar,Shrirampur,13.26,12.12,14.29,27.0,2015,April
2015-04,Bajra,Nasik,Sinner,12.18,10.29,14.0,84.1,2015,April
2015-04,Bajra,Nandurbar,Taloda,12.24,11.94,12.49,67.8,2015,April
2015-04,Bajra,Osmanabad,Umarga,11.3,11.3,11.3,0.2,2015,April
2015-04,Bajra,Nasik,Yeola,13.18,12.73,14.75,31.5,2015,April
2015-04,Cotton,Akola,Akot,42.1,39.44,44.41,635.0,2015,April
2015-04,Cotton,Wardha,Arvi,42.8,40.0,45.38,4642.4,2015,April
2015-04,Cotton,Nagpur,Bhiwapur,40.32,38.75,42.01,68.0,2015,April
2015-04,Cotton,Nanded,Bhokar,40.38,39.12,43.75,2321.7,2015,April
2015-04,Cotton,Chandrapur,Chimur,40.0,40.0,42.0,1.5,2015,April
2015-04,Cotton,Buldhana,Deulgaon Raja,43.2,41.5,45.82,200.0,2015,April
2015-04,Cotton,Amaravathi,Dhamangaon-Rly,43.0,42.0,44.0,30.0,2015,April
2015-04,Cotton,Beed,Gevrai,37.13,36.0,37.92,2246.2,2015,April
2015-04,Cotton,Jalna,Ghansawangi,40.5,39.0,42.0,20.4,2015,April
2015-04,Cotton,Hingoli,Hingoli,42.93,41.5,44.36,17.0,2015,April
2015-04,Cotton,Jalgaon,Jamner,38.0,37.5,38.5,23.3,2015,April
2015-04,Cotton,Jalgaon,Jamner-Neri,38.0,37.5,38.5,11.3,2015,April
2015-04,Cotton,Parbhani,Jintur,39.37,38.64,41.93,1198.8,2015,April
2015-04,Cotton,Hingoli,Kalamnuri,43.0,43.0,43.0,36.2,2015,April
2015-04,Cotton,Nagpur,Kalmeshwar,42.67,37.92,43.46,4140.0,2015,April
2015-04,Cotton,Nagpur,Katol,41.98,40.19,43.45,591.1,2015,April
2015-04,Cotton,Beed,Kille Dharur,40.76,40.17,41.38,45.2,2015,April
2015-04,Cotton,Nanded,Kinwat,35.95,35.02,36.88,49.2,2015,April
2015-04,Cotton,Beed,Majalgaon,41.17,38.5,42.0,84.6,2015,April
2015-04,Cotton,Nagpur,Narkhed,37.72,37.72,41.59,499.5,2015,April
2015-04,Cotton,Yewatmal,Pandharkawada,39.31,37.63,40.28,167.0,2015,April
2015-04,Cotton,Ahmadnagar,Pathardi,38.07,37.6,38.6,47.0,2015,April
2015-04,Cotton,Wardha,Pulgaon,43.31,39.72,45.4,1002.8,2015,April
2015-04,Cotton,Chandrapur,Rajura,38.96,36.32,42.66,1254.6,2015,April
2015-04,Cotton,Wardha,Samudrapur,40.42,39.02,41.82,56.8,2015,April
2015-04,Cotton,Nagpur,Savner,40.5,40.0,41.0,25.0,2015,April
2015-04,Cotton,Wardha,Sindi (Selu),39.55,36.5,44.38,983.9,2015,April
2015-04,Cotton,Aurangabad,Soygaon,40.33,39.33,40.83,15.4,2015,April
2015-04,Cotton,Nandurbar,Taloda,38.85,38.25,39.4,135.4,2015,April
2015-04,Cotton,Akola,Telhara,40.0,40.0,40.0,45.0,2015,April
2015-04,Cotton,Nagpur,Umared,42.88,41.29,44.47,212.9,2015,April
2015-04,Cotton,Chandrapur,Varora,41.68,39.61,43.76,537.0,2015,April
2015-04,Cotton,Amaravathi,Varud,42.62,41.84,43.39,300.4,2015,April
2015-04,Cotton,Yewatmal,Yeotmal,40.63,38.85,41.73,897.0,2015,April
2015-04,Jowar,Yewatmal,Aarni,10.06,8.63,11.5,301.7,2015,April
2015-04,Jowar,Gadchiroli,Aheri,11.16,10.71,11.59,56.4,2015,April
2015-04,Jowar,Ahmadnagar,Ahmednagar,19.0,16.0,22.0,382.5,2015,April
2015-04,Jowar,Hingoli,Akhadabalapur,14.1,13.4,14.8,20.9,2015,April
2015-04,Jowar,Nandurbar,Akkalkuwa,15.0,12.0,17.5,10.0,2015,April
2015-04,Jowar,Solapur,Akluj,16.22,16.22,16.22,5.5,2015,April
2015-04,Jowar,Akola,Akola,14.09,11.64,15.3,61.2,2015,April
2015-04,Jowar,Akola,Akot,12.37,11.84,12.9,37.5,2015,April
2015-04,Jowar,Amaravathi,Amarawati,16.16,15.22,18.47,4.8,2015,April
2015-04,Jowar,Beed,Ambejogai,21.99,20.54,23.1,21.5,2015,April
2015-04,Jowar,Amaravathi,Anajngaon Surji,13.8,12.6,15.3,24.9,2015,April
2015-04,Jowar,Latur,Ausa,16.68,15.19,18.1,151.4,2015,April
2015-04,Jowar,Akola,Balapur,15.0,13.2,16.25,15.1,2015,April
2015-04,Jowar,Pune,Baramati,17.6,15.01,21.5,75.7,2015,April
2015-04,Jowar,Solapur,Barshi,20.52,13.91,25.05,1480.2,2015,April
2015-04,Jowar,Solapur,Barshi-Vairag,19.74,13.34,23.75,646.7,2015,April
2015-04,Jowar,Beed,Beed,19.41,16.1,22.26,668.0,2015,April
2015-04,Jowar,Nanded,Bhokar,13.68,12.4,14.75,37.6,2015,April
2015-04,Jowar,Jalna,Bhokardan,11.0,10.89,11.25,27.8,2015,April
2015-04,Jowar,Jalna,Bhokardan-Pimpalgaon Renu,11.03,10.83,11.33,5.3,2015,April
2015-04,Jowar,Jalgaon,Bhusaval,11.55,10.98,11.95,18.9,2015,April
2015-04,Jowar,Buldhana,Buldhana,14.17,11.85,17.17,5.5,2015,April
2015-04,Jowar,Amaravathi,Chandur Bajar,13.88,12.0,15.5,12.7,2015,April
2015-04,Jowar,Buldhana,Chikhali,12.86,12.0,13.72,5.7,2015,April
2015-04,Jowar,Jalgaon,Chopda,13.41,12.13,15.32,530.8,2015,April
2015-04,Jowar,Nasik,Devala,24.99,21.54,24.99,0.4,2015,April
2015-04,Jowar,Dhule,Dhule,14.6,13.18,15.34,613.6,2015,April
2015-04,Jowar,Yewatmal,Digras,3.56,3.56,15.34,53.9,2015,April
2015-04,Jowar,Dhule,Dondaicha,14.85,12.64,16.83,240.0,2015,April
2015-04,Jowar,Pune,Dound,18.79,16.05,22.25,436.6,2015,April
2015-04,Jowar,Solapur,Dudhani,18.71,13.26,21.82,227.9,2015,April
2015-04,Jowar,Aurangabad,Gangapur,15.42,13.39,17.83,99.8,2015,April
2015-04,Jowar,Beed,Gevrai,15.65,14.4,17.56,370.0,2015,April
2015-04,Jowar,Hingoli,Hingoli,14.69,12.44,16.95,47.3,2015,April
2015-04,Jowar,Pune,Indapur,20.53,15.58,25.53,356.9,2015,April
2015-04,Jowar,Pune,Indapur-Bhigwan,17.5,15.25,26.26,161.8,2015,April
2015-04,Jowar,Jalna,Jafrabad,10.33,9.33,11.0,10.5,2015,April
2015-04,Jowar,Jalgaon,Jalgaon,12.42,12.12,12.63,460.9,2015,April
2015-04,Jowar,Buldhana,Jalgaon Jamod,12.0,11.5,12.5,0.5,2015,April
2015-04,Jowar,Buldhana,Jalgaon Jamod-Aasalgaon,11.75,11.13,12.38,22.2,2015,April
2015-04,Jowar,Jalna,Jalna,17.78,11.27,25.29,2773.8,2015,April
2015-04,Jowar,Ahmadnagar,Jamkhed,23.0,18.0,28.0,2089.0,2015,April
2015-04,Jowar,Parbhani,Jintur,14.73,11.1,17.57,240.2,2015,April
2015-04,Jowar,Parbhani,Jintur-Bori,12.61,12.11,13.32,11.8,2015,April
2015-04,Jowar,Beed,Kada,16.81,14.49,21.98,626.9,2015,April
2015-04,Jowar,Beed,Kada (Ashti),20.0,15.65,25.5,41.4,2015,April
2015-04,Jowar,Osmanabad,Kalamb (Os),19.18,16.09,21.31,380.4,2015,April
2015-04,Jowar,Aurangabad,Kannad,15.49,14.22,16.23,5.1,2015,April
2015-04,Jowar,Wasim,Karanja,15.39,15.33,15.51,20.5,2015,April
2015-04,Jowar,Solapur,Karmala,23.0,15.5,32.11,95.0,2015,April
2015-04,Jowar,Nagpur,Katol,11.95,11.91,12.1,7.7,2015,April
2015-04,Jowar,Beed,Kej,20.2,17.99,21.62,46.2,2015,April
2015-04,Jowar,Beed,Kille Dharur,23.82,19.36,24.63,39.1,2015,April
2015-04,Jowar,Ahmadnagar,Kopargaon,13.24,10.7,14.21,67.2,2015,April
2015-04,Jowar,Satara,Koregaon,18.44,16.5,20.38,4.9,2015,April
2015-04,Jowar,Solapur,Kurdwadi,15.89,11.12,20.86,104.6,2015,April
2015-04,Jowar,Solapur,Kurdwadi-Modnimb,14.43,10.25,21.72,181.9,2015,April
2015-04,Jowar,Nasik,Lasalgaon,15.71,14.96,17.11,18.8,2015,April
2015-04,Jowar,Nasik,Lasalgaon-Vinchur,15.46,14.85,16.31,3.4,2015,April
2015-04,Jowar,Aurangabad,Lasur Station,17.08,11.68,21.98,689.5,2015,April
2015-04,Jowar,Latur,Latur,22.95,21.02,24.83,176.7,2015,April
2015-04,Jowar,Nanded,Loha,12.51,11.0,13.21,2.5,2015,April
2015-04,Jowar,Satara,Lonand,19.2,15.55,24.21,44.1,2015,April
2015-04,Jowar,Buldhana,Lonar,12.7,11.84,13.6,94.5,2015,April
2015-04,Jowar,Beed,Majalgaon,19.05,10.55,25.76,149.5,2015,April
2015-04,Jowar,Nasik,Malegaon,22.34,19.3,24.88,7.8,2015,April
2015-04,Jowar,Buldhana,Malkapur,11.96,11.04,12.7,165.0,2015,April
2015-04,Jowar,Solapur,Mangalwedha,17.14,12.76,20.76,133.5,2015,April
2015-04,Jowar,Wasim,Mangrulpeer,14.55,13.37,14.7,12.7,2015,April
2015-04,Jowar,Jalna,Mantha,15.95,11.65,17.28,35.8,2015,April
2015-04,Jowar,Solapur,Mohol,19.11,15.68,21.09,29.5,2015,April
2015-04,Jowar,Amaravathi,Morshi,14.08,13.5,14.63,107.3,2015,April
2015-04,Jowar,Osmanabad,Murum,19.01,18.32,19.7,29.0,2015,April
2015-04,Jowar,Nagpur,Nagpur,17.5,15.0,20.0,5.1,2015,April
2015-04,Jowar,Nanded,Nanded,12.01,11.47,12.32,25.4,2015,April
2015-04,Jowar,Buldhana,Nandura,12.21,10.97,12.93,282.2,2015,April
2015-04,Jowar,Nandurbar,Nandurbar,16.53,14.05,19.1,512.9,2015,April
2015-04,Jowar,Ahmadnagar,Newasa,15.5,15.5,15.5,2.5,2015,April
2015-04,Jowar,Pune,Nira,20.98,16.38,25.59,259.3,2015,April
2015-04,Jowar,Osmanabad,Osmanabad,17.02,15.46,18.76,157.0,2015,April
2015-04,Jowar,Aurangabad,Paithan,8.0,7.9,8.36,460.6,2015,April
2015-04,Jowar,Parbhani,Palam,16.0,16.0,17.26,2.5,2015,April
2015-04,Jowar,Solapur,Pandharpur,18.0,17.48,18.82,22.1,2015,April
2015-04,Jowar,Parbhani,Parbhani,16.21,15.6,17.0,16.5,2015,April
2015-04,Jowar,Beed,Parli-Vaijnath,15.03,14.42,15.82,45.0,2015,April
2015-04,Jowar,Jalna,Partur,16.01,14.92,17.72,89.7,2015,April
2015-04,Jowar,Ahmadnagar,Pathardi,16.48,15.28,17.83,73.4,2015,April
2015-04,Jowar,Parbhani,Pathari,14.85,14.85,19.76,12.2,2015,April
2015-04,Jowar,Akola,Patur,12.88,12.0,15.0,19.9,2015,April
2015-04,Jowar,Satara,Phaltan,19.0,15.5,26.01,355.4,2015,April
2015-04,Jowar,Pune,Pune,26.36,23.95,28.77,751.7,2015,April
2015-04,Jowar,Yewatmal,Pusad,13.0,10.5,14.09,20.4,2015,April
2015-04,Jowar,Ahmadnagar,Rahata,12.17,11.23,13.15,58.9,2015,April
2015-04,Jowar,Ahmadnagar,Rahuri,15.83,15.83,15.83,1.8,2015,April
2015-04,Jowar,Ahmadnagar,Rahuri-Vambori,13.77,12.55,15.0,83.0,2015,April
2015-04,Jowar,Jalgaon,Raver,13.53,12.17,14.23,17.8,2015,April
2015-04,Jowar,Parbhani,Sailu,15.9,13.21,19.27,92.9,2015,April
2015-04,Jowar,Sangli,Sangali,21.74,16.53,27.14,1009.3,2015,April
2015-04,Jowar,Ahmadnagar,Sangamner,20.54,19.5,21.21,26.8,2015,April
2015-04,Jowar,Buldhana,Sangrampur,10.88,9.69,11.94,45.4,2015,April
2015-04,Jowar,Nagpur,Savner,11.0,11.0,11.0,0.4,2015,April
2015-04,Jowar,Nandurbar,Shahada,18.8,17.03,20.61,17.7,2015,April
2015-04,Jowar,Buldhana,Shegaon,12.12,10.96,13.24,189.7,2015,April
2015-04,Jowar,Ahmadnagar,Shevgaon,14.39,12.62,15.18,192.8,2015,April
2015-04,Jowar,Ahmadnagar,Shevgaon-Bodhegaon,14.39,13.82,15.01,350.3,2015,April
2015-04,Jowar,Dhule,Shirpur,14.66,11.84,18.75,892.7,2015,April
2015-04,Jowar,Pune,Shirur,15.26,14.43,15.68,44.4,2015,April
2015-04,Jowar,Ahmadnagar,Shrirampur,16.67,13.9,18.4,122.1,2015,April
2015-04,Jowar,Nasik,Sinner,12.93,9.77,15.7,24.1,2015,April
2015-04,Jowar,Solapur,Solapur,18.45,16.36,20.41,94.7,2015,April
2015-04,Jowar,Nandurbar,Taloda,18.16,15.07,20.75,67.4,2015,April
2015-04,Jowar,Akola,Telhara,12.02,11.56,12.35,77.0,2015,April
2015-04,Jowar,Osmanabad,Tuljapur,11.12,10.68,11.56,21.7,2015,April
2015-04,Jowar,Latur,Udgir,11.15,10.0,12.35,10.4,2015,April
2015-04,Jowar,Nagpur,Umared,18.0,15.71,20.29,4.2,2015,April
2015-04,Jowar,Osmanabad,Umarga,16.88,13.94,18.12,34.7,2015,April
2015-04,Jowar,Yewatmal,Umarkhed,15.0,14.0,16.0,20.0,2015,April
2015-04,Jowar,Satara,Vaduj,22.0,21.0,23.0,279.0,2015,April
2015-04,Jowar,Amaravathi,Varud-Rajura Bazar,13.3,11.93,13.63,2.3,2015,April
2015-04,Jowar,Wasim,Washim,13.49,12.27,14.66,14.2,2015,April
2015-04,Jowar,Yewatmal,Yeotmal,15.3,15.3,15.3,30.0,2015,April
2015-04,Onion,Ahmadnagar,Ahmednagar,7.97,1.14,14.59,18670.0,2015,April
2015-04,Onion,Solapur,Akluj,10.55,7.89,13.21,72.0,2015,April
2015-04,Onion,Ahmadnagar,Akole,8.49,1.06,13.89,10564.5,2015,April
2015-04,Onion,Aurangabad,Aurangabad,9.7,6.18,13.23,393.8,2015,April
2015-04,Onion,Pune,Baramati,11.5,4.0,14.0,35.0,2015,April
2015-04,Onion,Solapur,Barshi,7.8,2.89,12.45,167.5,2015,April
2015-04,Onion,Thane,Bhivandi,16.72,15.17,18.94,14.7,2015,April
2015-04,Onion,Chandrapur,Chandrapur-Ganjwad,14.0,12.0,16.0,38.5,2015,April
2015-04,Onion,Nasik,Chandvad,9.99,2.9,12.98,10383.1,2015,April
2015-04,Onion,Nasik,Devala,9.17,4.93,11.24,11762.8,2015,April
2015-04,Onion,Dhule,Dhule,9.0,3.06,11.81,13554.2,2015,April
2015-04,Onion,Nasik,Dindori,8.94,6.55,12.75,4312.9,2015,April
2015-04,Onion,Nasik,Dindori-Vani,9.36,5.69,13.87,13912.1,2015,April
2015-04,Onion,Aurangabad,Gangapur,9.5,4.0,12.69,542.6,2015,April
2015-04,Onion,Pune,Indapur,8.0,1.85,10.54,81.3,2015,April
2015-04,Onion,Jalgaon,Jalgaon,8.43,5.12,12.26,520.0,2015,April
2015-04,Onion,Ahmadnagar,Jamkhed,7.88,1.06,14.69,523.2,2015,April
2015-04,Onion,Pune,Junnar,9.07,5.14,12.14,3364.0,2015,April
2015-04,Onion,Pune,Junnar (Alephata),12.45,8.95,15.1,18683.7,2015,April
2015-04,Onion,Pune,Junnar-Otur,10.92,8.92,13.08,5750.1,2015,April
2015-04,Onion,Beed,Kada,12.0,3.0,15.0,675.0,2015,April
2015-04,Onion,Nasik,Kalvan,10.02,2.96,14.29,8960.0,2015,April
2015-04,Onion,Thane,Kalyan,11.0,8.0,14.0,0.3,2015,April
2015-04,Onion,Nagpur,Kamthi,18.55,8.0,29.09,10.4,2015,April
2015-04,Onion,Aurangabad,Kannad,4.0,4.0,6.67,217.4,2015,April
2015-04,Onion,Satara,Karad,12.42,9.92,14.92,358.8,2015,April
2015-04,Onion,Kolhapur,Kolhapur,11.83,4.92,15.83,6975.5,2015,April
2015-04,Onion,Ahmadnagar,Kopargaon,9.88,3.95,13.5,3417.9,2015,April
2015-04,Onion,Satara,Koregaon,8.88,7.5,10.25,53.4,2015,April
2015-04,Onion,Solapur,Kurdwadi,7.9,3.88,11.93,16.0,2015,April
2015-04,Onion,Solapur,Kurdwadi-Modnimb,7.75,1.4,12.54,174.1,2015,April
2015-04,Onion,Nasik,Lasalgaon,10.2,4.42,13.01,31428.0,2015,April
2015-04,Onion,Nasik,Lasalgaon-Niphad,7.99,3.7,11.71,5876.7,2015,April
2015-04,Onion,Aurangabad,Lasur Station,7.63,1.88,12.4,809.5,2015,April
2015-04,Onion,Satara,Lonand,11.22,6.56,13.8,1638.0,2015,April
2015-04,Onion,Nasik,Malegaon,9.4,4.71,11.42,11441.9,2015,April
2015-04,Onion,Buldhana,Malkapur,7.73,5.25,10.38,214.9,2015,April
2015-04,Onion,Nasik,Manmad,10.38,3.56,12.5,13503.2,2015,April
2015-04,Onion,Mumbai,Mumbai,13.33,12.17,14.5,26550.0,2015,April
2015-04,Onion,Nagpur,Nagpur,10.83,7.62,14.04,12287.8,2015,April
2015-04,Onion,Nasik,Nashik,9.0,2.0,12.0,292.7,2015,April
2015-04,Onion,Ahmadnagar,Newasa-Ghodegaon,9.77,2.85,13.42,18603.8,2015,April
2015-04,Onion,Solapur,Pandharpur,10.54,2.13,13.84,150.8,2015,April
2015-04,Onion,Ahmadnagar,Parner,9.65,5.0,14.3,7818.4,2015,April
2015-04,Onion,Ahmadnagar,Pathardi,9.2,2.38,14.33,313.3,2015,April
2015-04,Onion,Satara,Phaltan,10.5,3.0,14.2,1429.1,2015,April
2015-04,Onion,Nasik,Pimpalgaon (B)-Saykheda,7.27,3.09,12.12,12225.1,2015,April
2015-04,Onion,Nasik,Pimpalgaon Basawant,9.71,4.69,14.49,42640.3,2015,April
2015-04,Onion,Pune,Pune,9.22,5.37,13.32,29609.3,2015,April
2015-04,Onion,Pune,Pune-Manjri,1.0,0.91,11.14,2.8,2015,April
2015-04,Onion,Pune,Pune-Pimpri,10.58,9.63,11.53,59.2,2015,April
2015-04,Onion,Ahmadnagar,Rahata,9.06,2.22,14.67,10765.0,2015,April
2015-04,Onion,Ahmadnagar,Rahuri,7.39,1.0,13.89,12303.0,2015,April
2015-04,Onion,Ahmadnagar,Rahuri-Vambori,8.69,1.08,14.15,3262.7,2015,April
2015-04,Onion,Nagpur,Ramtek,3.26,3.1,3.42,6.4,2015,April
2015-04,Onion,Ahmadnagar,Sangamner,9.08,3.62,14.7,28859.1,2015,April
2015-04,Onion,Satara,Satara,11.44,9.22,13.67,597.0,2015,April
2015-04,Onion,Dhule,Shirpur,9.75,1.99,11.37,433.8,2015,April
2015-04,Onion,Ahmadnagar,Shrirampur,10.32,2.0,13.95,10443.8,2015,April
2015-04,Onion,Nasik,Sinner,8.42,1.13,12.86,22806.9,2015,April
2015-04,Onion,Solapur,Solapur,8.48,1.11,15.13,30530.2,2015,April
2015-04,Onion,Aurangabad,Vaijapur,8.39,2.0,13.43,2974.4,2015,April
2015-04,Onion,Nasik,Yeola,10.08,3.48,13.05,20641.9,2015,April
2015-04,Rice,Gondiya,Aamgaon,14.12,14.12,14.42,272.8,2015,April
2015-04,Rice,Gadchiroli,Aheri,14.1,14.1,14.1,128.7,2015,April
2015-04,Rice,Ahmadnagar,Akole,16.25,14.5,19.25,11.3,2015,April
2015-04,Rice,Raigad,Alibag,16.0,15.0,17.0,87.0,2015,April
2015-04,Rice,Gondiya,Arjuni Morgaon,16.33,15.96,16.7,200.4,2015,April
2015-04,Rice,Gadchiroli,Armori,15.43,14.93,15.81,173.6,2015,April
2015-04,Rice,Gadchiroli,Armori-Desaiganj,15.17,14.45,15.62,3007.0,2015,April
2015-04,Rice,Solapur,Barshi,14.83,14.83,15.25,6.2,2015,April
2015-04,Rice,Thane,Bhivandi,16.8,15.9,17.7,34.8,2015,April
2015-04,Rice,Nagpur,Bhiwapur,19.0,18.63,19.41,185.0,2015,April
2015-04,Rice,Nanded,Bhokar,17.25,17.25,17.25,0.1,2015,April
2015-04,Rice,Chandrapur,Brahmpuri,18.5,18.0,19.0,19.5,2015,April
2015-04,Rice,Gadchiroli,Chamorshi,17.87,17.33,18.53,534.3,2015,April
2015-04,Rice,Chandrapur,Chimur,18.48,18.48,19.49,709.0,2015,April
2015-04,Rice,Gadchiroli,Gadchiroli,16.21,15.59,16.55,384.8,2015,April
2015-04,Rice,Nasik,Ghoti,20.89,20.36,21.42,55.8,2015,April
2015-04,Rice,Pune,Indapur,14.4,12.8,14.41,3.1,2015,April
2015-04,Rice,Pune,Indapur-Bhigwan,14.2,13.91,14.4,3.6,2015,April
2015-04,Rice,Raigad,Karjat (Raigad),23.6,17.36,32.16,12.5,2015,April
2015-04,Rice,Nasik,Lasalgaon,16.5,16.5,16.5,0.1,2015,April
2015-04,Rice,Raigad,Mangaon(Bhadav),25.79,18.0,35.0,12.8,2015,April
2015-04,Rice,Chandrapur,Mul,18.6,17.76,19.45,2926.9,2015,April
2015-04,Rice,Mumbai,Mumbai,63.77,47.54,82.5,49510.8,2015,April
2015-04,Rice,Thane,Murbad,17.5,17.5,19.5,0.3,2015,April
2015-04,Rice,Chandrapur,Nagbhid,17.21,15.63,18.8,1277.2,2015,April
2015-04,Rice,Nagpur,Nagpur,26.2,24.67,27.73,289.5,2015,April
2015-04,Rice,Pune,Nira,29.31,24.0,35.25,45.0,2015,April
2015-04,Rice,Bhandara,Pavani,18.01,17.96,18.04,27.3,2015,April
2015-04,Rice,Raigad,Pen,20.3875,19.075,26.75,4.8,2015,April
2015-04,Rice,Pune,Pune,51.72,45.21,58.22,2118.4,2015,April
2015-04,Rice,Raigad,Roha,13.6,13.2,14.0,111.7,2015,April
2015-04,Rice,Thane,Shahapur,15.26,14.59,15.65,12.6,2015,April
2015-04,Rice,Chandrapur,Sindevahi,15.59,15.39,16.41,303.7,2015,April
2015-04,Rice,Solapur,Solapur,36.58,21.08,55.42,1099.4,2015,April
2015-04,Rice,Gondiya,Tiroda,14.68,14.3,15.05,1881.8,2015,April
2015-04,Rice,Osmanabad,Tuljapur,9.44,9.3,9.58,10.6,2015,April
2015-04,Rice,Bhandara,Tumsar,17.4751,16.8946,18.0556,3062.6,2015,April
2015-04,Rice,Nagpur,Umared,27.36,20.0,34.71,441.1,2015,April
2015-04,Soybean,Yewatmal,Aarni,32.0,30.0,34.0,63.0,2015,April
2015-04,Soybean,Amaravathi,Achalpur,38.76,37.51,40.0,15.0,2015,April
2015-04,Soybean,Ahmadnagar,Ahmednagar,31.5,29.0,34.0,1.2,2015,April
2015-04,Soybean,Hingoli,Akhadabalapur,32.9,32.0,33.8,31.5,2015,April
2015-04,Soybean,Akola,Akola,33.36,31.82,34.99,1013.5,2015,April
2015-04,Soybean,Ahmadnagar,Akole,32.5,30.0,34.5,28.5,2015,April
2015-04,Soybean,Akola,Akot,34.49,33.44,35.42,232.0,2015,April
2015-04,Soybean,Amaravathi,Amarawati,36.96,36.53,37.44,4.8,2015,April
2015-04,Soybean,Beed,Ambejogai,35.84,34.51,36.43,2263.7,2015,April
2015-04,Soybean,Amaravathi,Anajngaon Surji,33.39,31.83,35.06,132.3,2015,April
2015-04,Soybean,Wardha,Arvi,34.39,32.23,36.78,307.1,2015,April
2015-04,Soybean,Latur,Ausa,36.02,34.55,36.3,677.2,2015,April
2015-04,Soybean,Yewatmal,Babhulgaon,35.58,32.79,38.11,187.0,2015,April
2015-04,Soybean,Akola,Balapur,32.88,32.0,34.13,52.2,2015,April
2015-04,Soybean,Pune,Baramati,26.5,26.5,26.5,0.2,2015,April
2015-04,Soybean,Hingoli,Basmat,34.4,34.33,34.9,10.4,2015,April
2015-04,Soybean,Beed,Beed,34.94,34.38,35.43,30.9,2015,April
2015-04,Soybean,Nagpur,Bhiwapur,32.0,31.0,33.0,4.5,2015,April
2015-04,Soybean,Nanded,Bhokar,32.92,32.56,33.49,46.8,2015,April
2015-04,Soybean,Jalna,Bhokardan,32.87,32.43,33.43,17.8,2015,April
2015-04,Soybean,Jalna,Bhokardan-Pimpalgaon Renu,31.93,31.5,32.33,6.9,2015,April
2015-04,Soybean,Buldhana,Buldhana,33.42,32.22,34.54,138.0,2015,April
2015-04,Soybean,Amaravathi,Chandur Bajar,33.77,30.33,36.02,259.8,2015,April
2015-04,Soybean,Amaravathi,Chandur Rly.,33.5,32.0,34.8,44.7,2015,April
2015-04,Soybean,Buldhana,Chikhali,33.03,31.26,34.81,190.0,2015,April
2015-04,Soybean,Jalgaon,Chopda,34.61,34.28,34.79,5.4,2015,April
2015-04,Soybean,Amaravathi,Dhamangaon-Rly,33.17,31.93,35.15,200.0,2015,April
2015-04,Soybean,Dhule,Dhule,32.81,32.61,32.81,1.9,2015,April
2015-04,Soybean,Yewatmal,Digras,23.96,23.96,34.25,53.6,2015,April
2015-04,Soybean,Beed,Gevrai,36.74,34.57,36.88,10.9,2015,April
2015-04,Soybean,Yewatmal,Ghatanji,31.0,31.0,32.5,0.5,2015,April
2015-04,Soybean,Chandrapur,Gondpimpri,31.39,30.17,32.56,303.0,2015,April
2015-04,Soybean,Wardha,Hinganghat,33.0,28.56,37.48,4149.1,2015,April
2015-04,Soybean,Nagpur,Hingna,32.0,32.0,32.0,0.1,2015,April
2015-04,Soybean,Hingoli,Hingoli,33.87,32.12,35.65,719.8,2015,April
2015-04,Soybean,Pune,Indapur-Bhigwan,30.0,30.0,30.0,0.1,2015,April
2015-04,Soybean,Jalna,Jafrabad,33.28,32.06,34.06,40.3,2015,April
2015-04,Soybean,Buldhana,Jalgaon Jamod,32.0,31.0,33.0,8.0,2015,April
2015-04,Soybean,Buldhana,Jalgaon Jamod-Aasalgaon,33.5,32.25,34.75,70.9,2015,April
2015-04,Soybean,Jalna,Jalna,35.49,33.21,35.93,380.0,2015,April
2015-04,Soybean,Parbhani,Jintur,35.56,33.43,36.29,241.9,2015,April
2015-04,Soybean,Parbhani,Jintur-Bori,32.5,31.22,33.42,7.3,2015,April
2015-04,Soybean,Osmanabad,Kalamb (Os),36.23,33.8,36.6,322.2,2015,April
2015-04,Soybean,Hingoli,Kalamnuri,30.0,30.0,30.0,54.6,2015,April
2015-04,Soybean,Nagpur,Kalmeshwar,34.99,30.04,35.83,70.4,2015,April
2015-04,Soybean,Nasik,Kalvan,36.67,35.1,37.28,32.2,2015,April
2015-04,Soybean,Wasim,Karanja,34.79,32.71,36.44,1647.0,2015,April
2015-04,Soybean,Nagpur,Katol,34.74,32.42,36.65,961.4,2015,April
2015-04,Soybean,Beed,Kille Dharur,35.89,31.9,36.08,113.4,2015,April
2015-04,Soybean,Nanded,Kinwat,31.5,31.0,32.0,3.0,2015,April
2015-04,Soybean,Ahmadnagar,Kopargaon,35.17,32.44,35.9,32.9,2015,April
2015-04,Soybean,Nasik,Lasalgaon,36.91,28.93,37.5,442.5,2015,April
2015-04,Soybean,Nasik,Lasalgaon-Vinchur,36.71,26.86,37.38,177.7,2015,April
2015-04,Soybean,Aurangabad,Lasur Station,35.47,34.69,35.53,10.1,2015,April
2015-04,Soybean,Latur,Latur,37.19,35.65,38.0,6575.2,2015,April
2015-04,Soybean,Buldhana,Lonar,34.39,33.38,35.39,2511.0,2015,April
2015-04,Soybean,Beed,Majalgaon,34.92,32.39,36.18,120.0,2015,April
2015-04,Soybean,Nasik,Malegaon,32.0,30.5,34.61,2.3,2015,April
2015-04,Soybean,Wasim,Malegaon (Washim),37.06,35.11,38.92,910.7,2015,April
2015-04,Soybean,Buldhana,Malkapur,37.31,32.74,38.62,276.4,2015,April
2015-04,Soybean,Nagpur,Mandhal,33.36,31.12,34.79,28.0,2015,April
2015-04,Soybean,Wasim,Mangrulpeer,35.84,30.45,36.9,939.3,2015,April
2015-04,Soybean,Wasim,Manora,33.3,31.9,35.7,354.4,2015,April
2015-04,Soybean,Jalna,Mantha,33.64,32.29,34.11,7.7,2015,April
2015-04,Soybean,Amaravathi,Morshi,33.8,32.81,34.75,117.0,2015,April
2015-04,Soybean,Akola,Murtizapur,34.43,32.95,36.28,720.0,2015,April
2015-04,Soybean,Osmanabad,Murum,35.07,34.79,35.35,4.0,2015,April
2015-04,Soybean,Nagpur,Nagpur,33.67,30.89,36.46,124.2,2015,April
2015-04,Soybean,Nanded,Nanded,35.97,35.86,36.06,105.9,2015,April
2015-04,Soybean,Amaravathi,Nandgaon Khandeshwar,32.16,30.25,34.06,197.7,2015,April
2015-04,Soybean,Buldhana,Nandura,34.47,31.8,36.38,389.1,2015,April
2015-04,Soybean,Nandurbar,Nandurbar,34.56,33.98,35.15,22.6,2015,April
2015-04,Soybean,Yewatmal,Ner Parasopant,34.84,33.84,35.82,194.9,2015,April
2015-04,Soybean,Osmanabad,Osmanabad,34.78,33.51,36.06,76.4,2015,April
2015-04,Soybean,Parbhani,Palam,33.0,33.0,33.51,12.0,2015,April
2015-04,Soybean,Parbhani,Parbhani,35.46,34.85,35.79,98.8,2015,April
2015-04,Soybean,Beed,Parli-Vaijnath,36.45,35.03,36.63,1233.7,2015,April
2015-04,Soybean,Parbhani,Pathari,22.17,22.17,33.44,5.7,2015,April
2015-04,Soybean,Akola,Patur,32.67,32.67,65.22,35.0,2015,April
2015-04,Soybean,Wardha,Pulgaon,34.78,33.98,35.74,435.9,2015,April
2015-04,Soybean,Ahmadnagar,Rahata,33.91,33.82,34.07,9.3,2015,April
2015-04,Soybean,Ahmadnagar,Rahuri-Vambori,33.57,32.96,34.47,14.9,2015,April
2015-04,Soybean,Chandrapur,Rajura,35.16,32.77,36.07,309.8,2015,April
2015-04,Soybean,Nagpur,Ramtek,31.0,31.0,31.0,0.1,2015,April
2015-04,Soybean,Wasim,Risod,35.68,34.17,37.18,2792.0,2015,April
2015-04,Soybean,Parbhani,Sailu,34.85,33.62,35.04,30.3,2015,April
2015-04,Soybean,Wardha,Samudrapur,31.91,30.75,33.08,3.4,2015,April
2015-04,Soybean,Sangli,Sangali,32.78,30.13,35.43,201.3,2015,April
2015-04,Soybean,Ahmadnagar,Sangamner,41.0,41.0,41.0,0.7,2015,April
2015-04,Soybean,Buldhana,Sangrampur,30.88,24.25,35.13,5.8,2015,April
2015-04,Soybean,Nagpur,Savner,30.8,29.47,32.13,12.6,2015,April
2015-04,Soybean,Buldhana,Shegaon,33.39,30.85,35.94,254.4,2015,April
2015-04,Soybean,Dhule,Shirpur,32.03,31.95,32.03,3.5,2015,April
2015-04,Soybean,Ahmadnagar,Shrirampur,34.31,33.41,34.73,5.7,2015,April
2015-04,Soybean,Wardha,Sindi,33.65,31.39,35.57,48.8,2015,April
2015-04,Soybean,Nasik,Sinner,38.25,37.0,39.5,0.5,2015,April
2015-04,Soybean,Sangli,Tasgaon,34.5,34.0,35.0,7.5,2015,April
2015-04,Soybean,Akola,Telhara,33.4,32.53,34.22,150.0,2015,April
2015-04,Soybean,Osmanabad,Tuljapur,37.67,37.67,37.67,4.2,2015,April
2015-04,Soybean,Latur,Udgir,36.48,36.3,36.66,129.1,2015,April
2015-04,Soybean,Nagpur,Umared,34.64,32.14,37.14,485.5,2015,April
2015-04,Soybean,Osmanabad,Umarga,35.48,33.41,35.96,42.3,2015,April
2015-04,Soybean,Yewatmal,Umarkhed,31.6,30.0,33.2,130.0,2015,April
2015-04,Soybean,Yewatmal,Umarkhed-Danki,31.5,30.0,34.0,60.0,2015,April
2015-04,Soybean,Yewatmal,Vani,36.8,32.9,37.55,37.3,2015,April
2015-04,Soybean,Chandrapur,Varora,33.92,31.7,36.13,416.0,2015,April
2015-04,Soybean,Amaravathi,Varud-Rajura Bazar,35.6,33.88,37.34,2.2,2015,April
2015-04,Soybean,Wasim,Washim,36.08,34.48,37.64,5091.7,2015,April
2015-04,Soybean,Yewatmal,Yeotmal,35.27,33.11,37.39,1238.4,2015,April
2015-05,Bajra,Solapur,Akluj,14.01,14.01,14.01,1.0,2015,May
2015-05,Bajra,Ahmadnagar,Akole,17.75,13.75,19.0,0.9,2015,May
2015-05,Bajra,Amaravathi,Amarawati,19.44,18.02,20.96,7.2,2015,May
2015-05,Bajra,Akola,Balapur,12.75,12.5,13.0,0.1,2015,May
2015-05,Bajra,Solapur,Barshi,14.25,14.25,14.25,0.6,2015,May
2015-05,Bajra,Beed,Beed,13.75,12.97,14.65,171.1,2015,May
2015-05,Bajra,Jalgaon,Bhusaval,13.0,13.0,13.0,1.4,2015,May
2015-05,Bajra,Jalgaon,Chopda,11.14,10.53,11.43,1946.2,2015,May
2015-05,Bajra,Nasik,Devala,12.98,12.5,13.42,40.8,2015,May
2015-05,Bajra,Dhule,Dhule,10.7,9.98,11.89,2530.0,2015,May
2015-05,Bajra,Dhule,Dondaicha,11.78,10.44,12.24,448.9,2015,May
2015-05,Bajra,Pune,Dound,15.5,14.3,16.72,16.4,2015,May
2015-05,Bajra,Solapur,Dudhani,11.27,11.13,11.27,1.4,2015,May
2015-05,Bajra,Aurangabad,Gangapur,12.96,11.91,14.16,36.3,2015,May
2015-05,Bajra,Beed,Gevrai,12.13,11.53,18.51,316.8,2015,May
2015-05,Bajra,Pune,Indapur-Bhigwan,15.0,14.25,18.0,10.5,2015,May
2015-05,Bajra,Jalgaon,Jalgaon,11.19,10.95,11.4,250.7,2015,May
2015-05,Bajra,Jalna,Jalna,12.13,10.57,13.31,359.1,2015,May
2015-05,Bajra,Ahmadnagar,Jamkhed,13.75,13.0,14.5,17.4,2015,May
2015-05,Bajra,Beed,Kada,12.97,11.94,13.61,51.1,2015,May
2015-05,Bajra,Beed,Kada (Ashti),12.88,12.25,12.88,1.1,2015,May
2015-05,Bajra,Osmanabad,Kalamb (Os),13.34,13.0,14.06,4.9,2015,May
2015-05,Bajra,Nasik,Kalvan,12.71,11.23,13.58,142.9,2015,May
2015-05,Bajra,Aurangabad,Kannad,12.05,10.92,12.68,85.7,2015,May
2015-05,Bajra,Buldhana,Khamgaon,18.27,11.01,18.27,14.5,2015,May
2015-05,Bajra,Beed,Kille Dharur,17.1,12.96,18.05,53.3,2015,May
2015-05,Bajra,Ahmadnagar,Kopargaon,13.58,10.86,14.17,74.7,2015,May
2015-05,Bajra,Nasik,Lasalgaon,13.77,12.22,14.86,133.2,2015,May
2015-05,Bajra,Nasik,Lasalgaon-Vinchur,12.92,12.13,13.29,44.6,2015,May
2015-05,Bajra,Aurangabad,Lasur Station,12.41,10.8,13.99,311.8,2015,May
2015-05,Bajra,Latur,Latur,12.83,11.9,14.11,21.3,2015,May
2015-05,Bajra,Satara,Lonand,14.88,12.81,16.38,6.0,2015,May
2015-05,Bajra,Beed,Majalgaon,12.99,10.19,14.34,80.4,2015,May
2015-05,Bajra,Nasik,Malegaon,13.4,12.71,14.9,535.7,2015,May
2015-05,Bajra,Buldhana,Malkapur,10.95,10.85,11.13,6.0,2015,May
2015-05,Bajra,Solapur,Mangalwedha,13.13,13.13,13.13,1.0,2015,May
2015-05,Bajra,Nasik,Manmad,13.11,11.93,13.92,42.4,2015,May
2015-05,Bajra,Jalna,Mantha,12.0,12.0,12.0,0.3,2015,May
2015-05,Bajra,Buldhana,Nandura,10.74,9.88,11.14,2.0,2015,May
2015-05,Bajra,Nandurbar,Nandurbar,11.57,10.34,12.44,355.1,2015,May
2015-05,Bajra,Ahmadnagar,Newasa,12.83,12.83,12.83,0.9,2015,May
2015-05,Bajra,Pune,Nira,18.0,15.0,21.0,33.5,2015,May
2015-05,Bajra,Aurangabad,Paithan,13.06,12.71,13.38,39.9,2015,May
2015-05,Bajra,Beed,Parli-Vaijnath,13.01,12.75,13.01,1.1,2015,May
2015-05,Bajra,Jalna,Partur,11.94,11.48,12.73,10.0,2015,May
2015-05,Bajra,Ahmadnagar,Pathardi,13.33,12.6,14.92,31.8,2015,May
2015-05,Bajra,Parbhani,Pathari,6.63,6.63,13.06,3.4,2015,May
2015-05,Bajra,Satara,Phaltan,14.13,12.5,16.93,28.9,2015,May
2015-05,Bajra,Pune,Pune,17.81,16.57,19.04,7.0,2015,May
2015-05,Bajra,Yewatmal,Pusad,15.03,15.03,15.03,0.5,2015,May
2015-05,Bajra,Ahmadnagar,Rahata,11.76,11.33,13.08,14.3,2015,May
2015-05,Bajra,Ahmadnagar,Rahuri,13.1,13.1,13.1,2.2,2015,May
2015-05,Bajra,Ahmadnagar,Rahuri-Vambori,13.99,13.0,14.98,1.8,2015,May
2015-05,Bajra,Jalgaon,Raver,12.05,11.85,12.23,5.4,2015,May
2015-05,Bajra,Parbhani,Sailu,12.5,12.5,12.5,0.2,2015,May
2015-05,Bajra,Sangli,Sangali,15.59,13.0,18.27,146.8,2015,May
2015-05,Bajra,Ahmadnagar,Sangamner,15.46,13.83,16.94,76.9,2015,May
2015-05,Bajra,Nandurbar,Shahada,11.36,11.15,11.52,237.7,2015,May
2015-05,Bajra,Buldhana,Shegaon,10.0,10.0,10.0,0.1,2015,May
2015-05,Bajra,Ahmadnagar,Shevgaon,12.65,11.88,13.0,26.0,2015,May
2015-05,Bajra,Ahmadnagar,Shevgaon-Bodhegaon,11.31,10.64,12.02,88.5,2015,May
2015-05,Bajra,Dhule,Shirpur,10.89,9.9,11.59,1144.9,2015,May
2015-05,Bajra,Pune,Shirur,13.76,13.76,13.76,2.5,2015,May
2015-05,Bajra,Ahmadnagar,Shrirampur,14.39,13.22,15.36,18.8,2015,May
2015-05,Bajra,Nasik,Sinner,12.21,11.0,13.15,33.2,2015,May
2015-05,Bajra,Parbhani,Sonpeth,15.0,15.0,15.0,0.2,2015,May
2015-05,Bajra,Nandurbar,Taloda,11.37,10.82,11.71,220.7,2015,May
2015-05,Bajra,Osmanabad,Umarga,12.0,12.0,12.95,0.5,2015,May
2015-05,Bajra,Aurangabad,Vaijapur,13.32,12.1,14.05,61.5,2015,May
2015-05,Bajra,Thane,Vasai,15.33,13.33,18.0,5.1,2015,May
2015-05,Bajra,Nasik,Yeola,12.86,12.61,13.6,18.9,2015,May
2015-05,Cotton,Wardha,Arvi,43.43,40.0,46.26,2413.3,2015,May
2015-05,Cotton,Nagpur,Bhiwapur,37.48,36.19,38.63,87.5,2015,May
2015-05,Cotton,Nanded,Bhokar,40.19,37.78,45.37,1045.2,2015,May
2015-05,Cotton,Chandrapur,Chimur,40.83,40.0,41.67,4.8,2015,May
2015-05,Cotton,Beed,Gevrai,37.3,36.0,37.6,280.5,2015,May
2015-05,Cotton,Jalna,Jafrabad,11.3,10.0,12.0,2.0,2015,May
2015-05,Cotton,Parbhani,Jintur,39.33,38.27,42.07,317.1,2015,May
2015-05,Cotton,Hingoli,Kalamnuri,43.0,43.0,43.0,10.1,2015,May
2015-05,Cotton,Nagpur,Kalmeshwar,44.51,38.09,45.08,1203.9,2015,May
2015-05,Cotton,Nagpur,Katol,43.13,40.63,44.98,148.4,2015,May
2015-05,Cotton,Nanded,Kinwat,35.0,34.0,36.0,22.5,2015,May
2015-05,Cotton,Nagpur,Narkhed,34.46,34.46,43.96,259.7,2015,May
2015-05,Cotton,Yewatmal,Pandharkawada,38.84,37.5,39.75,105.5,2015,May
2015-05,Cotton,Wardha,Pulgaon,42.3,37.13,44.74,422.1,2015,May
2015-05,Cotton,Chandrapur,Rajura,38.25,36.67,39.9,193.3,2015,May
2015-05,Cotton,Wardha,Sindi (Selu),39.39,36.79,43.37,156.8,2015,May
2015-05,Cotton,Aurangabad,Soygaon,40.5,40.0,41.0,49.4,2015,May
2015-05,Cotton,Nandurbar,Taloda,38.58,37.8,39.25,18.4,2015,May
2015-05,Cotton,Akola,Telhara,40.75,40.17,41.33,180.0,2015,May
2015-05,Cotton,Nagpur,Umared,39.57,36.5,42.64,371.4,2015,May
2015-05,Cotton,Amaravathi,Varud,43.7,43.11,44.66,376.0,2015,May
2015-05,Cotton,Yewatmal,Yeotmal,39.52,38.74,40.63,197.7,2015,May
2015-05,Jowar,Gadchiroli,Aheri,12.27,12.27,12.27,13.7,2015,May
2015-05,Jowar,Hingoli,Akhadabalapur,14.0,13.0,15.0,4.5,2015,May
2015-05,Jowar,Solapur,Akluj,16.0,15.9,16.0,7.5,2015,May
2015-05,Jowar,Amaravathi,Amarawati,16.54,15.1,18.46,7.2,2015,May
2015-05,Jowar,Beed,Ambejogai,23.25,22.42,23.82,19.9,2015,May
2015-05,Jowar,Amaravathi,Anajngaon Surji,13.8,12.6,14.93,52.5,2015,May
2015-05,Jowar,Latur,Ausa,15.77,14.55,17.16,74.8,2015,May
2015-05,Jowar,Akola,Balapur,12.7,11.0,14.2,12.8,2015,May
2015-05,Jowar,Solapur,Barshi,19.18,13.32,24.63,1834.8,2015,May
2015-05,Jowar,Solapur,Barshi-Vairag,17.34,11.88,21.8,890.3,2015,May
2015-05,Jowar,Beed,Beed,16.98,16.06,19.14,549.5,2015,May
2015-05,Jowar,Nanded,Bhokar,13.0,12.6,15.0,18.0,2015,May
2015-05,Jowar,Jalna,Bhokardan,11.57,11.4,11.7,43.4,2015,May
2015-05,Jowar,Jalna,Bhokardan-Pimpalgaon Renu,11.78,11.5,12.0,5.5,2015,May
2015-05,Jowar,Jalgaon,Bhusaval,11.49,11.28,11.81,9.7,2015,May
2015-05,Jowar,Buldhana,Buldhana,15.0,13.5,18.5,3.0,2015,May
2015-05,Jowar,Amaravathi,Chandur Bajar,14.64,13.0,16.0,14.4,2015,May
2015-05,Jowar,Jalgaon,Chopda,13.88,11.93,15.3,156.6,2015,May
2015-05,Jowar,Nasik,Devala,20.56,18.72,20.56,8.1,2015,May
2015-05,Jowar,Dhule,Dhule,12.35,11.15,13.01,1167.1,2015,May
2015-05,Jowar,Yewatmal,Digras,0.86,0.86,15.31,43.6,2015,May
2015-05,Jowar,Dhule,Dondaicha,14.56,12.34,15.69,359.7,2015,May
2015-05,Jowar,Pune,Dound,18.49,15.87,20.69,213.5,2015,May
2015-05,Jowar,Solapur,Dudhani,17.75,13.23,20.1,116.2,2015,May
2015-05,Jowar,Aurangabad,Gangapur,14.57,12.79,16.34,61.1,2015,May
2015-05,Jowar,Beed,Gevrai,14.68,13.41,16.39,381.0,2015,May
2015-05,Jowar,Pune,Indapur,19.61,16.06,24.75,124.9,2015,May
2015-05,Jowar,Pune,Indapur-Bhigwan,16.15,14.15,23.26,115.3,2015,May
2015-05,Jowar,Jalna,Jafrabad,10.6,9.9,11.3,148.8,2015,May
2015-05,Jowar,Jalgaon,Jalgaon,11.81,11.64,12.11,459.1,2015,May
2015-05,Jowar,Buldhana,Jalgaon Jamod-Aasalgaon,11.81,11.13,12.5,35.1,2015,May
2015-05,Jowar,Jalna,Jalna,17.72,11.4,22.56,2357.6,2015,May
2015-05,Jowar,Ahmadnagar,Jamkhed,21.69,16.5,26.88,1751.2,2015,May
2015-05,Jowar,Parbhani,Jintur,12.86,11.38,14.7,146.5,2015,May
2015-05,Jowar,Parbhani,Jintur-Bori,12.29,11.78,13.64,8.5,2015,May
2015-05,Jowar,Beed,Kada,16.25,14.29,18.92,377.3,2015,May
2015-05,Jowar,Beed,Kada (Ashti),17.9,15.47,22.5,41.7,2015,May
2015-05,Jowar,Osmanabad,Kalamb (Os),19.25,16.29,21.24,242.1,2015,May
2015-05,Jowar,Aurangabad,Kannad,13.98,13.16,14.23,8.2,2015,May
2015-05,Jowar,Wasim,Karanja,13.27,12.83,13.89,40.5,2015,May
2015-05,Jowar,Solapur,Karmala,20.84,15.8,28.53,734.4,2015,May
2015-05,Jowar,Buldhana,Khamgaon,10.83,10.01,11.65,254.3,2015,May
2015-05,Jowar,Beed,Kille Dharur,23.77,20.89,24.0,18.1,2015,May
2015-05,Jowar,Nanded,Kinwat,11.5,10.0,13.0,10.0,2015,May
2015-05,Jowar,Ahmadnagar,Kopargaon,13.28,10.58,13.96,60.9,2015,May
2015-05,Jowar,Satara,Koregaon,17.25,16.0,18.5,0.8,2015,May
2015-05,Jowar,Solapur,Kurdwadi,14.26,9.32,19.19,55.4,2015,May
2015-05,Jowar,Solapur,Kurdwadi-Modnimb,12.92,10.61,19.53,67.6,2015,May
2015-05,Jowar,Nasik,Lasalgaon,15.16,15.04,15.55,16.0,2015,May
2015-05,Jowar,Nasik,Lasalgaon-Vinchur,16.19,11.51,16.61,0.8,2015,May
2015-05,Jowar,Aurangabad,Lasur Station,16.88,11.49,20.97,476.4,2015,May
2015-05,Jowar,Latur,Latur,22.82,21.17,24.39,122.1,2015,May
2015-05,Jowar,Nanded,Loha,13.15,12.55,14.16,18.5,2015,May
2015-05,Jowar,Satara,Lonand,18.75,15.55,23.06,29.4,2015,May
2015-05,Jowar,Buldhana,Lonar,11.79,11.15,12.63,176.7,2015,May
2015-05,Jowar,Beed,Majalgaon,19.29,10.68,24.32,111.6,2015,May
2015-05,Jowar,Buldhana,Malkapur,11.86,11.08,12.47,342.7,2015,May
2015-05,Jowar,Solapur,Mangalwedha,16.6,11.49,18.04,67.6,2015,May
2015-05,Jowar,Wasim,Mangrulpeer,12.99,11.3,13.41,9.9,2015,May
2015-05,Jowar,Jalna,Mantha,14.58,11.5,15.83,19.2,2015,May
2015-05,Jowar,Solapur,Mohol,17.58,15.68,19.41,23.2,2015,May
2015-05,Jowar,Amaravathi,Morshi,13.63,13.22,14.0,68.4,2015,May
2015-05,Jowar,Osmanabad,Murum,18.31,18.31,18.31,0.4,2015,May
2015-05,Jowar,Nagpur,Nagpur,17.5,15.0,20.0,1.5,2015,May
2015-05,Jowar,Nanded,Nanded,11.54,11.02,11.73,128.6,2015,May
2015-05,Jowar,Buldhana,Nandura,11.12,10.21,11.91,141.6,2015,May
2015-05,Jowar,Nandurbar,Nandurbar,15.6,13.1,17.15,281.3,2015,May
2015-05,Jowar,Ahmadnagar,Newasa,15.5,15.5,15.5,1.2,2015,May
2015-05,Jowar,Pune,Nira,20.69,17.25,24.13,92.8,2015,May
2015-05,Jowar,Osmanabad,Osmanabad,14.78,12.15,17.4,95.5,2015,May
2015-05,Jowar,Aurangabad,Paithan,15.1,14.37,16.22,44.8,2015,May
2015-05,Jowar,Parbhani,Palam,16.34,16.34,17.34,3.2,2015,May
2015-05,Jowar,Solapur,Pandharpur,16.86,16.58,18.13,17.2,2015,May
2015-05,Jowar,Osmanabad,Paranda,17.0,12.5,21.0,6.5,2015,May
2015-05,Jowar,Parbhani,Parbhani,16.68,15.53,17.68,19.5,2015,May
2015-05,Jowar,Beed,Parli-Vaijnath,13.41,13.11,13.86,46.4,2015,May
2015-05,Jowar,Jalna,Partur,14.75,13.29,17.03,84.2,2015,May
2015-05,Jowar,Ahmadnagar,Pathardi,15.89,15.33,16.67,42.4,2015,May
2015-05,Jowar,Parbhani,Pathari,13.21,13.21,19.5,3.6,2015,May
2015-05,Jowar,Akola,Patur,13.11,11.75,14.08,4.8,2015,May
2015-05,Jowar,Satara,Phaltan,18.88,15.5,25.26,155.0,2015,May
2015-05,Jowar,Pune,Pune,25.36,23.36,27.36,744.7,2015,May
2015-05,Jowar,Yewatmal,Pusad,13.03,10.8,13.61,62.8,2015,May
2015-05,Jowar,Ahmadnagar,Rahata,11.21,10.78,12.13,24.3,2015,May
2015-05,Jowar,Ahmadnagar,Rahuri,15.5,15.5,15.5,2.3,2015,May
2015-05,Jowar,Ahmadnagar,Rahuri-Vambori,12.63,11.64,13.54,14.0,2015,May
2015-05,Jowar,Jalgaon,Raver,12.63,11.74,13.11,14.0,2015,May
2015-05,Jowar,Parbhani,Sailu,13.07,11.4,18.1,38.1,2015,May
2015-05,Jowar,Sangli,Sangali,21.52,15.9,27.03,980.1,2015,May
2015-05,Jowar,Ahmadnagar,Sangamner,18.88,17.44,20.38,19.8,2015,May
2015-05,Jowar,Buldhana,Sangrampur,10.54,9.75,11.46,22.9,2015,May
2015-05,Jowar,Nandurbar,Shahada,14.41,13.59,15.4,25.7,2015,May
2015-05,Jowar,Buldhana,Shegaon,11.27,10.16,12.33,99.6,2015,May
2015-05,Jowar,Ahmadnagar,Shevgaon,14.9,11.79,15.45,191.5,2015,May
2015-05,Jowar,Ahmadnagar,Shevgaon-Bodhegaon,13.7,13.11,14.4,278.2,2015,May
2015-05,Jowar,Dhule,Shirpur,14.24,11.98,17.89,506.8,2015,May
2015-05,Jowar,Pune,Shirur,14.4,13.67,14.68,21.0,2015,May
2015-05,Jowar,Ahmadnagar,Shrirampur,17.22,14.18,18.34,84.3,2015,May
2015-05,Jowar,Nasik,Sinner,12.08,10.02,12.86,8.2,2015,May
2015-05,Jowar,Solapur,Solapur,18.59,18.59,26.75,84.5,2015,May
2015-05,Jowar,Parbhani,Sonpeth,18.0,15.5,21.25,4.2,2015,May
2015-05,Jowar,Nandurbar,Taloda,16.06,15.48,16.67,10.1,2015,May
2015-05,Jowar,Akola,Telhara,10.75,10.54,11.15,51.5,2015,May
2015-05,Jowar,Osmanabad,Tuljapur,12.38,10.5,12.38,4.5,2015,May
2015-05,Jowar,Latur,Udgir,10.19,9.55,10.82,14.8,2015,May
2015-05,Jowar,Nagpur,Umared,17.22,15.22,19.22,6.9,2015,May
2015-05,Jowar,Osmanabad,Umarga,15.79,14.38,17.17,14.3,2015,May
2015-05,Jowar,Yewatmal,Umarkhed,14.5,14.0,16.0,40.0,2015,May
2015-05,Jowar,Yewatmal,Umarkhed-Danki,15.0,14.0,16.0,40.0,2015,May
2015-05,Jowar,Satara,Vaduj,22.11,20.78,22.44,290.0,2015,May
2015-05,Jowar,Aurangabad,Vaijapur,13.7,12.8,14.18,28.1,2015,May
2015-05,Jowar,Amaravathi,Varud-Rajura Bazar,11.07,11.07,11.07,1.8,2015,May
2015-05,Jowar,Thane,Vasai,18.0,16.0,22.0,3.1,2015,May
2015-05,Jowar,Wasim,Washim,11.55,10.92,12.15,119.7,2015,May
2015-05,Jowar,Nasik,Yeola,17.01,17.01,17.01,0.1,2015,May
2015-05,Jowar,Yewatmal,Yeotmal,15.3,15.3,15.3,44.7,2015,May
2015-05,Onion,Solapur,Akluj,11.31,8.62,13.69,44.3,2015,May
2015-05,Onion,Ahmadnagar,Akole,10.15,1.31,18.27,6423.1,2015,May
2015-05,Onion,Aurangabad,Aurangabad,8.75,4.48,13.03,357.8,2015,May
2015-05,Onion,Pune,Baramati,12.08,4.17,15.59,187.2,2015,May
2015-05,Onion,Solapur,Barshi,8.23,2.38,13.64,179.9,2015,May
2015-05,Onion,Thane,Bhivandi,16.73,15.1,18.23,18.6,2015,May
2015-05,Onion,Nasik,Chandvad,10.7,2.38,15.59,11989.8,2015,May
2015-05,Onion,Nasik,Devala,10.5,5.78,13.97,9652.8,2015,May
2015-05,Onion,Dhule,Dhule,9.74,2.88,12.89,8117.1,2015,May
2015-05,Onion,Nasik,Dindori,10.7,6.62,16.63,5692.2,2015,May
2015-05,Onion,Nasik,Dindori-Vani,11.16,6.0,16.88,17456.8,2015,May
2015-05,Onion,Aurangabad,Gangapur,9.78,3.69,16.48,799.7,2015,May
2015-05,Onion,Pune,Indapur,7.73,1.95,12.19,70.9,2015,May
2015-05,Onion,Jalgaon,Jalgaon,8.48,5.11,11.76,720.0,2015,May
2015-05,Onion,Ahmadnagar,Jamkhed,9.33,1.39,17.28,628.6,2015,May
2015-05,Onion,Pune,Junnar,14.14,8.0,19.43,4108.8,2015,May
2015-05,Onion,Pune,Junnar (Alephata),12.0,8.0,14.5,2436.7,2015,May
2015-05,Onion,Beed,Kada,13.5,1.13,18.88,1543.5,2015,May
2015-05,Onion,Nasik,Kalvan,12.14,3.46,16.2,10250.0,2015,May
2015-05,Onion,Nagpur,Kamthi,13.31,6.54,20.08,17.5,2015,May
2015-05,Onion,Aurangabad,Kannad,4.13,4.13,6.75,132.7,2015,May
2015-05,Onion,Satara,Karad,13.21,10.43,16.0,114.0,2015,May
2015-05,Onion,Kolhapur,Kolhapur,13.58,5.23,20.15,7476.6,2015,May
2015-05,Onion,Ahmadnagar,Kopargaon,12.44,3.5,17.84,3842.4,2015,May
2015-05,Onion,Satara,Koregaon,11.38,9.25,13.5,45.4,2015,May
2015-05,Onion,Solapur,Kurdwadi,7.5,2.49,13.32,135.0,2015,May
2015-05,Onion,Solapur,Kurdwadi-Modnimb,7.74,2.05,14.16,71.5,2015,May
2015-05,Onion,Nasik,Lasalgaon,11.96,6.0,16.88,29662.3,2015,May
2015-05,Onion,Nasik,Lasalgaon-Niphad,9.78,4.34,15.2,4749.0,2015,May
2015-05,Onion,Aurangabad,Lasur Station,8.5,1.8,17.4,1659.7,2015,May
2015-05,Onion,Satara,Lonand,14.19,6.88,17.03,538.2,2015,May
2015-05,Onion,Nasik,Malegaon,10.86,3.63,14.39,2711.6,2015,May
2015-05,Onion,Buldhana,Malkapur,10.8,6.85,13.8,555.8,2015,May
2015-05,Onion,Nasik,Manmad,11.67,4.59,15.76,10165.2,2015,May
2015-05,Onion,Mumbai,Mumbai,15.87,14.59,17.15,24405.0,2015,May
2015-05,Onion,Nagpur,Nagpur,10.83,8.13,13.52,12306.6,2015,May
2015-05,Onion,Ahmadnagar,Newasa-Ghodegaon,11.25,2.42,17.58,24554.5,2015,May
2015-05,Onion,Osmanabad,Osmanabad,12.84,9.14,16.5,32.6,2015,May
2015-05,Onion,Thane,Palghar(Bevur),11.57,11.34,11.81,68.1,2015,May
2015-05,Onion,Solapur,Pandharpur,11.29,2.29,16.27,268.5,2015,May
2015-05,Onion,Ahmadnagar,Parner,12.54,6.04,19.05,3955.5,2015,May
2015-05,Onion,Ahmadnagar,Pathardi,9.71,2.6,17.6,386.5,2015,May
2015-05,Onion,Satara,Phaltan,14.0,3.5,19.3,1788.1,2015,May
2015-05,Onion,Nasik,Pimpalgaon (B)-Saykheda,8.5,3.74,14.73,12536.1,2015,May
2015-05,Onion,Nasik,Pimpalgaon Basawant,11.59,5.63,19.43,55950.9,2015,May
2015-05,Onion,Pune,Pune,12.19,7.24,17.45,26494.2,2015,May
2015-05,Onion,Pune,Pune-Pimpri,13.05,11.42,14.74,15.7,2015,May
2015-05,Onion,Ahmadnagar,Rahata,12.77,3.55,19.91,10041.4,2015,May
2015-05,Onion,Ahmadnagar,Rahuri,9.08,1.23,17.38,15271.2,2015,May
2015-05,Onion,Ahmadnagar,Rahuri-Vambori,8.0,1.0,14.5,621.6,2015,May
2015-05,Onion,Nagpur,Ramtek,0.11,0.1,0.12,3.1,2015,May
2015-05,Onion,Ahmadnagar,Sangamner,12.41,5.0,20.04,21144.4,2015,May
2015-05,Onion,Satara,Satara,15.11,12.67,17.56,502.9,2015,May
2015-05,Onion,Dhule,Shirpur,9.26,2.67,11.08,505.8,2015,May
2015-05,Onion,Ahmadnagar,Shrirampur,12.08,1.92,17.35,10265.7,2015,May
2015-05,Onion,Nasik,Sinner,9.36,1.74,16.03,19279.4,2015,May
2015-05,Onion,Solapur,Solapur,9.76,1.07,19.72,28198.7,2015,May
2015-05,Onion,Aurangabad,Vaijapur,9.64,2.0,17.16,3133.0,2015,May
2015-05,Onion,Thane,Vasai,13.14,9.14,18.57,35.8,2015,May
2015-05,Onion,Nasik,Yeola,11.28,3.28,15.74,14890.8,2015,May
2015-05,Rice,Gondiya,Aamgaon,14.02,13.67,14.25,368.8,2015,May
2015-05,Rice,Gadchiroli,Aheri,13.021,12.9613,13.0807,535.3,2015,May
2015-05,Rice,Ahmadnagar,Akole,16.81,14.25,19.5,5.4,2015,May
2015-05,Rice,Raigad,Alibag,22.76,20.6,24.92,80.8,2015,May
2015-05,Rice,Gondiya,Arjuni Morgaon,15.15,14.92,15.37,1548.6,2015,May
2015-05,Rice,Gadchiroli,Armori,15.32,15.04,15.56,293.1,2015,May
2015-05,Rice,Gadchiroli,Armori-Desaiganj,15.21,14.44,16.72,5235.4,2015,May
2015-05,Rice,Solapur,Barshi,13.83,13.27,14.92,1.7,2015,May
2015-05,Rice,Thane,Bhivandi,16.48,14.73,17.98,27.9,2015,May
2015-05,Rice,Nagpur,Bhiwapur,19.06,18.75,19.38,255.0,2015,May
2015-05,Rice,Chandrapur,Brahmpuri,17.67,17.17,18.17,64.4,2015,May
2015-05,Rice,Gadchiroli,Chamorshi,18.79,18.29,19.27,1384.5,2015,May
2015-05,Rice,Chandrapur,Chimur,19.1,18.03,20.01,497.2,2015,May
2015-05,Rice,Gadchiroli,Gadchiroli,16.58,16.28,16.81,233.7,2015,May
2015-05,Rice,Nasik,Ghoti,20.0,20.0,20.0,3.0,2015,May
2015-05,Rice,Gondiya,Gondiya,13.34,12.44,13.73,2446.5,2015,May
2015-05,Rice,Chandrapur,Gondpimpri,18.25,17.75,18.75,54.5,2015,May
2015-05,Rice,Pune,Indapur-Bhigwan,14.29,14.01,14.29,3.8,2015,May
2015-05,Rice,Raigad,Karjat (Raigad),21.399,16.4521,28.0882,410.0,2015,May
2015-05,Rice,Nasik,Lasalgaon,16.52,16.52,16.52,0.3,2015,May
2015-05,Rice,Raigad,Mangaon(Bhadav),22.8467,17.0952,31.1095,10.5,2015,May
2015-05,Rice,Chandrapur,Mul,19.59,18.77,20.4,3485.2,2015,May
2015-05,Rice,Mumbai,Mumbai,62.47,44.4,81.06,43649.3,2015,May
2015-05,Rice,Thane,Murbad,17.59,17.59,19.32,3.3,2015,May
2015-05,Rice,Chandrapur,Nagbhid,17.61,15.92,19.29,1662.3,2015,May
2015-05,Rice,Nagpur,Nagpur,26.2667,24.774,27.7693,309.3,2015,May
2015-05,Rice,Pune,Nira,32.75,29.5,36.0,55.4,2015,May
2015-05,Rice,Thane,Palghar(Bevur),26.08,22.13,30.03,539.7,2015,May
2015-05,Rice,Bhandara,Pavani,19.0,19.0,19.0,1.4,2015,May
2015-05,Rice,Raigad,Pen,22.6733,20.9,29.52,9.0,2015,May
2015-05,Rice,Pune,Pune,48.05,42.9,53.21,1887.1,2015,May
2015-05,Rice,Raigad,Roha,13.6,13.2,14.0,26.8,2015,May
2015-05,Rice,Sangli,Sangali,36.0,17.0,55.0,61.7,2015,May
2015-05,Rice,Thane,Shahapur,15.38,14.73,15.72,19.8,2015,May
2015-05,Rice,Chandrapur,Sindevahi,16.38,16.35,17.35,374.9,2015,May
2015-05,Rice,Solapur,Solapur,35.31,21.09,54.95,1352.0,2015,May
2015-05,Rice,Gondiya,Tiroda,14.64,14.06,15.08,3430.1,2015,May
2015-05,Rice,Bhandara,Tumsar,16.4994,16.0225,16.9759,3790.5,2015,May
2015-05,Rice,Nagpur,Umared,26.78,19.44,33.56,292.5,2015,May
2015-05,Rice,Thane,Vasai,23.0331,15.0824,33.8452,175.0,2015,May
2015-05,Soybean,Amaravathi,Achalpur,37.25,35.5,39.0,60.0,2015,May
2015-05,Soybean,Hingoli,Akhadabalapur,34.5,34.0,35.0,2.6,2015,May
2015-05,Soybean,Ahmadnagar,Akole,34.75,32.5,37.75,20.4,2015,May
2015-05,Soybean,Amaravathi,Amarawati,38.33,37.79,38.96,7.2,2015,May
2015-05,Soybean,Beed,Ambejogai,38.31,36.84,39.08,1297.1,2015,May
2015-05,Soybean,Amaravathi,Anajngaon Surji,36.1,34.33,38.25,200.0,2015,May
2015-05,Soybean,Wardha,Arvi,37.34,34.79,39.68,273.6,2015,May
2015-05,Soybean,Wardha,Ashti-Karanja,35.06,33.44,36.17,30.9,2015,May
2015-05,Soybean,Latur,Ausa,38.8,37.6,39.17,309.0,2015,May
2015-05,Soybean,Yewatmal,Babhulgaon,36.45,34.75,37.95,44.0,2015,May
2015-05,Soybean,Akola,Balapur,36.1,35.6,37.0,83.8,2015,May
2015-05,Soybean,Pune,Baramati,37.48,32.0,37.74,23.3,2015,May
2015-05,Soybean,Solapur,Barshi-Vairag,38.0,38.0,38.0,0.9,2015,May
2015-05,Soybean,Hingoli,Basmat,39.15,39.15,39.15,2.5,2015,May
2015-05,Soybean,Beed,Beed,38.57,37.99,38.99,7.5,2015,May
2015-05,Soybean,Nagpur,Bhiwapur,39.33,38.5,40.17,69.0,2015,May
2015-05,Soybean,Nanded,Bhokar,37.57,36.78,38.2,8.0,2015,May
2015-05,Soybean,Jalna,Bhokardan,36.29,35.83,36.75,42.9,2015,May
2015-05,Soybean,Jalna,Bhokardan-Pimpalgaon Renu,36.0,35.5,36.5,7.1,2015,May
2015-05,Soybean,Buldhana,Buldhana,35.5,34.65,37.25,15.5,2015,May
2015-05,Soybean,Chandrapur,Chandrapur,35.58,35.25,35.83,7.5,2015,May
2015-05,Soybean,Amaravathi,Chandur Bajar,36.98,33.6,38.93,346.7,2015,May
2015-05,Soybean,Chandrapur,Chimur,33.2,32.5,34.4,6.0,2015,May
2015-05,Soybean,Jalgaon,Chopda,36.3,35.95,36.73,3.4,2015,May
2015-05,Soybean,Nasik,Devala,38.35,38.35,38.35,0.1,2015,May
2015-05,Soybean,Dhule,Dhule,37.6,35.2,38.18,43.0,2015,May
2015-05,Soybean,Yewatmal,Digras,26.42,26.42,36.29,46.0,2015,May
2015-05,Soybean,Beed,Gevrai,37.24,36.58,37.78,11.0,2015,May
2015-05,Soybean,Chandrapur,Gondpimpri,36.36,35.22,37.79,419.0,2015,May
2015-05,Soybean,Wardha,Hinganghat,35.13,30.15,40.11,5377.2,2015,May
2015-05,Soybean,Hingoli,Hingoli,35.85,33.5,38.2,82.0,2015,May
2015-05,Soybean,Jalna,Jafrabad,35.67,34.67,36.67,11.1,2015,May
2015-05,Soybean,Buldhana,Jalgaon Jamod,36.0,34.5,37.5,18.0,2015,May
2015-05,Soybean,Buldhana,Jalgaon Jamod-Aasalgaon,36.25,34.88,37.63,192.7,2015,May
2015-05,Soybean,Jalna,Jalna,37.88,35.17,38.51,309.2,2015,May
2015-05,Soybean,Ahmadnagar,Jamkhed,31.25,30.0,32.5,2.7,2015,May
2015-05,Soybean,Parbhani,Jintur,38.17,35.93,38.76,136.4,2015,May
2015-05,Soybean,Parbhani,Jintur-Bori,36.99,35.21,37.63,5.9,2015,May
2015-05,Soybean,Beed,Kada (Ashti),35.0,35.0,35.0,0.1,2015,May
2015-05,Soybean,Osmanabad,Kalamb (Os),38.57,37.77,38.86,238.5,2015,May
2015-05,Soybean,Hingoli,Kalamnuri,33.85,33.85,33.85,61.1,2015,May
2015-05,Soybean,Nagpur,Kalmeshwar,38.8,33.34,39.81,38.0,2015,May
2015-05,Soybean,Nasik,Kalvan,38.18,37.97,38.57,18.9,2015,May
2015-05,Soybean,Wasim,Karanja,37.7,35.73,39.31,3068.5,2015,May
2015-05,Soybean,Nagpur,Katol,36.29,34.12,38.46,830.0,2015,May
2015-05,Soybean,Buldhana,Khamgaon,36.6,34.68,38.52,4342.9,2015,May
2015-05,Soybean,Beed,Kille Dharur,38.39,35.08,38.57,120.2,2015,May
2015-05,Soybean,Ahmadnagar,Kopargaon,37.29,32.13,37.81,37.9,2015,May
2015-05,Soybean,Nasik,Lasalgaon,38.81,27.89,39.56,673.4,2015,May
2015-05,Soybean,Nasik,Lasalgaon-Vinchur,38.18,23.29,39.65,270.8,2015,May
2015-05,Soybean,Aurangabad,Lasur Station,38.14,36.73,38.5,4.9,2015,May
2015-05,Soybean,Latur,Latur,39.36,37.49,40.36,8877.7,2015,May
2015-05,Soybean,Nanded,Loha,40.25,39.61,40.75,1.2,2015,May
2015-05,Soybean,Buldhana,Lonar,40.38,38.95,41.38,3178.5,2015,May
2015-05,Soybean,Beed,Majalgaon,37.12,35.14,38.57,88.1,2015,May
2015-05,Soybean,Wasim,Malegaon (Washim),37.92,36.35,39.35,626.4,2015,May
2015-05,Soybean,Buldhana,Malkapur,36.8,32.09,38.64,770.2,2015,May
2015-05,Soybean,Nagpur,Mandhal,36.76,35.57,38.27,28.5,2015,May
2015-05,Soybean,Wasim,Mangrulpeer,38.44,32.15,40.01,1388.0,2015,May
2015-05,Soybean,Wasim,Manora,38.41,36.41,41.0,358.7,2015,May
2015-05,Soybean,Jalna,Mantha,36.88,35.5,38.13,5.8,2015,May
2015-05,Soybean,Amaravathi,Morshi,36.07,35.44,36.78,92.7,2015,May
2015-05,Soybean,Akola,Murtizapur,36.6,34.86,38.39,950.0,2015,May
2015-05,Soybean,Osmanabad,Murum,39.7,39.7,39.7,0.8,2015,May
2015-05,Soybean,Nagpur,Nagpur,36.47,33.86,39.09,117.7,2015,May
2015-05,Soybean,Nanded,Nanded,39.0,39.0,39.0,9.6,2015,May
2015-05,Soybean,Amaravathi,Nandgaon Khandeshwar,36.19,34.0,38.38,133.2,2015,May
2015-05,Soybean,Buldhana,Nandura,36.29,32.72,38.32,212.2,2015,May
2015-05,Soybean,Nandurbar,Nandurbar,35.96,35.46,35.96,7.9,2015,May
2015-05,Soybean,Yewatmal,Ner Parasopant,38.01,37.01,39.04,273.8,2015,May
2015-05,Soybean,Osmanabad,Osmanabad,35.62,32.9,38.19,48.8,2015,May
2015-05,Soybean,Parbhani,Palam,33.5,33.5,34.13,13.2,2015,May
2015-05,Soybean,Yewatmal,Pandharkawada,34.5,32.0,36.0,3.0,2015,May
2015-05,Soybean,Parbhani,Parbhani,37.67,37.13,38.0,53.0,2015,May
2015-05,Soybean,Beed,Parli-Vaijnath,38.8,36.99,38.98,677.9,2015,May
2015-05,Soybean,Jalna,Partur,37.87,36.07,37.9,3.0,2015,May
2015-05,Soybean,Akola,Patur,36.36,34.61,37.49,43.3,2015,May
2015-05,Soybean,Wardha,Pulgaon,37.92,37.01,38.89,77.7,2015,May
2015-05,Soybean,Yewatmal,Pusad,40.95,39.5,42.1,100.2,2015,May
2015-05,Soybean,Ahmadnagar,Rahata,35.3,35.3,37.1,4.0,2015,May
2015-05,Soybean,Ahmadnagar,Rahuri-Vambori,40.25,40.0,40.52,0.7,2015,May
2015-05,Soybean,Chandrapur,Rajura,37.51,36.29,38.3,151.9,2015,May
2015-05,Soybean,Nagpur,Ramtek,45.34,44.5,46.17,0.9,2015,May
2015-05,Soybean,Wasim,Risod,37.41,36.1,39.16,2000.0,2015,May
2015-05,Soybean,Parbhani,Sailu,38.91,37.58,39.8,19.1,2015,May
2015-05,Soybean,Sangli,Sangali,36.92,34.48,39.36,224.9,2015,May
2015-05,Soybean,Ahmadnagar,Sangamner,40.17,40.0,40.33,4.0,2015,May
2015-05,Soybean,Buldhana,Sangrampur,32.5,29.33,37.42,14.4,2015,May
2015-05,Soybean,Nagpur,Savner,35.04,34.25,35.83,6.0,2015,May
2015-05,Soybean,Buldhana,Shegaon,35.7,32.85,38.39,225.0,2015,May
2015-05,Soybean,Dhule,Shirpur,37.23,34.02,38.05,21.9,2015,May
2015-05,Soybean,Ahmadnagar,Shrirampur,37.8,37.8,37.8,4.2,2015,May
2015-05,Soybean,Wardha,Sindi,35.5,33.38,37.89,29.1,2015,May
2015-05,Soybean,Nasik,Sinner,39.28,38.78,39.75,7.6,2015,May
2015-05,Soybean,Parbhani,Sonpeth,38.5,35.0,39.0,5.0,2015,May
2015-05,Soybean,Akola,Telhara,34.21,34.21,37.67,119.5,2015,May
2015-05,Soybean,Latur,Udgir,39.08,38.83,39.33,173.1,2015,May
2015-05,Soybean,Nagpur,Umared,37.15,34.89,39.41,551.7,2015,May
2015-05,Soybean,Osmanabad,Umarga,37.3,36.01,37.94,14.4,2015,May
2015-05,Soybean,Yewatmal,Umarkhed,34.8,33.6,36.0,220.0,2015,May
2015-05,Soybean,Yewatmal,Umarkhed-Danki,34.6,34.0,36.0,180.0,2015,May
2015-05,Soybean,Chandrapur,Varora,35.97,33.1,38.83,282.0,2015,May
2015-05,Soybean,Amaravathi,Varud-Rajura Bazar,37.13,37.06,37.24,2.1,2015,May
2015-05,Soybean,Wasim,Washim,37.98,36.28,39.64,4892.0,2015,May
2015-05,Soybean,Yewatmal,Yeotmal,36.7,34.42,38.94,1233.8,2015,May
2015-05,Soybean,Yewatmal,Zarijamini,32.6,32.6,32.6,0.1,2015,May
2015-06,Bajra,Ahmadnagar,Ahmednagar,13.82,13.11,14.04,14.1,2015,June
2015-06,Bajra,Latur,Ahmedpur,11.45,11.4,11.51,0.3,2015,June
2015-06,Bajra,Solapur,Akluj,13.3,13.3,13.3,1.2,2015,June
2015-06,Bajra,Ahmadnagar,Akole,15.88,13.88,18.0,1.6,2015,June
2015-06,Bajra,Jalgaon,Amalner,11.82,10.93,11.82,278.5,2015,June
2015-06,Bajra,Amaravathi,Amarawati,16.11,14.69,17.54,5.4,2015,June
2015-06,Bajra,Jalna,Ambad(Vadi Godri),12.35,10.27,14.11,91.0,2015,June
2015-06,Bajra,Beed,Ambejogai,14.8,14.8,14.8,0.3,2015,June
2015-06,Bajra,Akola,Balapur,12.5,12.5,12.5,0.3,2015,June
2015-06,Bajra,Pune,Baramati,15.06,12.89,17.44,74.3,2015,June
2015-06,Bajra,Solapur,Barshi,13.48,13.48,13.48,11.9,2015,June
2015-06,Bajra,Beed,Beed,13.02,12.8,14.61,120.1,2015,June
2015-06,Bajra,Jalgaon,Chopda,11.37,10.78,11.59,184.9,2015,June
2015-06,Bajra,Nasik,Devala,12.96,12.52,13.49,40.5,2015,June
2015-06,Bajra,Dhule,Dhule,11.24,11.24,15.35,1307.2,2015,June
2015-06,Bajra,Dhule,Dondaicha,11.73,9.85,12.03,183.8,2015,June
2015-06,Bajra,Pune,Dound,13.83,13.11,14.92,12.7,2015,June
2015-06,Bajra,Solapur,Dudhani,11.26,11.14,11.47,3.0,2015,June
2015-06,Bajra,Aurangabad,Gangapur,12.8,11.96,13.68,35.5,2015,June
2015-06,Bajra,Beed,Gevrai,11.86,11.41,12.36,259.2,2015,June
2015-06,Bajra,Pune,Indapur,13.2,11.65,14.35,22.1,2015,June
2015-06,Bajra,Pune,Indapur-Bhigwan,13.98,12.32,15.76,30.5,2015,June
2015-06,Bajra,Jalgaon,Jalgaon,11.53,10.38,11.71,193.0,2015,June
2015-06,Bajra,Jalna,Jalna,12.28,10.84,13.22,470.6,2015,June
2015-06,Bajra,Jalna,Jalna-Badnapur,12.61,12.53,12.61,2.0,2015,June
2015-06,Bajra,Ahmadnagar,Jamkhed,13.72,13.0,14.45,26.8,2015,June
2015-06,Bajra,Beed,Kada,13.07,12.5,14.07,53.4,2015,June
2015-06,Bajra,Beed,Kada (Ashti),12.38,11.38,12.78,1.5,2015,June
2015-06,Bajra,Osmanabad,Kalamb (Os),12.47,12.08,12.8,5.1,2015,June
2015-06,Bajra,Nasik,Kalvan,12.4,11.22,13.27,87.5,2015,June
2015-06,Bajra,Thane,Kalyan,16.05,15.3,16.8,1.5,2015,June
2015-06,Bajra,Aurangabad,Kannad,12.55,10.68,12.55,55.1,2015,June
2015-06,Bajra,Beed,Kej,14.27,13.85,15.57,8.9,2015,June
2015-06,Bajra,Buldhana,Khamgaon,10.36,10.19,10.53,33.5,2015,June
2015-06,Bajra,Beed,Kille Dharur,15.36,13.11,16.26,21.1,2015,June
2015-06,Bajra,Ahmadnagar,Kopargaon,13.35,10.37,13.91,61.8,2015,June
2015-06,Bajra,Solapur,Kurdwadi,13.5,13.5,13.5,0.3,2015,June
2015-06,Bajra,Nasik,Lasalgaon,14.4,13.28,15.69,106.1,2015,June
2015-06,Bajra,Nasik,Lasalgaon-Vinchur,12.5,11.56,13.11,33.7,2015,June
2015-06,Bajra,Aurangabad,Lasur Station,12.27,11.37,13.91,411.2,2015,June
2015-06,Bajra,Latur,Latur,12.23,11.65,13.2,16.7,2015,June
2015-06,Bajra,Satara,Lonand,14.88,12.69,16.74,12.6,2015,June
2015-06,Bajra,Beed,Majalgaon,12.62,10.6,14.4,59.1,2015,June
2015-06,Bajra,Nasik,Malegaon,13.03,12.51,15.4,269.2,2015,June
2015-06,Bajra,Buldhana,Malkapur,10.58,10.58,10.58,1.6,2015,June
2015-06,Bajra,Solapur,Mangalwedha,13.31,13.31,13.31,0.4,2015,June
2015-06,Bajra,Nasik,Manmad,13.03,11.91,13.66,48.8,2015,June
2015-06,Bajra,Jalna,Mantha,12.0,12.0,12.5,0.4,2015,June
2015-06,Bajra,Parbhani,Manwat,12.26,12.26,12.26,0.3,2015,June
2015-06,Bajra,Buldhana,Nandura,11.4,11.0,11.54,1.1,2015,June
2015-06,Bajra,Nandurbar,Nandurbar,11.35,10.06,11.97,73.9,2015,June
2015-06,Bajra,Ahmadnagar,Newasa,13.17,13.17,13.17,0.9,2015,June
2015-06,Bajra,Pune,Nira,17.88,15.25,20.51,17.0,2015,June
2015-06,Bajra,Aurangabad,Paithan,12.91,12.54,13.36,42.0,2015,June
2015-06,Bajra,Beed,Parli-Vaijnath,12.88,12.25,12.88,2.0,2015,June
2015-06,Bajra,Jalna,Partur,11.25,10.91,11.64,8.0,2015,June
2015-06,Bajra,Ahmadnagar,Pathardi,13.25,13.25,26.0,41.3,2015,June
2015-06,Bajra,Satara,Phaltan,14.8,12.5,17.49,32.5,2015,June
2015-06,Bajra,Pune,Pune,17.67,16.28,18.87,11.4,2015,June
2015-06,Bajra,Yewatmal,Pusad,14.65,11.0,14.65,0.2,2015,June
2015-06,Bajra,Ahmadnagar,Rahata,12.23,12.05,12.86,19.6,2015,June
2015-06,Bajra,Ahmadnagar,Rahuri-Vambori,14.65,13.93,15.07,19.5,2015,June
2015-06,Bajra,Jalgaon,Raver,24.52,11.45,24.52,5.0,2015,June
2015-06,Bajra,Parbhani,Sailu,12.13,12.13,12.38,1.0,2015,June
2015-06,Bajra,Dhule,Sakri,10.92,10.48,11.3,15.8,2015,June
2015-06,Bajra,Sangli,Sangali,15.71,13.05,18.05,60.0,2015,June
2015-06,Bajra,Ahmadnagar,Sangamner,15.55,13.81,17.14,104.0,2015,June
2015-06,Bajra,Nasik,Satana,13.6,11.62,14.84,54.3,2015,June
2015-06,Bajra,Nandurbar,Shahada,12.15,11.65,12.52,157.2,2015,June
2015-06,Bajra,Buldhana,Shegaon,11.25,11.25,11.25,0.1,2015,June
2015-06,Bajra,Ahmadnagar,Shevgaon,12.88,11.43,13.03,55.2,2015,June
2015-06,Bajra,Ahmadnagar,Shevgaon-Bodhegaon,11.92,11.08,12.27,61.4,2015,June
2015-06,Bajra,Dhule,Shirpur,11.12,9.47,11.42,364.3,2015,June
2015-06,Bajra,Pune,Shirur,14.06,13.81,14.06,2.6,2015,June
2015-06,Bajra,Ahmadnagar,Shrirampur,13.66,13.08,14.3,14.6,2015,June
2015-06,Bajra,Nasik,Sinner,12.75,10.0,13.75,14.6,2015,June
2015-06,Bajra,Parbhani,Sonpeth,11.76,11.76,11.76,0.1,2015,June
2015-06,Bajra,Nandurbar,Taloda,12.45,12.15,12.69,27.8,2015,June
2015-06,Bajra,Osmanabad,Umarga,10.0,10.0,11.0,0.4,2015,June
2015-06,Bajra,Satara,Vaduj,15.0,14.0,15.0,1.0,2015,June
2015-06,Bajra,Aurangabad,Vaijapur,12.86,11.33,13.88,65.4,2015,June
2015-06,Bajra,Nasik,Yeola,12.74,12.55,13.66,16.0,2015,June
2015-06,Cotton,Wardha,Arvi,43.0,40.0,45.14,142.6,2015,June
2015-06,Cotton,Nagpur,Bhiwapur,33.0,18.5,34.0,4.5,2015,June
2015-06,Cotton,Nanded,Bhokar,40.0,39.0,45.36,173.5,2015,June
2015-06,Cotton,Aurangabad,Soygaon,40.0,39.5,40.0,27.6,2015,June
2015-06,Cotton,Akola,Telhara,39.5,39.0,40.0,45.0,2015,June
2015-06,Cotton,Nagpur,Umared,37.0,32.0,39.0,4.1,2015,June
2015-06,Cotton,Amaravathi,Varud,43.5,43.0,45.0,6.8,2015,June
2015-06,Cotton,Yewatmal,Yeotmal,39.25,39.0,39.4,3.0,2015,June
2015-06,Jowar,Yewatmal,Aarni,10.0,9.0,11.0,18.2,2015,June
2015-06,Jowar,Gadchiroli,Aheri,12.0,12.0,12.0,8.2,2015,June
2015-06,Jowar,Ahmadnagar,Ahmednagar,18.05,15.75,19.21,271.2,2015,June
2015-06,Jowar,Latur,Ahmedpur,16.05,15.68,16.95,9.8,2015,June
2015-06,Jowar,Hingoli,Akhadabalapur,14.0,12.67,15.33,13.7,2015,June
2015-06,Jowar,Solapur,Akluj,12.51,11.81,12.51,1.8,2015,June
2015-06,Jowar,Akola,Akola,12.27,11.23,13.16,67.0,2015,June
2015-06,Jowar,Akola,Akot,11.08,10.42,11.57,13.0,2015,June
2015-06,Jowar,Jalgaon,Amalner,14.36,12.38,14.55,333.9,2015,June
2015-06,Jowar,Amaravathi,Amarawati,16.49,15.06,18.33,5.4,2015,June
2015-06,Jowar,Jalna,Ambad(Vadi Godri),14.27,11.72,17.15,282.6,2015,June
2015-06,Jowar,Beed,Ambejogai,25.37,24.76,25.8,16.3,2015,June
2015-06,Jowar,Amaravathi,Anajngaon Surji,13.5,12.57,14.49,29.1,2015,June
2015-06,Jowar,Latur,Ausa,17.98,16.87,19.18,43.0,2015,June
2015-06,Jowar,Akola,Balapur,14.75,11.38,14.75,8.7,2015,June
2015-06,Jowar,Pune,Baramati,17.76,15.46,20.84,291.1,2015,June
2015-06,Jowar,Solapur,Barshi,20.3,14.53,24.71,2127.6,2015,June
2015-06,Jowar,Solapur,Barshi-Vairag,17.23,14.98,20.41,330.0,2015,June
2015-06,Jowar,Beed,Beed,17.11,16.19,18.58,253.8,2015,June
2015-06,Jowar,Nanded,Bhokar,12.0,11.31,16.25,35.5,2015,June
2015-06,Jowar,Jalna,Bhokardan,11.18,10.94,11.38,28.8,2015,June
2015-06,Jowar,Jalna,Bhokardan-Pimpalgaon Renu,11.51,11.25,11.7,3.9,2015,June
2015-06,Jowar,Jalgaon,Bhusaval,11.07,10.83,11.26,11.8,2015,June
2015-06,Jowar,Buldhana,Buldhana,13.5,12.17,15.33,3.6,2015,June
2015-06,Jowar,Amaravathi,Chandur Bajar,13.5,12.0,15.0,6.4,2015,June
2015-06,Jowar,Buldhana,Chikhali,12.07,10.61,12.62,27.3,2015,June
2015-06,Jowar,Jalgaon,Chopda,14.11,12.17,14.37,39.5,2015,June
2015-06,Jowar,Amaravathi,Daryapur,11.36,11.0,11.77,5.1,2015,June
2015-06,Jowar,Nasik,Devala,17.98,15.79,18.17,8.1,2015,June
2015-06,Jowar,Dhule,Dhule,14.54,13.19,15.16,533.1,2015,June
2015-06,Jowar,Yewatmal,Digras,1.81,1.81,15.33,19.3,2015,June
2015-06,Jowar,Dhule,Dondaicha,14.9,13.32,15.54,166.7,2015,June
2015-06,Jowar,Pune,Dound,18.78,17.53,21.58,76.8,2015,June
2015-06,Jowar,Solapur,Dudhani,17.72,13.41,19.29,159.7,2015,June
2015-06,Jowar,Aurangabad,Gangapur,15.11,13.35,16.9,45.8,2015,June
2015-06,Jowar,Beed,Gevrai,14.55,13.53,16.01,373.6,2015,June
2015-06,Jowar,Jalna,Ghansawangi,14.5,13.5,15.5,21.6,2015,June
2015-06,Jowar,Yewatmal,Ghatanji,10.0,9.0,11.0,0.7,2015,June
2015-06,Jowar,Nanded,Hadgaon,13.0,11.0,15.0,14.7,2015,June
2015-06,Jowar,Hingoli,Hingoli,13.56,11.64,15.59,83.3,2015,June
2015-06,Jowar,Pune,Indapur,17.06,12.46,23.39,98.0,2015,June
2015-06,Jowar,Pune,Indapur-Bhigwan,15.75,13.0,22.76,210.8,2015,June
2015-06,Jowar,Jalna,Jafrabad,10.8,10.1,11.3,30.0,2015,June
2015-06,Jowar,Jalgaon,Jalgaon,12.35,11.89,13.13,272.8,2015,June
2015-06,Jowar,Buldhana,Jalgaon Jamod,12.0,12.0,12.0,0.1,2015,June
2015-06,Jowar,Buldhana,Jalgaon Jamod-Aasalgaon,11.25,10.33,12.17,20.4,2015,June
2015-06,Jowar,Jalna,Jalna,16.97,11.22,21.91,2127.2,2015,June
2015-06,Jowar,Jalna,Jalna-Badnapur,12.09,11.54,12.54,3.0,2015,June
2015-06,Jowar,Ahmadnagar,Jamkhed,22.26,16.05,28.48,1773.5,2015,June
2015-06,Jowar,Parbhani,Jintur,12.87,11.09,14.63,76.0,2015,June
2015-06,Jowar,Parbhani,Jintur-Bori,11.83,11.26,12.39,4.2,2015,June
2015-06,Jowar,Beed,Kada,15.85,14.21,18.44,357.4,2015,June
2015-06,Jowar,Beed,Kada (Ashti),16.92,15.41,20.46,50.1,2015,June
2015-06,Jowar,Osmanabad,Kalamb (Os),20.8,18.68,22.06,194.5,2015,June
2015-06,Jowar,Thane,Kalyan,24.38,23.75,25.0,1.2,2015,June
2015-06,Jowar,Aurangabad,Kannad,13.43,11.57,13.43,1.2,2015,June
2015-06,Jowar,Wasim,Karanja,12.63,12.31,13.58,29.5,2015,June
2015-06,Jowar,Solapur,Karmala,21.05,16.16,28.59,687.5,2015,June
2015-06,Jowar,Nagpur,Katol,10.38,10.38,10.38,1.4,2015,June
2015-06,Jowar,Beed,Kej,21.87,20.74,22.83,44.1,2015,June
2015-06,Jowar,Buldhana,Khamgaon,10.64,9.78,11.32,135.4,2015,June
2015-06,Jowar,Beed,Kille Dharur,25.22,22.64,25.85,25.6,2015,June
2015-06,Jowar,Nanded,Kinwat,11.0,9.67,12.33,16.3,2015,June
2015-06,Jowar,Ahmadnagar,Kopargaon,14.15,11.72,15.0,35.4,2015,June
2015-06,Jowar,Satara,Koregaon,17.69,16.63,19.25,4.0,2015,June
2015-06,Jowar,Solapur,Kurdwadi,14.41,10.57,18.21,72.7,2015,June
2015-06,Jowar,Solapur,Kurdwadi-Modnimb,13.2,10.89,19.2,82.3,2015,June
2015-06,Jowar,Nasik,Lasalgaon,17.82,17.82,17.98,2.6,2015,June
2015-06,Jowar,Nasik,Lasalgaon-Vinchur,14.71,14.71,14.71,0.6,2015,June
2015-06,Jowar,Aurangabad,Lasur Station,16.35,11.57,19.91,308.1,2015,June
2015-06,Jowar,Latur,Latur,23.55,21.79,25.07,248.8,2015,June
2015-06,Jowar,Latur,Latur-Murud,12.1,11.01,12.36,4.3,2015,June
2015-06,Jowar,Nanded,Loha,12.12,11.57,13.87,5.4,2015,June
2015-06,Jowar,Satara,Lonand,17.13,15.63,19.38,24.1,2015,June
2015-06,Jowar,Buldhana,Lonar,11.75,10.61,12.28,178.1,2015,June
2015-06,Jowar,Beed,Majalgaon,17.06,10.06,23.08,88.0,2015,June
2015-06,Jowar,Nasik,Malegaon,16.34,16.04,18.09,10.4,2015,June
2015-06,Jowar,Wasim,Malegaon (Washim),15.25,14.5,16.25,8.1,2015,June
2015-06,Jowar,Buldhana,Malkapur,11.88,10.83,12.36,351.9,2015,June
2015-06,Jowar,Solapur,Mangalwedha,17.54,11.63,18.9,74.4,2015,June
2015-06,Jowar,Wasim,Mangrulpeer,11.86,11.1,11.94,8.8,2015,June
2015-06,Jowar,Jalna,Mantha,15.26,11.43,16.19,21.0,2015,June
2015-06,Jowar,Parbhani,Manwat,12.58,10.91,14.2,6.2,2015,June
2015-06,Jowar,Buldhana,Mehkar,11.0,9.86,11.63,3.8,2015,June
2015-06,Jowar,Solapur,Mohol,17.81,15.81,19.3,39.4,2015,June
2015-06,Jowar,Amaravathi,Morshi,12.71,12.38,13.16,61.0,2015,June
2015-06,Jowar,Nagpur,Nagpur,17.5,15.0,20.0,8.8,2015,June
2015-06,Jowar,Nanded,Naigaon,10.5,10.0,11.0,0.7,2015,June
2015-06,Jowar,Nanded,Nanded,11.45,11.09,11.88,254.0,2015,June
2015-06,Jowar,Buldhana,Nandura,11.22,10.11,11.78,116.1,2015,June
2015-06,Jowar,Nandurbar,Nandurbar,14.83,13.32,15.97,134.9,2015,June
2015-06,Jowar,Ahmadnagar,Newasa,15.5,15.5,15.5,0.6,2015,June
2015-06,Jowar,Pune,Nira,20.2,16.0,24.66,64.5,2015,June
2015-06,Jowar,Osmanabad,Osmanabad,15.56,11.46,19.32,63.1,2015,June
2015-06,Jowar,Jalgaon,Pachora,11.2,11.2,12.5,80.0,2015,June
2015-06,Jowar,Aurangabad,Paithan,15.93,15.58,16.6,51.2,2015,June
2015-06,Jowar,Parbhani,Palam,16.67,16.67,17.34,5.8,2015,June
2015-06,Jowar,Solapur,Pandharpur,16.19,16.19,18.02,38.0,2015,June
2015-06,Jowar,Osmanabad,Paranda,17.5,12.5,20.5,16.0,2015,June
2015-06,Jowar,Parbhani,Parbhani,15.24,14.74,16.04,7.9,2015,June
2015-06,Jowar,Beed,Parli-Vaijnath,14.22,13.63,15.13,42.0,2015,June
2015-06,Jowar,Jalna,Partur,14.04,12.32,15.54,56.7,2015,June
2015-06,Jowar,Ahmadnagar,Pathardi,16.53,15.09,17.48,37.0,2015,June
2015-06,Jowar,Parbhani,Pathari,9.13,9.13,18.4,1.5,2015,June
2015-06,Jowar,Akola,Patur,14.44,12.33,15.67,2.1,2015,June
2015-06,Jowar,Satara,Phaltan,18.2,14.92,25.28,180.2,2015,June
2015-06,Jowar,Pune,Pune,25.27,23.27,26.96,622.9,2015,June
2015-06,Jowar,Parbhani,Purna,11.46,11.44,14.65,13.5,2015,June
2015-06,Jowar,Yewatmal,Pusad,12.41,11.01,13.46,14.2,2015,June
2015-06,Jowar,Ahmadnagar,Rahata,11.48,11.05,12.53,42.5,2015,June
2015-06,Jowar,Ahmadnagar,Rahuri-Vambori,12.64,11.6,13.68,77.3,2015,June
2015-06,Jowar,Jalgaon,Raver,12.41,11.33,13.14,13.4,2015,June
2015-06,Jowar,Parbhani,Sailu,13.5,10.83,16.47,36.7,2015,June
2015-06,Jowar,Dhule,Sakri,11.26,10.94,11.51,1.5,2015,June
2015-06,Jowar,Sangli,Sangali,21.68,15.84,26.77,696.1,2015,June
2015-06,Jowar,Ahmadnagar,Sangamner,18.58,17.4,19.55,29.0,2015,June
2015-06,Jowar,Buldhana,Sangrampur,10.79,9.27,11.56,29.1,2015,June
2015-06,Jowar,Nasik,Satana,16.75,15.8,18.91,0.6,2015,June
2015-06,Jowar,Nagpur,Savner,9.32,9.01,9.69,3.2,2015,June
2015-06,Jowar,Nandurbar,Shahada,14.62,14.62,17.79,20.0,2015,June
2015-06,Jowar,Buldhana,Shegaon,11.01,10.02,11.98,85.2,2015,June
2015-06,Jowar,Ahmadnagar,Shevgaon,15.11,12.53,15.4,198.6,2015,June
2015-06,Jowar,Ahmadnagar,Shevgaon-Bodhegaon,14.4,13.36,14.7,292.6,2015,June
2015-06,Jowar,Dhule,Shirpur,14.5,12.45,17.5,276.8,2015,June
2015-06,Jowar,Pune,Shirur,13.97,13.08,14.79,26.7,2015,June
2015-06,Jowar,Ahmadnagar,Shrirampur,16.27,14.05,17.31,64.8,2015,June
2015-06,Jowar,Nasik,Sinner,14.0,12.4,15.0,0.6,2015,June
2015-06,Jowar,Solapur,Solapur,17.13,15.37,19.41,109.5,2015,June
2015-06,Jowar,Parbhani,Sonpeth,16.78,15.12,21.89,7.8,2015,June
2015-06,Jowar,Nandurbar,Taloda,14.65,14.25,15.01,3.5,2015,June
2015-06,Jowar,Akola,Telhara,10.36,10.17,10.58,59.5,2015,June
2015-06,Jowar,Osmanabad,Tuljapur,11.2,10.69,11.28,9.9,2015,June
2015-06,Jowar,Latur,Udgir,10.36,9.16,10.81,13.8,2015,June
2015-06,Jowar,Nagpur,Umared,15.89,14.0,17.36,2.7,2015,June
2015-06,Jowar,Osmanabad,Umarga,14.57,13.69,15.2,13.7,2015,June
2015-06,Jowar,Yewatmal,Umarkhed,14.5,14.0,15.0,30.0,2015,June
2015-06,Jowar,Yewatmal,Umarkhed-Danki,14.5,14.0,15.0,40.0,2015,June
2015-06,Jowar,Satara,Vaduj,22.13,20.13,22.13,294.0,2015,June
2015-06,Jowar,Aurangabad,Vaijapur,14.0,12.92,14.9,20.7,2015,June
2015-06,Jowar,Amaravathi,Varud-Rajura Bazar,11.06,11.06,11.06,0.6,2015,June
2015-06,Jowar,Wasim,Washim,12.7,12.31,13.29,27.9,2015,June
2015-06,Jowar,Yewatmal,Yeotmal,14.88,14.82,14.89,18.4,2015,June
2015-06,Onion,Ahmadnagar,Ahmednagar,14.14,3.67,24.61,16304.6,2015,June
2015-06,Onion,Solapur,Akluj,19.34,12.47,20.8,74.2,2015,June
2015-06,Onion,Ahmadnagar,Akole,16.51,2.94,23.74,3555.6,2015,June
2015-06,Onion,Aurangabad,Aurangabad,12.86,7.45,17.88,377.5,2015,June
2015-06,Onion,Pune,Baramati,18.33,6.33,22.64,171.2,2015,June
2015-06,Onion,Solapur,Barshi,14.0,9.48,20.24,44.9,2015,June
2015-06,Onion,Thane,Bhivandi,17.2,15.98,18.42,24.3,2015,June
2015-06,Onion,Chandrapur,Chandrapur,15.33,12.33,18.33,144.6,2015,June
2015-06,Onion,Chandrapur,Chandrapur-Ganjwad,15.75,13.38,18.06,833.1,2015,June
2015-06,Onion,Nasik,Chandvad,14.28,4.1,18.49,8981.6,2015,June
2015-06,Onion,Nasik,Devala,15.11,6.24,18.74,10646.5,2015,June
2015-06,Onion,Dhule,Dhule,13.37,4.21,16.7,6757.0,2015,June
2015-06,Onion,Nasik,Dindori,15.11,11.0,18.49,1104.5,2015,June
2015-06,Onion,Nasik,Dindori-Vani,15.53,10.95,27.89,10297.5,2015,June
2015-06,Onion,Aurangabad,Gangapur,10.35,4.83,19.89,715.5,2015,June
2015-06,Onion,Pune,Indapur,12.87,5.17,16.96,22.0,2015,June
2015-06,Onion,Jalgaon,Jalgaon,15.26,8.7,19.23,780.8,2015,June
2015-06,Onion,Ahmadnagar,Jamkhed,12.47,2.28,22.67,127.1,2015,June
2015-06,Onion,Pune,Junnar,17.67,11.5,21.83,3615.2,2015,June
2015-06,Onion,Beed,Kada,14.75,1.25,22.25,321.5,2015,June
2015-06,Onion,Nasik,Kalvan,16.47,4.8,21.31,9400.0,2015,June
2015-06,Onion,Thane,Kalyan,19.29,15.71,22.71,7.2,2015,June
2015-06,Onion,Nagpur,Kamthi,17.84,6.32,28.42,16.7,2015,June
2015-06,Onion,Aurangabad,Kannad,11.75,3.63,11.75,276.4,2015,June
2015-06,Onion,Satara,Karad,19.14,11.14,19.71,95.4,2015,June
2015-06,Onion,Kolhapur,Kolhapur,15.1,5.6,21.71,10458.3,2015,June
2015-06,Onion,Ahmadnagar,Kopargaon,17.23,4.72,22.03,4600.1,2015,June
2015-06,Onion,Satara,Koregaon,16.75,15.0,18.5,55.9,2015,June
2015-06,Onion,Solapur,Kurdwadi,12.7,5.96,19.43,15.7,2015,June
2015-06,Onion,Nasik,Lasalgaon,15.58,7.09,19.8,24800.5,2015,June
2015-06,Onion,Nasik,Lasalgaon-Niphad,14.3,6.73,18.52,4447.2,2015,June
2015-06,Onion,Aurangabad,Lasur Station,14.44,2.0,22.0,2022.6,2015,June
2015-06,Onion,Satara,Lonand,17.63,8.5,20.93,136.8,2015,June
2015-06,Onion,Nasik,Malegaon,14.87,5.09,17.98,8096.5,2015,June
2015-06,Onion,Buldhana,Malkapur,15.48,8.63,18.98,609.1,2015,June
2015-06,Onion,Pune,Manchar,18.5,17.0,23.0,247.2,2015,June
2015-06,Onion,Nasik,Manmad,14.15,6.0,18.87,9425.5,2015,June
2015-06,Onion,Mumbai,Mumbai,20.58,19.06,21.83,24999.7,2015,June
2015-06,Onion,Nagpur,Nagpur,14.86,9.65,18.48,10875.3,2015,June
2015-06,Onion,Ahmadnagar,Newasa-Ghodegaon,12.23,3.15,22.15,31988.9,2015,June
2015-06,Onion,Osmanabad,Osmanabad,16.03,10.19,21.89,13.3,2015,June
2015-06,Onion,Thane,Palghar(Bevur),15.58,15.17,15.81,115.5,2015,June
2015-06,Onion,Solapur,Pandharpur,16.81,4.74,23.03,220.9,2015,June
2015-06,Onion,Ahmadnagar,Parner,15.66,6.75,22.41,2203.7,2015,June
2015-06,Onion,Ahmadnagar,Pathardi,11.77,3.11,20.73,373.0,2015,June
2015-06,Onion,Satara,Phaltan,16.4,4.6,23.05,1108.6,2015,June
2015-06,Onion,Nasik,Pimpalgaon (B)-Saykheda,12.05,5.71,18.68,11434.0,2015,June
2015-06,Onion,Nasik,Pimpalgaon Basawant,12.77,6.85,20.93,38891.8,2015,June
2015-06,Onion,Pune,Pune,16.54,8.54,21.54,24576.0,2015,June
2015-06,Onion,Pune,Pune-Manjri,3.5,3.0,15.63,1.0,2015,June
2015-06,Onion,Pune,Pune-Pimpri,17.05,14.9,19.14,21.5,2015,June
2015-06,Onion,Ahmadnagar,Rahata,17.0,5.36,25.15,12338.0,2015,June
2015-06,Onion,Ahmadnagar,Rahuri,12.13,2.06,22.83,13203.5,2015,June
2015-06,Onion,Ahmadnagar,Rahuri-Vambori,14.0,2.92,22.38,9043.5,2015,June
2015-06,Onion,Nagpur,Ramtek,1.41,1.25,1.5,10.2,2015,June
2015-06,Onion,Ahmadnagar,Sangamner,14.53,5.0,23.97,10298.8,2015,June
2015-06,Onion,Nasik,Satana,14.79,8.3,20.73,11815.4,2015,June
2015-06,Onion,Satara,Satara,21.56,19.5,23.63,345.3,2015,June
2015-06,Onion,Dhule,Shirpur,13.91,4.29,15.95,347.5,2015,June
2015-06,Onion,Ahmadnagar,Shrirampur,15.77,3.09,22.23,12285.2,2015,June
2015-06,Onion,Nasik,Sinner,14.48,2.53,20.62,16673.3,2015,June
2015-06,Onion,Solapur,Solapur,13.19,2.35,23.96,20643.5,2015,June
2015-06,Onion,Aurangabad,Vaijapur,16.08,5.0,24.25,3819.1,2015,June
2015-06,Onion,Thane,Vasai,16.08,12.0,20.93,115.4,2015,June
2015-06,Onion,Nasik,Yeola,14.89,5.01,18.85,15152.6,2015,June
2015-06,Rice,Gondiya,Aamgaon,13.39,13.39,13.69,931.2,2015,June
2015-06,Rice,Gadchiroli,Aheri,13.7109,13.7109,13.7109,450.2,2015,June
2015-06,Rice,Ahmadnagar,Akole,16.92,14.67,20.67,6.2,2015,June
2015-06,Rice,Raigad,Alibag,27.3977,25.6742,29.2237,116.9,2015,June
2015-06,Rice,Gondiya,Arjuni Morgaon,14.45,14.31,14.54,1390.8,2015,June
2015-06,Rice,Gadchiroli,Armori,14.67,14.25,14.91,490.9,2015,June
2015-06,Rice,Gadchiroli,Armori-Desaiganj,15.36,14.4,15.92,5993.1,2015,June
2015-06,Rice,Latur,Ausa,8.51,6.01,9.0,0.8,2015,June
2015-06,Rice,Solapur,Barshi,15.01,14.33,15.44,10.4,2015,June
2015-06,Rice,Thane,Bhivandi,16.0,15.0,17.0,28.7,2015,June
2015-06,Rice,Nagpur,Bhiwapur,17.88,17.54,18.15,210.0,2015,June
2015-06,Rice,Nanded,Bhokar,17.0,17.0,17.0,0.1,2015,June
2015-06,Rice,Gadchiroli,Chamorshi,18.44,17.97,18.93,1457.3,2015,June
2015-06,Rice,Chandrapur,Chimur,19.0,18.0,20.0,548.7,2015,June
2015-06,Rice,Nasik,Devala,15.0,15.0,15.0,0.1,2015,June
2015-06,Rice,Gadchiroli,Gadchiroli,16.29,15.74,16.55,434.4,2015,June
2015-06,Rice,Gondiya,Gondiya,13.48,12.94,13.96,4399.3,2015,June
2015-06,Rice,Chandrapur,Gondpimpri,17.42,16.92,17.92,126.3,2015,June
2015-06,Rice,Pune,Indapur,11.76,11.76,11.76,0.2,2015,June
2015-06,Rice,Pune,Indapur-Bhigwan,14.33,14.13,14.61,4.4,2015,June
2015-06,Rice,Thane,Kalyan,36.05,26.8,45.3,3.0,2015,June
2015-06,Rice,Raigad,Karjat (Raigad),20.2838,15.9921,26.025,592.0,2015,June
2015-06,Rice,Bhandara,Lakhani,16.57,16.54,16.58,35.0,2015,June
2015-06,Rice,Nasik,Lasalgaon,27.0,17.07,27.0,0.3,2015,June
2015-06,Rice,Raigad,Mangaon(Bhadav),20.3292,15.6354,24.7914,13.9,2015,June
2015-06,Rice,Chandrapur,Mul,19.33,18.03,20.05,3962.7,2015,June
2015-06,Rice,Mumbai,Mumbai,55.4,39.32,71.78,39668.9,2015,June
2015-06,Rice,Thane,Murbad,17.18,17.18,19.09,64.6,2015,June
2015-06,Rice,Chandrapur,Nagbhid,17.8,15.93,18.48,1808.0,2015,June
2015-06,Rice,Nagpur,Nagpur,27.6777,25.8608,28.9949,179.9,2015,June
2015-06,Rice,Nandurbar,Nandurbar,35.0,35.0,35.0,0.6,2015,June
2015-06,Rice,Pune,Nira,25.25,20.5,30.0,3.0,2015,June
2015-06,Rice,Thane,Palghar(Bevur),25.75,22.91,29.76,1110.9,2015,June
2015-06,Rice,Bhandara,Pavani,16.95,16.42,17.31,47.0,2015,June
2015-06,Rice,Raigad,Pen,22.6667,20.8,30.12,18.0,2015,June
2015-06,Rice,Pune,Pune,49.28,44.11,53.49,1564.3,2015,June
2015-06,Rice,Raigad,Roha,13.6,13.2,14.0,9.2,2015,June
2015-06,Rice,Thane,Shahapur,15.23,14.37,15.83,10.5,2015,June
2015-06,Rice,Chandrapur,Sindevahi,16.54,16.35,17.44,455.4,2015,June
2015-06,Rice,Solapur,Solapur,35.06,21.07,54.63,1664.9,2015,June
2015-06,Rice,Gondiya,Tiroda,14.11,13.71,14.54,2870.8,2015,June
2015-06,Rice,Bhandara,Tumsar,15.34,14.8536,15.8364,2632.9,2015,June
2015-06,Rice,Nagpur,Umared,26.94,20.0,32.38,243.8,2015,June
2015-06,Rice,Thane,Vasai,24.5982,16.673,36.8214,537.1,2015,June
2015-06,Soybean,Yewatmal,Aarni,36.5,35.0,38.0,57.5,2015,June
2015-06,Soybean,Amaravathi,Achalpur,34.25,33.4,35.1,89.6,2015,June
2015-06,Soybean,Gadchiroli,Aheri,30.5,30.5,30.5,45.6,2015,June
2015-06,Soybean,Latur,Ahmedpur,34.12,33.85,34.49,35.4,2015,June
2015-06,Soybean,Hingoli,Akhadabalapur,33.75,32.7,34.8,40.7,2015,June
2015-06,Soybean,Akola,Akola,33.76,32.33,35.11,1494.9,2015,June
2015-06,Soybean,Ahmadnagar,Akole,32.5,30.0,34.0,21.5,2015,June
2015-06,Soybean,Akola,Akot,34.13,33.23,34.88,331.0,2015,June
2015-06,Soybean,Amaravathi,Amarawati,35.9,35.51,36.28,5.4,2015,June
2015-06,Soybean,Beed,Ambejogai,35.54,34.68,36.14,836.9,2015,June
2015-06,Soybean,Amaravathi,Anajngaon Surji,33.57,32.56,34.5,314.7,2015,June
2015-06,Soybean,Wardha,Arvi,32.2,29.5,35.4,168.8,2015,June
2015-06,Soybean,Wardha,Ashti-Karanja,35.5,33.0,36.1,53.5,2015,June
2015-06,Soybean,Latur,Ausa,35.74,34.7,36.08,294.8,2015,June
2015-06,Soybean,Yewatmal,Babhulgaon,32.99,29.92,35.71,172.0,2015,June
2015-06,Soybean,Akola,Balapur,34.88,30.88,34.88,69.0,2015,June
2015-06,Soybean,Pune,Baramati,34.47,31.98,35.09,16.5,2015,June
2015-06,Soybean,Hingoli,Basmat,35.18,35.18,35.18,4.8,2015,June
2015-06,Soybean,Beed,Beed,34.23,34.23,34.23,6.0,2015,June
2015-06,Soybean,Nagpur,Bhiwapur,36.38,35.33,36.77,33.0,2015,June
2015-06,Soybean,Nanded,Bhokar,35.44,35.29,35.64,19.0,2015,June
2015-06,Soybean,Jalna,Bhokardan,34.41,33.77,34.95,16.4,2015,June
2015-06,Soybean,Jalna,Bhokardan-Pimpalgaon Renu,34.25,33.75,34.75,3.7,2015,June
2015-06,Soybean,Buldhana,Buldhana,33.59,32.7,34.49,52.5,2015,June
2015-06,Soybean,Chandrapur,Chandrapur,32.74,31.42,33.81,91.5,2015,June
2015-06,Soybean,Amaravathi,Chandur Bajar,33.58,31.5,35.38,277.6,2015,June
2015-06,Soybean,Amaravathi,Chandur Rly.,34.81,33.29,35.95,97.5,2015,June
2015-06,Soybean,Buldhana,Chikhali,34.25,32.26,34.81,319.2,2015,June
2015-06,Soybean,Jalgaon,Chopda,32.78,32.77,32.78,3.2,2015,June
2015-06,Soybean,Amaravathi,Daryapur,34.73,31.83,36.43,391.1,2015,June
2015-06,Soybean,Amaravathi,Dhamangaon-Rly,33.5,32.0,35.2,50.0,2015,June
2015-06,Soybean,Dhule,Dhule,32.4,31.42,32.4,5.9,2015,June
2015-06,Soybean,Yewatmal,Digras,30.74,30.74,31.34,87.1,2015,June
2015-06,Soybean,Dhule,Dondaicha,37.01,37.01,37.01,0.1,2015,June
2015-06,Soybean,Beed,Gevrai,33.81,32.67,34.1,6.4,2015,June
2015-06,Soybean,Jalna,Ghansawangi,45.5,43.0,47.0,6.6,2015,June
2015-06,Soybean,Yewatmal,Ghatanji,34.6,34.0,35.4,7.8,2015,June
2015-06,Soybean,Chandrapur,Gondpimpri,35.0,34.0,36.0,16.0,2015,June
2015-06,Soybean,Nanded,Hadgaon,33.6,32.0,35.2,21.2,2015,June
2015-06,Soybean,Wardha,Hinganghat,33.38,30.16,36.09,3568.9,2015,June
2015-06,Soybean,Hingoli,Hingoli,34.42,33.08,35.6,1324.7,2015,June
2015-06,Soybean,Pune,Indapur,30.0,30.0,30.0,0.2,2015,June
2015-06,Soybean,Pune,Indapur-Bhigwan,24.0,24.0,24.0,0.1,2015,June
2015-06,Soybean,Jalna,Jafrabad,35.75,35.0,36.5,4.7,2015,June
2015-06,Soybean,Buldhana,Jalgaon Jamod,32.5,32.0,33.0,0.7,2015,June
2015-06,Soybean,Buldhana,Jalgaon Jamod-Aasalgaon,34.0,32.31,35.69,147.8,2015,June
2015-06,Soybean,Jalna,Jalna,35.36,32.68,36.08,603.7,2015,June
2015-06,Soybean,Ahmadnagar,Jamkhed,31.73,30.0,33.45,3.7,2015,June
2015-06,Soybean,Hingoli,Jawala-Bajar,35.8,33.5,36.6,23.1,2015,June
2015-06,Soybean,Parbhani,Jintur,35.44,34.33,36.05,144.6,2015,June
2015-06,Soybean,Parbhani,Jintur-Bori,33.39,31.94,33.95,10.0,2015,June
2015-06,Soybean,Beed,Kada,33.76,32.76,33.76,2.3,2015,June
2015-06,Soybean,Osmanabad,Kalamb (Os),35.99,35.39,36.17,315.8,2015,June
2015-06,Soybean,Nagpur,Kalmeshwar,35.41,32.65,36.0,35.0,2015,June
2015-06,Soybean,Nasik,Kalvan,35.64,35.31,36.21,9.6,2015,June
2015-06,Soybean,Wasim,Karanja,34.56,32.56,35.97,3087.5,2015,June
2015-06,Soybean,Nagpur,Katol,34.15,32.04,35.85,874.5,2015,June
2015-06,Soybean,Buldhana,Khamgaon,33.58,31.97,34.96,3458.2,2015,June
2015-06,Soybean,Beed,Kille Dharur,34.87,32.65,35.41,96.9,2015,June
2015-06,Soybean,Nanded,Kinwat,35.0,34.0,36.0,3.0,2015,June
2015-06,Soybean,Ahmadnagar,Kopargaon,33.95,31.86,34.57,42.6,2015,June
2015-06,Soybean,Nasik,Lasalgaon,35.74,24.78,36.51,425.8,2015,June
2015-06,Soybean,Nasik,Lasalgaon-Niphad,34.66,33.61,35.16,2.1,2015,June
2015-06,Soybean,Nasik,Lasalgaon-Vinchur,35.24,21.98,36.45,142.9,2015,June
2015-06,Soybean,Aurangabad,Lasur Station,34.47,34.04,34.75,12.4,2015,June
2015-06,Soybean,Latur,Latur,35.88,33.82,36.79,7720.2,2015,June
2015-06,Soybean,Latur,Latur-Murud,32.0,30.0,35.51,3.6,2015,June
2015-06,Soybean,Buldhana,Lonar,33.87,33.87,35.9,4447.0,2015,June
2015-06,Soybean,Beed,Majalgaon,34.4,32.78,35.22,93.6,2015,June
2015-06,Soybean,Nasik,Malegaon,34.96,34.78,35.76,2.0,2015,June
2015-06,Soybean,Wasim,Malegaon (Washim),34.45,33.32,35.27,778.2,2015,June
2015-06,Soybean,Buldhana,Malkapur,33.98,30.02,36.21,763.8,2015,June
2015-06,Soybean,Nagpur,Mandhal,34.59,33.67,35.65,37.8,2015,June
2015-06,Soybean,Wasim,Mangrulpeer,34.99,29.95,36.65,1029.6,2015,June
2015-06,Soybean,Wasim,Manora,34.84,33.5,35.84,267.3,2015,June
2015-06,Soybean,Jalna,Mantha,33.88,32.29,34.67,12.0,2015,June
2015-06,Soybean,Parbhani,Manwat,33.37,32.97,33.49,14.3,2015,June
2015-06,Soybean,Buldhana,Mehkar,38.0,36.25,39.41,132.5,2015,June
2015-06,Soybean,Amaravathi,Morshi,33.33,32.88,33.88,76.7,2015,June
2015-06,Soybean,Akola,Murtizapur,34.41,33.28,35.68,955.0,2015,June
2015-06,Soybean,Nagpur,Nagpur,34.44,32.11,36.28,102.8,2015,June
2015-06,Soybean,Amaravathi,Nandgaon Khandeshwar,33.67,31.86,35.48,300.3,2015,June
2015-06,Soybean,Buldhana,Nandura,34.59,32.09,35.77,357.4,2015,June
2015-06,Soybean,Nandurbar,Nandurbar,33.2,33.0,33.2,12.9,2015,June
2015-06,Soybean,Yewatmal,Ner Parasopant,34.4,33.31,35.46,239.6,2015,June
2015-06,Soybean,Osmanabad,Osmanabad,32.63,31.0,35.0,6.2,2015,June
2015-06,Soybean,Parbhani,Palam,32.9,32.9,33.49,35.3,2015,June
2015-06,Soybean,Yewatmal,Pandharkawada,33.55,32.75,34.5,6.6,2015,June
2015-06,Soybean,Parbhani,Parbhani,34.54,33.9,34.88,76.0,2015,June
2015-06,Soybean,Beed,Parli-Vaijnath,35.59,34.41,35.72,387.1,2015,June
2015-06,Soybean,Jalna,Partur,34.96,34.11,35.43,5.3,2015,June
2015-06,Soybean,Parbhani,Pathari,32.93,31.3,33.4,11.6,2015,June
2015-06,Soybean,Akola,Patur,34.48,31.92,35.42,32.2,2015,June
2015-06,Soybean,Wardha,Pulgaon,35.58,34.7,36.01,36.5,2015,June
2015-06,Soybean,Parbhani,Purna,34.91,34.55,35.11,13.0,2015,June
2015-06,Soybean,Yewatmal,Pusad,33.75,30.95,35.65,34.0,2015,June
2015-06,Soybean,Ahmadnagar,Rahata,33.38,33.38,33.5,2.3,2015,June
2015-06,Soybean,Ahmadnagar,Rahuri-Vambori,35.22,35.0,35.43,25.8,2015,June
2015-06,Soybean,Chandrapur,Rajura,36.18,33.95,37.01,57.0,2015,June
2015-06,Soybean,Nagpur,Ramtek,31.04,31.04,31.04,1.4,2015,June
2015-06,Soybean,Wasim,Risod,34.69,32.96,36.17,2581.0,2015,June
2015-06,Soybean,Parbhani,Sailu,34.86,33.07,35.59,61.7,2015,June
2015-06,Soybean,Dhule,Sakri,34.28,34.03,34.56,0.4,2015,June
2015-06,Soybean,Sangli,Sangali,37.05,33.75,40.3,175.8,2015,June
2015-06,Soybean,Ahmadnagar,Sangamner,38.72,38.3,39.3,9.6,2015,June
2015-06,Soybean,Buldhana,Sangrampur,31.5,25.23,33.88,25.7,2015,June
2015-06,Soybean,Nasik,Satana,34.8,32.27,35.86,1.6,2015,June
2015-06,Soybean,Nagpur,Savner,31.29,29.75,32.32,43.4,2015,June
2015-06,Soybean,Buldhana,Shegaon,32.93,30.63,35.21,260.1,2015,June
2015-06,Soybean,Dhule,Shirpur,34.6,34.17,34.75,6.2,2015,June
2015-06,Soybean,Ahmadnagar,Shrirampur,33.98,33.7,34.25,3.8,2015,June
2015-06,Soybean,Wardha,Sindi,32.9,29.2,35.7,39.6,2015,June
2015-06,Soybean,Parbhani,Sonpeth,35.44,34.31,35.99,22.5,2015,June
2015-06,Soybean,Sangli,Tasgaon,37.0,36.0,38.0,10.0,2015,June
2015-06,Soybean,Akola,Telhara,33.19,32.23,34.22,135.5,2015,June
2015-06,Soybean,Osmanabad,Tuljapur,34.75,34.75,34.75,4.5,2015,June
2015-06,Soybean,Latur,Udgir,36.42,36.0,36.5,78.0,2015,June
2015-06,Soybean,Nagpur,Umared,34.56,32.6,36.12,447.2,2015,June
2015-06,Soybean,Osmanabad,Umarga,34.78,33.31,35.51,17.7,2015,June
2015-06,Soybean,Yewatmal,Umarkhed,32.55,31.0,34.2,250.0,2015,June
2015-06,Soybean,Yewatmal,Umarkhed-Danki,33.83,32.33,36.17,180.0,2015,June
2015-06,Soybean,Aurangabad,Vaijapur,33.71,33.46,33.89,2.8,2015,June
2015-06,Soybean,Chandrapur,Varora,32.02,29.43,34.87,326.1,2015,June
2015-06,Soybean,Amaravathi,Varud-Rajura Bazar,35.4,34.41,36.81,7.3,2015,June
2015-06,Soybean,Wasim,Washim,34.23,32.96,35.72,5204.9,2015,June
2015-06,Soybean,Yewatmal,Yeotmal,34.96,33.35,36.22,1189.8,2015,June
2015-07,Bajra,Ahmadnagar,Ahmednagar,15.78,15.03,15.78,21.3,2015,July
2015-07,Bajra,Solapur,Akluj,13.83,13.83,13.83,0.9,2015,July
2015-07,Bajra,Akola,Akola,12.75,12.75,12.75,1.2,2015,July
2015-07,Bajra,Ahmadnagar,Akole,14.88,13.0,18.0,2.7,2015,July
2015-07,Bajra,Jalgaon,Amalner,12.57,12.14,12.61,67.2,2015,July
2015-07,Bajra,Amaravathi,Amarawati,14.01,12.94,15.5,2.4,2015,July
2015-07,Bajra,Jalna,Ambad(Vadi Godri),13.07,11.06,14.81,31.4,2015,July
2015-07,Bajra,Pune,Baramati,15.8,14.44,18.01,17.1,2015,July
2015-07,Bajra,Solapur,Barshi,13.29,13.29,13.63,2.0,2015,July
2015-07,Bajra,Solapur,Barshi-Vairag,12.52,12.52,12.52,0.1,2015,July
2015-07,Bajra,Beed,Beed,14.2,13.56,14.73,54.0,2015,July
2015-07,Bajra,Jalgaon,Bhusaval,11.5,11.5,11.5,0.5,2015,July
2015-07,Bajra,Jalgaon,Chalisgaon,12.48,10.9,12.98,244.6,2015,July
2015-07,Bajra,Jalgaon,Chopda,12.39,12.05,12.5,82.8,2015,July
2015-07,Bajra,Nasik,Devala,13.72,13.07,14.16,18.9,2015,July
2015-07,Bajra,Dhule,Dhule,12.7,12.35,13.24,768.8,2015,July
2015-07,Bajra,Dhule,Dondaicha,12.53,11.31,12.89,64.5,2015,July
2015-07,Bajra,Pune,Dound,15.79,14.99,17.31,19.7,2015,July
2015-07,Bajra,Aurangabad,Gangapur,13.23,12.74,13.83,13.9,2015,July
2015-07,Bajra,Beed,Gevrai,13.24,12.47,13.79,59.5,2015,July
2015-07,Bajra,Pune,Indapur,13.59,12.68,14.51,11.4,2015,July
2015-07,Bajra,Jalgaon,Jalgaon,12.86,12.62,12.89,142.4,2015,July
2015-07,Bajra,Jalna,Jalna,13.5,11.84,14.9,272.0,2015,July
2015-07,Bajra,Jalna,Jalna-Badnapur,12.5,12.5,12.5,0.6,2015,July
2015-07,Bajra,Ahmadnagar,Jamkhed,14.31,13.59,15.03,9.8,2015,July
2015-07,Bajra,Beed,Kada,14.05,12.95,14.63,22.4,2015,July
2015-07,Bajra,Osmanabad,Kalamb (Os),12.62,12.48,12.62,1.2,2015,July
2015-07,Bajra,Nasik,Kalvan,13.02,12.46,13.71,30.8,2015,July
2015-07,Bajra,Thane,Kalyan,18.25,16.0,18.5,0.6,2015,July
2015-07,Bajra,Aurangabad,Kannad,12.43,11.14,13.08,46.8,2015,July
2015-07,Bajra,Beed,Kej,14.7,14.49,15.57,3.6,2015,July
2015-07,Bajra,Buldhana,Khamgaon,11.09,11.05,11.13,4.1,2015,July
2015-07,Bajra,Beed,Kille Dharur,15.83,14.16,16.52,10.0,2015,July
2015-07,Bajra,Ahmadnagar,Kopargaon,13.43,12.7,13.64,12.1,2015,July
2015-07,Bajra,Nasik,Lasalgaon,14.81,13.17,15.88,55.6,2015,July
2015-07,Bajra,Nasik,Lasalgaon-Vinchur,13.11,12.01,13.98,19.8,2015,July
2015-07,Bajra,Aurangabad,Lasur Station,13.51,12.71,14.63,329.0,2015,July
2015-07,Bajra,Latur,Latur,12.25,11.25,13.2,5.6,2015,July
2015-07,Bajra,Satara,Lonand,15.38,13.44,16.88,8.2,2015,July
2015-07,Bajra,Beed,Majalgaon,14.65,13.14,15.83,18.5,2015,July
2015-07,Bajra,Nasik,Malegaon,13.1,12.55,14.57,340.6,2015,July
2015-07,Bajra,Buldhana,Malkapur,11.18,11.08,11.28,3.3,2015,July
2015-07,Bajra,Solapur,Mangalwedha,14.51,14.51,14.51,0.8,2015,July
2015-07,Bajra,Nasik,Manmad,13.87,12.84,14.39,43.6,2015,July
2015-07,Bajra,Buldhana,Nandura,10.94,10.47,10.98,1.1,2015,July
2015-07,Bajra,Nandurbar,Nandurbar,11.84,10.64,12.26,37.4,2015,July
2015-07,Bajra,Ahmadnagar,Newasa,12.5,12.5,12.5,0.2,2015,July
2015-07,Bajra,Pune,Nira,17.34,15.25,19.63,17.0,2015,July
2015-07,Bajra,Aurangabad,Paithan,13.51,13.45,13.71,22.8,2015,July
2015-07,Bajra,Solapur,Pandharpur,13.84,13.83,13.84,4.2,2015,July
2015-07,Bajra,Beed,Parli-Vaijnath,12.96,12.21,12.96,2.5,2015,July
2015-07,Bajra,Jalna,Partur,11.88,11.51,12.17,1.7,2015,July
2015-07,Bajra,Ahmadnagar,Pathardi,13.41,12.53,14.47,28.9,2015,July
2015-07,Bajra,Satara,Phaltan,15.0,12.5,17.73,15.7,2015,July
2015-07,Bajra,Pune,Pune,18.65,16.88,19.35,52.1,2015,July
2015-07,Bajra,Ahmadnagar,Rahata,12.12,11.87,12.64,11.8,2015,July
2015-07,Bajra,Ahmadnagar,Rahuri-Vambori,14.24,13.98,14.45,4.3,2015,July
2015-07,Bajra,Jalgaon,Raver,12.33,12.04,12.36,2.2,2015,July
2015-07,Bajra,Dhule,Sakri,11.79,11.59,11.94,4.9,2015,July
2015-07,Bajra,Sangli,Sangali,15.63,13.0,17.94,46.3,2015,July
2015-07,Bajra,Ahmadnagar,Sangamner,14.52,12.73,15.64,135.0,2015,July
2015-07,Bajra,Nasik,Satana,13.79,13.04,14.79,36.7,2015,July
2015-07,Bajra,Nandurbar,Shahada,12.68,12.44,12.71,13.0,2015,July
2015-07,Bajra,Buldhana,Shegaon,11.23,11.23,11.23,0.2,2015,July
2015-07,Bajra,Ahmadnagar,Shevgaon,13.62,12.19,13.62,27.8,2015,July
2015-07,Bajra,Ahmadnagar,Shevgaon-Bodhegaon,12.07,11.58,12.12,28.8,2015,July
2015-07,Bajra,Dhule,Shirpur,12.04,11.17,12.29,208.7,2015,July
2015-07,Bajra,Pune,Shirur,13.3,13.2,13.45,3.4,2015,July
2015-07,Bajra,Ahmadnagar,Shrirampur,14.37,13.97,15.06,3.7,2015,July
2015-07,Bajra,Aurangabad,Sillod,12.16,10.21,12.92,28.2,2015,July
2015-07,Bajra,Nasik,Sinner,13.39,12.42,14.21,40.8,2015,July
2015-07,Bajra,Osmanabad,Umarga,10.17,10.17,10.17,0.6,2015,July
2015-07,Bajra,Satara,Vaduj,15.33,14.0,15.33,3.1,2015,July
2015-07,Bajra,Aurangabad,Vaijapur,14.57,13.75,15.05,38.9,2015,July
2015-07,Bajra,Nasik,Yeola,13.39,12.97,13.84,10.6,2015,July
2015-07,Cotton,Sangli,Atpadi,50.0,45.0,55.0,0.3,2015,July
2015-07,Cotton,Akola,Telhara,41.0,40.5,42.0,22.5,2015,July
2015-07,Jowar,Gadchiroli,Aheri,11.2,11.2,11.2,27.8,2015,July
2015-07,Jowar,Ahmadnagar,Ahmednagar,20.14,16.31,20.14,144.2,2015,July
2015-07,Jowar,Latur,Ahmedpur,16.42,15.98,16.85,7.2,2015,July
2015-07,Jowar,Hingoli,Akhadabalapur,16.25,16.0,16.5,3.6,2015,July
2015-07,Jowar,Solapur,Akluj,17.06,15.71,17.06,12.5,2015,July
2015-07,Jowar,Akola,Akola,12.54,11.19,13.36,49.5,2015,July
2015-07,Jowar,Akola,Akot,10.89,10.4,11.38,18.5,2015,July
2015-07,Jowar,Jalgaon,Amalner,13.72,12.55,13.79,58.6,2015,July
2015-07,Jowar,Amaravathi,Amarawati,16.26,15.0,18.38,3.0,2015,July
2015-07,Jowar,Jalna,Ambad(Vadi Godri),14.14,11.99,16.07,117.2,2015,July
2015-07,Jowar,Beed,Ambejogai,26.62,26.35,26.7,2.8,2015,July
2015-07,Jowar,Amaravathi,Anajngaon Surji,12.83,11.93,13.5,3.5,2015,July
2015-07,Jowar,Sangli,Atpadi,17.5,16.0,19.0,4.3,2015,July
2015-07,Jowar,Latur,Ausa,18.75,17.46,28.45,13.3,2015,July
2015-07,Jowar,Akola,Balapur,14.5,12.0,15.25,4.6,2015,July
2015-07,Jowar,Pune,Baramati,17.85,14.75,20.92,182.5,2015,July
2015-07,Jowar,Solapur,Barshi,19.55,16.12,22.8,1369.4,2015,July
2015-07,Jowar,Solapur,Barshi-Vairag,17.81,15.38,22.75,185.5,2015,July
2015-07,Jowar,Beed,Beed,16.61,15.85,17.57,131.7,2015,July
2015-07,Jowar,Nanded,Bhokar,13.05,12.0,16.0,32.0,2015,July
2015-07,Jowar,Jalna,Bhokardan,11.8,11.58,12.09,16.1,2015,July
2015-07,Jowar,Jalna,Bhokardan-Pimpalgaon Renu,11.58,11.33,11.88,3.1,2015,July
2015-07,Jowar,Jalgaon,Bhusaval,10.93,10.72,10.93,7.0,2015,July
2015-07,Jowar,Buldhana,Buldhana,11.8,11.5,12.8,0.9,2015,July
2015-07,Jowar,Jalgaon,Chalisgaon,13.13,11.27,13.6,223.4,2015,July
2015-07,Jowar,Buldhana,Chikhali,12.15,11.07,12.56,17.7,2015,July
2015-07,Jowar,Jalgaon,Chopda,12.39,11.39,12.77,26.6,2015,July
2015-07,Jowar,Nasik,Devala,16.7,16.57,16.92,4.2,2015,July
2015-07,Jowar,Dhule,Dhule,13.16,12.14,13.73,237.5,2015,July
2015-07,Jowar,Yewatmal,Digras,15.43,15.43,15.43,2.3,2015,July
2015-07,Jowar,Dhule,Dondaicha,14.38,13.43,14.94,41.7,2015,July
2015-07,Jowar,Pune,Dound,17.19,15.63,19.39,135.6,2015,July
2015-07,Jowar,Solapur,Dudhani,18.23,15.82,18.94,51.2,2015,July
2015-07,Jowar,Aurangabad,Gangapur,15.02,13.8,16.42,28.1,2015,July
2015-07,Jowar,Beed,Gevrai,14.43,13.37,15.77,125.5,2015,July
2015-07,Jowar,Nanded,Hadgaon,13.83,11.17,14.33,50.2,2015,July
2015-07,Jowar,Hingoli,Hingoli,16.03,14.86,16.03,19.7,2015,July
2015-07,Jowar,Pune,Indapur,17.78,14.07,23.06,43.2,2015,July
2015-07,Jowar,Jalna,Jafrabad,10.79,10.14,11.57,31.5,2015,July
2015-07,Jowar,Jalgaon,Jalgaon,12.82,12.51,13.16,167.8,2015,July
2015-07,Jowar,Buldhana,Jalgaon Jamod,11.5,11.0,12.0,1.1,2015,July
2015-07,Jowar,Buldhana,Jalgaon Jamod-Aasalgaon,11.0,10.0,12.0,5.4,2015,July
2015-07,Jowar,Jalna,Jalna,16.55,11.79,20.62,725.2,2015,July
2015-07,Jowar,Ahmadnagar,Jamkhed,22.88,16.26,29.5,1253.6,2015,July
2015-07,Jowar,Hingoli,Jawala-Bajar,17.0,15.5,18.0,9.0,2015,July
2015-07,Jowar,Parbhani,Jintur,11.98,11.05,13.11,26.4,2015,July
2015-07,Jowar,Beed,Kada,16.12,14.61,18.78,176.6,2015,July
2015-07,Jowar,Beed,Kada (Ashti),16.0,15.35,17.55,3.1,2015,July
2015-07,Jowar,Osmanabad,Kalamb (Os),21.36,18.96,22.43,46.6,2015,July
2015-07,Jowar,Hingoli,Kalamnuri,15.0,15.0,15.0,4.0,2015,July
2015-07,Jowar,Thane,Kalyan,16.75,16.5,17.67,0.9,2015,July
2015-07,Jowar,Aurangabad,Kannad,15.02,15.02,15.02,2.3,2015,July
2015-07,Jowar,Wasim,Karanja,11.88,11.25,15.3,6.5,2015,July
2015-07,Jowar,Nagpur,Katol,9.5,9.5,9.5,0.4,2015,July
2015-07,Jowar,Beed,Kej,22.19,21.64,23.01,21.2,2015,July
2015-07,Jowar,Buldhana,Khamgaon,11.7,10.59,12.49,184.8,2015,July
2015-07,Jowar,Beed,Kille Dharur,25.34,24.13,25.75,8.1,2015,July
2015-07,Jowar,Nanded,Kinwat,11.0,10.25,11.75,30.7,2015,July
2015-07,Jowar,Ahmadnagar,Kopargaon,12.67,11.52,13.03,18.1,2015,July
2015-07,Jowar,Satara,Koregaon,16.9,16.0,18.7,5.6,2015,July
2015-07,Jowar,Solapur,Kurdwadi,14.32,12.32,16.7,27.8,2015,July
2015-07,Jowar,Solapur,Kurdwadi-Modnimb,12.64,11.41,18.93,69.0,2015,July
2015-07,Jowar,Nasik,Lasalgaon,14.04,14.04,16.21,6.6,2015,July
2015-07,Jowar,Aurangabad,Lasur Station,16.32,12.43,19.2,159.2,2015,July
2015-07,Jowar,Latur,Latur,23.33,21.89,24.88,118.0,2015,July
2015-07,Jowar,Latur,Latur-Murud,13.22,12.29,13.83,2.2,2015,July
2015-07,Jowar,Nanded,Loha,13.51,12.51,14.0,0.8,2015,July
2015-07,Jowar,Satara,Lonand,17.75,16.0,19.63,16.5,2015,July
2015-07,Jowar,Buldhana,Lonar,10.97,10.52,11.59,57.8,2015,July
2015-07,Jowar,Beed,Majalgaon,13.94,11.04,18.62,40.6,2015,July
2015-07,Jowar,Nasik,Malegaon,15.41,15.4,16.31,6.0,2015,July
2015-07,Jowar,Buldhana,Malkapur,12.21,11.38,13.02,189.9,2015,July
2015-07,Jowar,Solapur,Mangalwedha,16.11,12.74,19.12,61.4,2015,July
2015-07,Jowar,Wasim,Mangrulpeer,13.54,12.53,13.54,1.8,2015,July
2015-07,Jowar,Jalna,Mantha,14.2,11.3,14.61,12.8,2015,July
2015-07,Jowar,Buldhana,Mehkar,11.0,10.0,13.05,4.3,2015,July
2015-07,Jowar,Solapur,Mohol,16.49,15.27,18.3,18.0,2015,July
2015-07,Jowar,Amaravathi,Morshi,11.5,11.31,12.0,45.9,2015,July
2015-07,Jowar,Nanded,Nanded,11.45,11.31,11.86,109.1,2015,July
2015-07,Jowar,Buldhana,Nandura,12.41,10.48,12.61,81.2,2015,July
2015-07,Jowar,Nandurbar,Nandurbar,13.56,12.12,14.21,70.6,2015,July
2015-07,Jowar,Ahmadnagar,Newasa,15.5,15.5,15.5,0.1,2015,July
2015-07,Jowar,Latur,Nilanga,13.5,13.0,14.0,0.7,2015,July
2015-07,Jowar,Pune,Nira,18.02,14.37,21.67,29.2,2015,July
2015-07,Jowar,Osmanabad,Osmanabad,15.78,12.91,18.98,51.5,2015,July
2015-07,Jowar,Aurangabad,Paithan,15.57,15.43,15.8,18.4,2015,July
2015-07,Jowar,Parbhani,Palam,16.5,16.5,17.25,8.6,2015,July
2015-07,Jowar,Solapur,Pandharpur,17.06,16.73,17.44,38.2,2015,July
2015-07,Jowar,Parbhani,Parbhani,16.32,15.5,17.27,10.5,2015,July
2015-07,Jowar,Beed,Parli-Vaijnath,12.94,12.59,13.35,17.1,2015,July
2015-07,Jowar,Jalna,Partur,12.31,11.27,13.56,17.2,2015,July
2015-07,Jowar,Ahmadnagar,Pathardi,16.39,15.41,17.43,19.7,2015,July
2015-07,Jowar,Parbhani,Pathari,16.95,12.93,16.95,2.4,2015,July
2015-07,Jowar,Akola,Patur,14.03,12.88,16.0,3.4,2015,July
2015-07,Jowar,Satara,Phaltan,19.0,13.33,24.33,84.2,2015,July
2015-07,Jowar,Pune,Pune,27.21,24.63,28.42,641.2,2015,July
2015-07,Jowar,Parbhani,Purna,11.59,11.37,12.53,10.9,2015,July
2015-07,Jowar,Yewatmal,Pusad,12.69,11.4,13.0,5.6,2015,July
2015-07,Jowar,Ahmadnagar,Rahata,11.68,11.35,12.24,14.5,2015,July
2015-07,Jowar,Ahmadnagar,Rahuri-Vambori,12.69,11.98,13.35,17.4,2015,July
2015-07,Jowar,Jalgaon,Raver,12.92,12.09,13.39,10.6,2015,July
2015-07,Jowar,Parbhani,Sailu,13.26,11.2,15.16,3.3,2015,July
2015-07,Jowar,Dhule,Sakri,11.33,11.33,11.33,0.1,2015,July
2015-07,Jowar,Sangli,Sangali,20.73,15.85,25.6,505.1,2015,July
2015-07,Jowar,Ahmadnagar,Sangamner,17.76,16.48,18.55,35.3,2015,July
2015-07,Jowar,Buldhana,Sangrampur,11.0,9.73,12.07,13.1,2015,July
2015-07,Jowar,Hingoli,Sengaon,16.0,16.0,16.0,1.9,2015,July
2015-07,Jowar,Nandurbar,Shahada,15.57,15.26,16.28,4.7,2015,July
2015-07,Jowar,Buldhana,Shegaon,11.15,10.25,12.06,32.9,2015,July
2015-07,Jowar,Ahmadnagar,Shevgaon,15.46,13.07,15.46,135.1,2015,July
2015-07,Jowar,Ahmadnagar,Shevgaon-Bodhegaon,14.75,13.82,14.75,96.6,2015,July
2015-07,Jowar,Dhule,Shirpur,13.7,12.27,15.81,128.4,2015,July
2015-07,Jowar,Pune,Shirur,14.84,13.88,15.05,20.9,2015,July
2015-07,Jowar,Ahmadnagar,Shrirampur,15.54,14.01,16.57,21.9,2015,July
2015-07,Jowar,Aurangabad,Sillod,15.0,14.0,16.0,0.2,2015,July
2015-07,Jowar,Nasik,Sinner,13.64,13.03,14.25,3.3,2015,July
2015-07,Jowar,Solapur,Solapur,17.91,16.97,18.18,41.8,2015,July
2015-07,Jowar,Akola,Telhara,11.13,10.87,11.42,36.5,2015,July
2015-07,Jowar,Osmanabad,Tuljapur,11.21,11.21,11.21,1.2,2015,July
2015-07,Jowar,Latur,Udgir,11.48,10.2,11.48,25.6,2015,July
2015-07,Jowar,Nagpur,Umared,16.33,14.95,17.25,1.4,2015,July
2015-07,Jowar,Osmanabad,Umarga,14.08,13.83,14.76,2.0,2015,July
2015-07,Jowar,Yewatmal,Umarkhed,14.5,14.0,15.0,10.0,2015,July
2015-07,Jowar,Yewatmal,Umarkhed-Danki,14.5,14.0,15.0,30.0,2015,July
2015-07,Jowar,Satara,Vaduj,21.78,18.89,21.78,279.0,2015,July
2015-07,Jowar,Aurangabad,Vaijapur,14.72,14.22,14.86,10.1,2015,July
2015-07,Jowar,Amaravathi,Varud-Rajura Bazar,11.39,11.39,11.39,0.8,2015,July
2015-07,Jowar,Wasim,Washim,18.36,12.15,19.51,39.3,2015,July
2015-07,Onion,Ahmadnagar,Ahmednagar,16.04,5.0,27.07,8124.1,2015,July
2015-07,Onion,Solapur,Akluj,26.86,14.43,26.86,47.5,2015,July
2015-07,Onion,Ahmadnagar,Akole,21.34,6.11,28.14,2092.7,2015,July
2015-07,Onion,Aurangabad,Aurangabad,15.9,9.72,22.13,299.1,2015,July
2015-07,Onion,Pune,Baramati,19.5,7.17,23.31,161.6,2015,July
2015-07,Onion,Solapur,Barshi,15.03,12.97,19.1,7.8,2015,July
2015-07,Onion,Thane,Bhivandi,18.61,16.33,20.56,44.9,2015,July
2015-07,Onion,Chandrapur,Chandrapur-Ganjwad,21.71,18.14,24.76,894.6,2015,July
2015-07,Onion,Nasik,Chandvad,21.39,6.29,24.17,5090.4,2015,July
2015-07,Onion,Nasik,Devala,21.41,10.05,23.79,8488.3,2015,July
2015-07,Onion,Dhule,Dhule,17.94,5.48,21.33,3821.9,2015,July
2015-07,Onion,Nasik,Dindori-Vani,21.43,16.95,24.77,6518.8,2015,July
2015-07,Onion,Aurangabad,Gangapur,12.58,7.39,25.78,234.4,2015,July
2015-07,Onion,Pune,Indapur,19.62,12.61,21.88,12.0,2015,July
2015-07,Onion,Jalgaon,Jalgaon,16.04,10.68,21.32,387.0,2015,July
2015-07,Onion,Ahmadnagar,Jamkhed,13.72,3.5,23.94,47.6,2015,July
2015-07,Onion,Pune,Junnar,21.38,13.5,26.31,4421.2,2015,July
2015-07,Onion,Pune,Junnar (Alephata),29.33,23.33,35.83,7012.0,2015,July
2015-07,Onion,Pune,Junnar-Otur,30.0,27.0,32.5,816.7,2015,July
2015-07,Onion,Beed,Kada,20.1,5.5,27.0,136.0,2015,July
2015-07,Onion,Nasik,Kalvan,21.65,8.0,25.14,7860.0,2015,July
2015-07,Onion,Thane,Kalyan,19.73,17.42,23.08,175.5,2015,July
2015-07,Onion,Nagpur,Kamthi,17.59,8.18,23.71,14.5,2015,July
2015-07,Onion,Aurangabad,Kannad,17.17,9.83,30.33,90.3,2015,July
2015-07,Onion,Satara,Karad,23.5,16.0,23.5,25.2,2015,July
2015-07,Onion,Kolhapur,Kolhapur,22.14,9.68,27.81,7681.5,2015,July
2015-07,Onion,Ahmadnagar,Kopargaon,21.64,7.11,27.58,3281.5,2015,July
2015-07,Onion,Satara,Koregaon,19.8,17.9,23.0,34.0,2015,July
2015-07,Onion,Solapur,Kurdwadi,17.55,10.0,25.06,5.1,2015,July
2015-07,Onion,Solapur,Kurdwadi-Modnimb,16.75,13.93,21.66,8.1,2015,July
2015-07,Onion,Nasik,Lasalgaon,21.18,12.09,23.91,14585.8,2015,July
2015-07,Onion,Nasik,Lasalgaon-Niphad,20.26,10.16,23.44,2263.9,2015,July
2015-07,Onion,Aurangabad,Lasur Station,19.14,4.57,28.71,2211.7,2015,July
2015-07,Onion,Satara,Lonand,22.2,13.8,24.88,30.1,2015,July
2015-07,Onion,Nasik,Malegaon,21.49,8.24,24.44,6657.6,2015,July
2015-07,Onion,Buldhana,Malkapur,15.84,9.09,20.28,247.9,2015,July
2015-07,Onion,Pune,Manchar,15.19,11.63,20.0,1029.4,2015,July
2015-07,Onion,Nasik,Manmad,21.13,9.23,23.96,5038.2,2015,July
2015-07,Onion,Mumbai,Mumbai,22.85,19.08,24.42,21385.0,2015,July
2015-07,Onion,Nagpur,Nagpur,22.18,13.27,25.15,7045.4,2015,July
2015-07,Onion,Ahmadnagar,Newasa-Ghodegaon,18.08,4.38,28.15,19978.8,2015,July
2015-07,Onion,Osmanabad,Osmanabad,23.68,19.55,27.82,16.1,2015,July
2015-07,Onion,Thane,Palghar(Bevur),15.6,15.5,16.59,29.7,2015,July
2015-07,Onion,Solapur,Pandharpur,22.34,8.15,27.53,192.2,2015,July
2015-07,Onion,Ahmadnagar,Parner,21.93,9.57,27.23,1572.1,2015,July
2015-07,Onion,Ahmadnagar,Pathardi,18.51,4.0,25.67,246.4,2015,July
2015-07,Onion,Satara,Phaltan,21.5,8.0,28.88,314.8,2015,July
2015-07,Onion,Nasik,Pimpalgaon (B)-Saykheda,19.55,9.43,23.99,6649.3,2015,July
2015-07,Onion,Nasik,Pimpalgaon Basawant,18.13,9.72,25.98,26634.0,2015,July
2015-07,Onion,Pune,Pune,24.0,10.15,25.31,23350.6,2015,July
2015-07,Onion,Pune,Pune-Pimpri,21.54,19.05,22.95,28.5,2015,July
2015-07,Onion,Ahmadnagar,Rahata,20.5,8.31,28.69,7261.8,2015,July
2015-07,Onion,Ahmadnagar,Rahuri,14.66,2.15,28.04,11840.2,2015,July
2015-07,Onion,Ahmadnagar,Rahuri-Vambori,17.83,4.92,24.75,3945.3,2015,July
2015-07,Onion,Nagpur,Ramtek,20.22,18.94,22.13,9.5,2015,July
2015-07,Onion,Ahmadnagar,Sangamner,17.52,6.25,28.88,4322.8,2015,July
2015-07,Onion,Nasik,Satana,19.84,10.68,25.1,15590.1,2015,July
2015-07,Onion,Satara,Satara,23.56,20.78,26.11,208.3,2015,July
2015-07,Onion,Dhule,Shirpur,16.81,7.26,19.16,146.5,2015,July
2015-07,Onion,Ahmadnagar,Shrirampur,20.06,6.33,28.31,7286.2,2015,July
2015-07,Onion,Nasik,Sinner,21.17,4.02,26.41,7653.5,2015,July
2015-07,Onion,Solapur,Solapur,17.86,4.26,29.33,15872.5,2015,July
2015-07,Onion,Satara,Vai,25.2,22.5,26.0,51.0,2015,July
2015-07,Onion,Aurangabad,Vaijapur,23.22,8.89,29.94,1845.3,2015,July
2015-07,Onion,Thane,Vasai,18.79,14.88,24.06,143.1,2015,July
2015-07,Onion,Nasik,Yeola,21.22,8.5,24.57,11371.3,2015,July
2015-07,Rice,Gondiya,Aamgaon,15.1,14.59,15.55,549.9,2015,July
2015-07,Rice,Gadchiroli,Aheri,15.8552,15.8182,15.9014,129.9,2015,July
2015-07,Rice,Ahmadnagar,Akole,15.95,14.4,18.8,8.7,2015,July
2015-07,Rice,Raigad,Alibag,18.9614,17.8893,20.0336,168.0,2015,July
2015-07,Rice,Gondiya,Arjuni Morgaon,14.59,14.29,14.59,421.6,2015,July
2015-07,Rice,Gadchiroli,Armori,15.87,15.05,16.27,460.8,2015,July
2015-07,Rice,Gadchiroli,Armori-Desaiganj,16.34,15.0,16.69,3960.9,2015,July
2015-07,Rice,Latur,Ausa,8.01,7.26,8.26,0.4,2015,July
2015-07,Rice,Solapur,Barshi,15.93,15.75,16.14,14.2,2015,July
2015-07,Rice,Bhandara,Bhandara,22.25,21.23,23.55,2.0,2015,July
2015-07,Rice,Thane,Bhivandi,17.8,16.3,19.1,37.2,2015,July
2015-07,Rice,Nagpur,Bhiwapur,18.47,17.5,18.63,117.0,2015,July
2015-07,Rice,Chandrapur,Brahmpuri,19.25,19.0,19.5,19.0,2015,July
2015-07,Rice,Gadchiroli,Chamorshi,18.34,17.8,18.89,1133.9,2015,July
2015-07,Rice,Chandrapur,Chimur,18.54,18.06,19.02,318.0,2015,July
2015-07,Rice,Nasik,Devala,14.96,14.96,14.96,0.2,2015,July
2015-07,Rice,Gadchiroli,Gadchiroli,16.46,15.79,16.77,552.5,2015,July
2015-07,Rice,Gondiya,Gondiya,14.68,14.13,15.22,1675.8,2015,July
2015-07,Rice,Chandrapur,Gondpimpri,18.29,17.82,18.84,177.1,2015,July
2015-07,Rice,Thane,Kalyan,31.75,27.33,33.5,1.8,2015,July
2015-07,Rice,Raigad,Karjat (Raigad),19.7652,15.7803,25.0557,409.5,2015,July
2015-07,Rice,Bhandara,Lakhani,18.11,18.1,18.12,22.1,2015,July
2015-07,Rice,Raigad,Mangaon(Bhadav),23.0967,17.1319,31.4201,14.4,2015,July
2015-07,Rice,Chandrapur,Mul,20.4,18.85,20.94,3715.3,2015,July
2015-07,Rice,Mumbai,Mumbai,56.03,41.86,66.3,46766.0,2015,July
2015-07,Rice,Thane,Murbad,17.26,17.26,19.26,40.0,2015,July
2015-07,Rice,Chandrapur,Nagbhid,18.51,16.25,18.51,1499.7,2015,July
2015-07,Rice,Nagpur,Nagpur,28.27,26.0,29.01,182.6,2015,July
2015-07,Rice,Nandurbar,Nandurbar,29.14,28.89,29.14,1.4,2015,July
2015-07,Rice,Pune,Nira,28.5,25.0,32.0,2.7,2015,July
2015-07,Rice,Thane,Palghar(Bevur),27.51,22.93,33.35,609.3,2015,July
2015-07,Rice,Bhandara,Pavani,16.73,16.25,16.97,36.8,2015,July
2015-07,Rice,Raigad,Pen,22.4853,20.5707,29.2902,33.0,2015,July
2015-07,Rice,Pune,Pune,50.79,44.47,54.62,2274.6,2015,July
2015-07,Rice,Raigad,Roha,13.6,13.2,14.0,4.1,2015,July
2015-07,Rice,Sangli,Sangali,37.0,17.0,55.0,15.0,2015,July
2015-07,Rice,Thane,Shahapur,15.22,14.64,15.94,8.4,2015,July
2015-07,Rice,Nasik,Sinner,26.51,26.51,26.51,0.2,2015,July
2015-07,Rice,Solapur,Solapur,34.9,21.13,54.43,740.4,2015,July
2015-07,Rice,Bhandara,Tumsar,15.1993,14.5304,15.93,720.4,2015,July
2015-07,Rice,Nagpur,Umared,27.5,20.0,34.25,203.9,2015,July
2015-07,Rice,Thane,Vasai,25.8026,17.1623,38.6854,658.6,2015,July
2015-07,Soybean,Yewatmal,Aarni,31.3,30.0,32.6,4.0,2015,July
2015-07,Soybean,Amaravathi,Achalpur,33.0,32.2,34.47,125.0,2015,July
2015-07,Soybean,Gadchiroli,Aheri,31.0,31.0,31.0,12.0,2015,July
2015-07,Soybean,Latur,Ahmedpur,34.55,34.14,34.74,66.1,2015,July
2015-07,Soybean,Hingoli,Akhadabalapur,33.57,32.86,34.29,28.8,2015,July
2015-07,Soybean,Akola,Akola,33.02,31.32,34.7,1335.1,2015,July
2015-07,Soybean,Ahmadnagar,Akole,31.3,28.8,32.4,28.3,2015,July
2015-07,Soybean,Akola,Akot,32.99,32.13,33.86,507.5,2015,July
2015-07,Soybean,Jalgaon,Amalner,28.5,28.5,28.5,0.3,2015,July
2015-07,Soybean,Amaravathi,Amarawati,34.44,34.25,34.76,2.4,2015,July
2015-07,Soybean,Beed,Ambejogai,34.41,33.99,34.76,203.0,2015,July
2015-07,Soybean,Amaravathi,Anajngaon Surji,32.59,31.85,33.46,190.5,2015,July
2015-07,Soybean,Wardha,Arvi,32.0,30.0,34.0,13.0,2015,July
2015-07,Soybean,Latur,Ausa,34.93,34.32,35.07,72.1,2015,July
2015-07,Soybean,Yewatmal,Babhulgaon,32.33,29.81,34.51,84.5,2015,July
2015-07,Soybean,Akola,Balapur,33.15,31.5,33.44,37.9,2015,July
2015-07,Soybean,Solapur,Barshi-Vairag,35.67,35.67,35.67,1.1,2015,July
2015-07,Soybean,Beed,Beed,33.62,33.03,33.7,3.4,2015,July
2015-07,Soybean,Nagpur,Bhiwapur,37.0,35.0,37.0,2.1,2015,July
2015-07,Soybean,Nanded,Bhokar,34.01,33.79,34.31,21.2,2015,July
2015-07,Soybean,Jalna,Bhokardan,33.11,30.44,33.83,9.0,2015,July
2015-07,Soybean,Jalna,Bhokardan-Pimpalgaon Renu,33.0,32.5,33.5,1.1,2015,July
2015-07,Soybean,Buldhana,Buldhana,32.39,31.41,33.65,35.0,2015,July
2015-07,Soybean,Jalgaon,Chalisgaon,32.0,31.11,32.5,3.0,2015,July
2015-07,Soybean,Chandrapur,Chandrapur,33.15,31.9,33.87,49.5,2015,July
2015-07,Soybean,Amaravathi,Chandur Bajar,32.35,29.0,34.2,207.5,2015,July
2015-07,Soybean,Amaravathi,Chandur Rly.,33.61,32.54,34.18,117.4,2015,July
2015-07,Soybean,Buldhana,Chikhali,33.9,32.43,34.55,269.8,2015,July
2015-07,Soybean,Chandrapur,Chimur,33.0,32.0,35.0,3.0,2015,July
2015-07,Soybean,Jalgaon,Chopda,32.4,31.5,32.4,1.8,2015,July
2015-07,Soybean,Amaravathi,Daryapur,33.6,31.85,34.51,170.3,2015,July
2015-07,Soybean,Amaravathi,Dhamangaon-Rly,31.94,30.58,33.51,171.4,2015,July
2015-07,Soybean,Dhule,Dhule,30.5,29.68,30.5,11.8,2015,July
2015-07,Soybean,Yewatmal,Digras,32.82,32.62,33.09,13.1,2015,July
2015-07,Soybean,Beed,Gevrai,32.23,31.88,32.3,3.3,2015,July
2015-07,Soybean,Nanded,Hadgaon,32.63,30.75,33.75,26.3,2015,July
2015-07,Soybean,Wardha,Hinganghat,33.05,30.11,34.94,1790.1,2015,July
2015-07,Soybean,Nagpur,Hingna,31.0,31.0,31.0,0.3,2015,July
2015-07,Soybean,Hingoli,Hingoli,35.04,33.31,35.04,953.0,2015,July
2015-07,Soybean,Jalna,Jafrabad,30.0,28.0,31.0,0.8,2015,July
2015-07,Soybean,Buldhana,Jalgaon Jamod,33.75,32.88,34.63,16.3,2015,July
2015-07,Soybean,Buldhana,Jalgaon Jamod-Aasalgaon,32.29,31.29,33.29,44.3,2015,July
2015-07,Soybean,Jalna,Jalna,33.59,31.79,33.84,174.4,2015,July
2015-07,Soybean,Ahmadnagar,Jamkhed,31.75,30.14,33.36,4.2,2015,July
2015-07,Soybean,Hingoli,Jawala-Bajar,34.33,33.27,34.69,76.0,2015,July
2015-07,Soybean,Parbhani,Jintur,34.18,32.41,34.46,61.8,2015,July
2015-07,Soybean,Osmanabad,Kalamb (Os),34.89,33.8,35.1,95.5,2015,July
2015-07,Soybean,Hingoli,Kalamnuri,32.89,32.89,32.89,33.2,2015,July
2015-07,Soybean,Nagpur,Kalmeshwar,32.97,32.12,33.26,6.9,2015,July
2015-07,Soybean,Nasik,Kalvan,33.58,33.58,33.65,3.3,2015,July
2015-07,Soybean,Wasim,Karanja,33.34,31.35,34.89,1155.0,2015,July
2015-07,Soybean,Nagpur,Katol,32.98,31.28,34.23,1485.0,2015,July
2015-07,Soybean,Beed,Kej,33.83,33.83,33.83,1.2,2015,July
2015-07,Soybean,Buldhana,Khamgaon,33.13,31.47,34.43,1937.7,2015,July
2015-07,Soybean,Beed,Kille Dharur,33.53,31.2,34.07,46.0,2015,July
2015-07,Soybean,Nanded,Kinwat,31.67,30.67,32.67,18.8,2015,July
2015-07,Soybean,Ahmadnagar,Kopargaon,32.55,29.96,33.08,22.0,2015,July
2015-07,Soybean,Solapur,Kurdwadi,36.5,24.0,49.0,1.3,2015,July
2015-07,Soybean,Nasik,Lasalgaon,34.77,29.8,35.17,199.8,2015,July
2015-07,Soybean,Nasik,Lasalgaon-Vinchur,34.24,26.89,35.02,52.4,2015,July
2015-07,Soybean,Aurangabad,Lasur Station,33.14,32.97,33.17,8.0,2015,July
2015-07,Soybean,Latur,Latur,34.68,32.48,35.68,2270.5,2015,July
2015-07,Soybean,Latur,Latur-Murud,32.75,32.5,33.0,1.1,2015,July
2015-07,Soybean,Buldhana,Lonar,32.3,32.3,34.87,450.0,2015,July
2015-07,Soybean,Beed,Majalgaon,33.8,32.38,34.23,34.3,2015,July
2015-07,Soybean,Wasim,Malegaon (Washim),34.75,33.75,35.25,53.5,2015,July
2015-07,Soybean,Buldhana,Malkapur,32.49,29.79,33.78,351.1,2015,July
2015-07,Soybean,Nagpur,Mandhal,33.89,33.09,34.63,19.4,2015,July
2015-07,Soybean,Wasim,Mangrulpeer,34.55,29.76,35.77,660.1,2015,July
2015-07,Soybean,Wasim,Manora,33.23,30.84,34.77,110.7,2015,July
2015-07,Soybean,Jalna,Mantha,33.1,31.3,33.62,8.8,2015,July
2015-07,Soybean,Buldhana,Mehkar,32.0,29.0,33.34,85.0,2015,July
2015-07,Soybean,Amaravathi,Morshi,32.42,32.13,33.13,62.5,2015,July
2015-07,Soybean,Akola,Murtizapur,32.42,31.13,34.04,460.0,2015,July
2015-07,Soybean,Nagpur,Nagpur,33.92,31.39,34.74,109.8,2015,July
2015-07,Soybean,Nanded,Nanded,33.4,33.4,33.4,32.7,2015,July
2015-07,Soybean,Buldhana,Nandura,34.35,30.97,34.61,216.1,2015,July
2015-07,Soybean,Nandurbar,Nandurbar,44.57,44.57,44.57,0.6,2015,July
2015-07,Soybean,Yewatmal,Ner Parasopant,33.42,32.4,34.31,165.6,2015,July
2015-07,Soybean,Latur,Nilanga,35.76,34.0,36.65,11.7,2015,July
2015-07,Soybean,Parbhani,Palam,32.88,32.88,33.5,15.7,2015,July
2015-07,Soybean,Yewatmal,Pandharkawada,31.13,31.13,31.13,2.1,2015,July
2015-07,Soybean,Parbhani,Parbhani,33.45,32.74,33.73,44.1,2015,July
2015-07,Soybean,Beed,Parli-Vaijnath,34.89,33.77,36.77,181.2,2015,July
2015-07,Soybean,Jalna,Partur,33.81,32.94,34.11,4.1,2015,July
2015-07,Soybean,Parbhani,Pathari,16.63,16.63,33.69,3.9,2015,July
2015-07,Soybean,Akola,Patur,33.41,31.25,34.67,18.5,2015,July
2015-07,Soybean,Wardha,Pulgaon,34.0,33.75,34.51,3.0,2015,July
2015-07,Soybean,Parbhani,Purna,34.85,33.38,35.34,26.0,2015,July
2015-07,Soybean,Yewatmal,Pusad,33.55,32.8,35.0,1.2,2015,July
2015-07,Soybean,Ahmadnagar,Rahata,31.85,31.85,32.55,2.2,2015,July
2015-07,Soybean,Ahmadnagar,Rahuri-Vambori,32.15,32.15,32.15,1.0,2015,July
2015-07,Soybean,Nagpur,Ramtek,31.0,31.0,31.0,0.3,2015,July
2015-07,Soybean,Wasim,Risod,33.47,31.83,34.88,1545.0,2015,July
2015-07,Soybean,Parbhani,Sailu,32.7,32.7,34.7,4.3,2015,July
2015-07,Soybean,Sangli,Sangali,34.85,33.55,36.13,59.7,2015,July
2015-07,Soybean,Ahmadnagar,Sangamner,39.5,39.5,39.5,2.7,2015,July
2015-07,Soybean,Buldhana,Sangrampur,31.42,27.29,33.35,14.5,2015,July
2015-07,Soybean,Nasik,Satana,33.14,32.9,33.33,0.6,2015,July
2015-07,Soybean,Nagpur,Savner,31.61,30.89,32.14,31.0,2015,July
2015-07,Soybean,Hingoli,Sengaon,34.01,33.74,34.28,49.3,2015,July
2015-07,Soybean,Buldhana,Shegaon,32.28,30.49,34.15,67.8,2015,July
2015-07,Soybean,Dhule,Shirpur,31.6,30.45,31.6,6.9,2015,July
2015-07,Soybean,Pune,Shirur,28.0,28.0,28.0,0.4,2015,July
2015-07,Soybean,Aurangabad,Sillod,32.55,31.64,33.43,20.7,2015,July
2015-07,Soybean,Wardha,Sindi,32.5,30.25,34.6,23.3,2015,July
2015-07,Soybean,Nasik,Sinner,34.83,34.53,35.09,0.9,2015,July
2015-07,Soybean,Sangli,Tasgaon,36.0,35.0,38.0,16.0,2015,July
2015-07,Soybean,Akola,Telhara,32.38,31.81,33.01,62.5,2015,July
2015-07,Soybean,Latur,Udgir,35.35,34.77,35.35,129.2,2015,July
2015-07,Soybean,Nagpur,Umared,33.75,31.44,34.91,453.3,2015,July
2015-07,Soybean,Osmanabad,Umarga,33.05,32.92,33.17,2.1,2015,July
2015-07,Soybean,Yewatmal,Umarkhed,33.0,30.0,35.0,40.0,2015,July
2015-07,Soybean,Yewatmal,Umarkhed-Danki,32.5,30.0,35.25,60.0,2015,July
2015-07,Soybean,Aurangabad,Vaijapur,32.99,32.99,32.99,0.1,2015,July
2015-07,Soybean,Chandrapur,Varora,31.99,28.42,34.05,88.8,2015,July
2015-07,Soybean,Amaravathi,Varud-Rajura Bazar,31.81,30.73,33.06,6.3,2015,July
2015-07,Soybean,Wardha,Wardha,33.61,32.18,33.61,42.7,2015,July
2015-07,Soybean,Wasim,Washim,34.73,33.57,36.21,3090.2,2015,July
2015-07,Soybean,Yewatmal,Yeotmal,34.36,32.17,34.54,421.2,2015,July
2015-08,Bajra,Ahmadnagar,Ahmednagar,16.15,16.15,16.15,2.4,2015,August
2015-08,Bajra,Solapur,Akkolkot,14.51,14.51,14.51,0.3,2015,August
2015-08,Bajra,Akola,Akola,12.25,12.0,12.5,1.0,2015,August
2015-08,Bajra,Ahmadnagar,Akole,16.25,14.0,18.0,1.2,2015,August
2015-08,Bajra,Jalgaon,Amalner,13.49,12.19,13.49,56.0,2015,August
2015-08,Bajra,Amaravathi,Amarawati,13.92,13.23,15.06,3.9,2015,August
2015-08,Bajra,Jalna,Ambad(Vadi Godri),14.05,12.3,15.7,66.8,2015,August
2015-08,Bajra,Pune,Baramati,17.5,12.5,20.0,7.3,2015,August
2015-08,Bajra,Solapur,Barshi,14.51,14.26,15.76,0.4,2015,August
2015-08,Bajra,Beed,Beed,15.33,14.34,15.84,48.5,2015,August
2015-08,Bajra,Jalgaon,Chalisgaon,13.14,11.73,13.49,311.5,2015,August
2015-08,Bajra,Jalgaon,Chopda,13.07,12.75,13.13,55.2,2015,August
2015-08,Bajra,Nasik,Devala,14.53,13.85,14.95,10.3,2015,August
2015-08,Bajra,Dhule,Dhule,13.22,12.39,14.0,633.2,2015,August
2015-08,Bajra,Dhule,Dondaicha,13.13,12.12,13.3,100.4,2015,August
2015-08,Bajra,Pune,Dound,15.33,14.36,16.8,31.2,2015,August
2015-08,Bajra,Aurangabad,Gangapur,14.6,14.17,14.76,10.6,2015,August
2015-08,Bajra,Beed,Gevrai,14.2,13.3,14.79,117.4,2015,August
2015-08,Bajra,Pune,Indapur,14.87,14.12,15.91,3.4,2015,August
2015-08,Bajra,Pune,Indapur (Nimgaon Ketki),14.66,12.88,16.38,3.3,2015,August
2015-08,Bajra,Pune,Indapur-Bhigwan,15.12,13.0,18.32,28.8,2015,August
2015-08,Bajra,Jalgaon,Jalgaon,13.56,13.38,13.61,170.5,2015,August
2015-08,Bajra,Jalna,Jalna,14.11,12.16,15.66,533.0,2015,August
2015-08,Bajra,Jalna,Jalna-Badnapur,12.5,11.5,13.0,1.7,2015,August
2015-08,Bajra,Ahmadnagar,Jamkhed,14.85,14.13,15.57,6.3,2015,August
2015-08,Bajra,Beed,Kada,14.69,13.82,15.35,10.0,2015,August
2015-08,Bajra,Osmanabad,Kalamb (Os),16.53,16.53,16.53,0.8,2015,August
2015-08,Bajra,Nasik,Kalvan,13.35,12.84,14.41,22.4,2015,August
2015-08,Bajra,Thane,Kalyan,17.5,17.0,18.0,0.3,2015,August
2015-08,Bajra,Aurangabad,Kannad,13.17,11.43,13.29,13.1,2015,August
2015-08,Bajra,Beed,Kej,16.14,15.64,17.44,4.3,2015,August
2015-08,Bajra,Buldhana,Khamgaon,11.54,10.96,11.68,27.5,2015,August
2015-08,Bajra,Beed,Kille Dharur,18.33,15.51,19.51,5.3,2015,August
2015-08,Bajra,Ahmadnagar,Kopargaon,14.53,13.67,15.09,19.8,2015,August
2015-08,Bajra,Nasik,Lasalgaon,14.8,13.0,15.77,40.5,2015,August
2015-08,Bajra,Nasik,Lasalgaon-Vinchur,14.73,14.53,14.9,8.7,2015,August
2015-08,Bajra,Aurangabad,Lasur Station,14.08,13.13,15.41,416.7,2015,August
2015-08,Bajra,Satara,Lonand,15.5,13.75,16.4,5.7,2015,August
2015-08,Bajra,Beed,Majalgaon,18.21,15.49,20.27,25.5,2015,August
2015-08,Bajra,Nasik,Malegaon,14.2,12.8,15.92,297.6,2015,August
2015-08,Bajra,Buldhana,Malkapur,11.73,11.73,11.74,1.1,2015,August
2015-08,Bajra,Solapur,Mangalwedha,16.4,16.4,16.4,0.1,2015,August
2015-08,Bajra,Nasik,Manmad,14.48,13.43,15.25,15.8,2015,August
2015-08,Bajra,Buldhana,Nandura,11.72,11.14,11.72,0.9,2015,August
2015-08,Bajra,Nandurbar,Nandurbar,12.58,11.18,13.65,55.3,2015,August
2015-08,Bajra,Aurangabad,Paithan,14.54,14.06,15.21,22.4,2015,August
2015-08,Bajra,Beed,Parli-Vaijnath,14.0,14.0,14.0,0.3,2015,August
2015-08,Bajra,Jalna,Partur,12.96,12.36,13.12,2.7,2015,August
2015-08,Bajra,Ahmadnagar,Pathardi,13.8,12.53,13.8,20.2,2015,August
2015-08,Bajra,Parbhani,Pathari,7.33,7.33,14.57,2.6,2015,August
2015-08,Bajra,Satara,Phaltan,16.5,12.94,18.88,21.9,2015,August
2015-08,Bajra,Pune,Pune,19.96,18.71,20.54,18.1,2015,August
2015-08,Bajra,Ahmadnagar,Rahata,12.11,12.11,13.2,2.3,2015,August
2015-08,Bajra,Ahmadnagar,Rahuri-Vambori,14.15,14.02,14.27,2.1,2015,August
2015-08,Bajra,Jalgaon,Raver,12.43,12.43,12.43,1.0,2015,August
2015-08,Bajra,Sangli,Sangali,16.09,13.76,18.29,206.6,2015,August
2015-08,Bajra,Ahmadnagar,Sangamner,15.55,13.28,16.52,78.8,2015,August
2015-08,Bajra,Nasik,Satana,14.42,13.44,15.21,15.8,2015,August
2015-08,Bajra,Nandurbar,Shahada,13.39,13.39,13.5,9.9,2015,August
2015-08,Bajra,Buldhana,Shegaon,13.0,13.0,13.0,0.2,2015,August
2015-08,Bajra,Ahmadnagar,Shevgaon,15.13,13.8,15.13,42.8,2015,August
2015-08,Bajra,Ahmadnagar,Shevgaon-Bodhegaon,13.68,12.75,13.68,9.1,2015,August
2015-08,Bajra,Dhule,Shirpur,12.64,11.95,12.95,213.8,2015,August
2015-08,Bajra,Pune,Shirur,13.89,13.33,14.05,5.9,2015,August
2015-08,Bajra,Ahmadnagar,Shrirampur,14.61,14.36,14.9,6.6,2015,August
2015-08,Bajra,Aurangabad,Sillod,12.02,11.4,12.63,30.3,2015,August
2015-08,Bajra,Aurangabad,Sillod-Bharadi,11.75,11.75,11.75,2.0,2015,August
2015-08,Bajra,Nasik,Sinner,14.41,13.28,15.46,28.8,2015,August
2015-08,Bajra,Osmanabad,Umarga,14.0,14.0,14.0,0.5,2015,August
2015-08,Bajra,Satara,Vaduj,16.0,14.0,16.0,2.2,2015,August
2015-08,Bajra,Nasik,Yeola,14.34,13.59,14.76,11.1,2015,August
2015-08,Cotton,Sangli,Atpadi,42.13,40.75,43.5,6.8,2015,August
2015-08,Cotton,Yewatmal,Maregaon,40.0,40.0,41.0,90.0,2015,August
2015-08,Jowar,Yewatmal,Aarni,12.75,12.45,13.38,17.5,2015,August
2015-08,Jowar,Gadchiroli,Aheri,11.75,11.5,12.0,29.2,2015,August
2015-08,Jowar,Ahmadnagar,Ahmednagar,19.15,16.25,21.29,80.6,2015,August
2015-08,Jowar,Latur,Ahmedpur,16.63,15.04,16.63,6.8,2015,August
2015-08,Jowar,Hingoli,Akhadabalapur,15.75,15.5,16.0,14.4,2015,August
2015-08,Jowar,Akola,Akola,13.14,11.97,14.51,61.9,2015,August
2015-08,Jowar,Akola,Akot,11.36,10.83,11.9,30.0,2015,August
2015-08,Jowar,Jalgaon,Amalner,13.34,12.0,13.34,20.1,2015,August
2015-08,Jowar,Amaravathi,Amarawati,16.15,15.15,18.21,3.9,2015,August
2015-08,Jowar,Jalna,Ambad(Vadi Godri),14.37,12.31,17.56,199.9,2015,August
2015-08,Jowar,Amaravathi,Anajngaon Surji,13.2,12.4,14.4,2.8,2015,August
2015-08,Jowar,Latur,Ausa,19.3,17.5,20.61,14.2,2015,August
2015-08,Jowar,Akola,Balapur,13.15,11.9,14.4,18.8,2015,August
2015-08,Jowar,Pune,Baramati,19.0,15.0,23.0,19.7,2015,August
2015-08,Jowar,Solapur,Barshi,20.71,16.02,25.28,1570.4,2015,August
2015-08,Jowar,Solapur,Barshi-Vairag,17.47,14.41,21.39,72.9,2015,August
2015-08,Jowar,Beed,Beed,18.24,16.43,19.95,95.7,2015,August
2015-08,Jowar,Jalna,Bhokardan,12.33,12.12,12.57,24.7,2015,August
2015-08,Jowar,Jalna,Bhokardan-Pimpalgaon Renu,12.6,12.5,12.8,4.2,2015,August
2015-08,Jowar,Jalgaon,Bhusaval,11.62,11.47,11.97,9.5,2015,August
2015-08,Jowar,Buldhana,Buldhana,12.27,11.67,13.17,5.5,2015,August
2015-08,Jowar,Jalgaon,Chalisgaon,13.27,11.64,13.75,264.5,2015,August
2015-08,Jowar,Buldhana,Chikhali,12.12,11.11,12.25,4.9,2015,August
2015-08,Jowar,Jalgaon,Chopda,12.42,11.99,13.06,28.2,2015,August
2015-08,Jowar,Amaravathi,Daryapur,11.7,11.7,11.7,2.1,2015,August
2015-08,Jowar,Nasik,Devala,15.56,15.51,15.57,2.2,2015,August
2015-08,Jowar,Nandurbar,Dhadgaon,11.75,11.5,12.0,42.6,2015,August
2015-08,Jowar,Dhule,Dhule,13.43,12.29,13.8,151.5,2015,August
2015-08,Jowar,Yewatmal,Digras,15.06,14.92,15.08,8.4,2015,August
2015-08,Jowar,Dhule,Dondaicha,15.18,13.92,16.05,27.0,2015,August
2015-08,Jowar,Pune,Dound,17.37,15.6,19.78,122.0,2015,August
2015-08,Jowar,Solapur,Dudhani,18.43,17.25,19.38,14.4,2015,August
2015-08,Jowar,Aurangabad,Gangapur,15.1,14.2,16.62,15.5,2015,August
2015-08,Jowar,Beed,Gevrai,15.82,14.62,17.54,216.7,2015,August
2015-08,Jowar,Nanded,Hadgaon,14.5,13.33,16.0,17.5,2015,August
2015-08,Jowar,Pune,Indapur,20.36,16.18,23.74,9.3,2015,August
2015-08,Jowar,Pune,Indapur (Nimgaon Ketki),12.56,11.51,13.66,0.9,2015,August
2015-08,Jowar,Pune,Indapur-Bhigwan,18.9,15.65,25.33,86.2,2015,August
2015-08,Jowar,Jalna,Jafrabad,11.19,10.25,11.88,18.6,2015,August
2015-08,Jowar,Jalgaon,Jalgaon,12.92,12.62,13.07,118.5,2015,August
2015-08,Jowar,Buldhana,Jalgaon Jamod-Aasalgaon,11.58,10.67,12.5,17.8,2015,August
2015-08,Jowar,Jalna,Jalna,17.07,12.34,22.1,1066.2,2015,August
2015-08,Jowar,Ahmadnagar,Jamkhed,22.68,16.06,29.29,921.1,2015,August
2015-08,Jowar,Hingoli,Jawala-Bajar,17.0,15.5,17.5,5.0,2015,August
2015-08,Jowar,Parbhani,Jintur,13.97,11.97,15.13,40.4,2015,August
2015-08,Jowar,Beed,Kada,16.82,15.02,20.09,182.4,2015,August
2015-08,Jowar,Beed,Kada (Ashti),17.63,15.78,21.0,15.0,2015,August
2015-08,Jowar,Osmanabad,Kalamb (Os),21.38,19.45,22.51,51.3,2015,August
2015-08,Jowar,Hingoli,Kalamnuri,15.2,15.2,15.2,3.5,2015,August
2015-08,Jowar,Thane,Kalyan,25.5,25.0,26.0,0.3,2015,August
2015-08,Jowar,Aurangabad,Kannad,14.6,14.6,14.6,1.6,2015,August
2015-08,Jowar,Wasim,Karanja,13.23,12.0,15.68,3.0,2015,August
2015-08,Jowar,Solapur,Karmala,22.82,16.2,29.55,178.0,2015,August
2015-08,Jowar,Nagpur,Katol,10.97,10.89,11.02,4.2,2015,August
2015-08,Jowar,Beed,Kej,23.38,22.9,24.0,17.1,2015,August
2015-08,Jowar,Buldhana,Khamgaon,12.3,11.13,12.85,123.5,2015,August
2015-08,Jowar,Beed,Kille Dharur,24.23,23.63,24.98,15.4,2015,August
2015-08,Jowar,Ahmadnagar,Kopargaon,13.35,13.1,13.37,3.0,2015,August
2015-08,Jowar,Satara,Koregaon,18.5,17.25,20.0,1.1,2015,August
2015-08,Jowar,Solapur,Kurdwadi,17.56,14.54,20.57,12.1,2015,August
2015-08,Jowar,Solapur,Kurdwadi-Modnimb,15.66,12.86,20.82,93.5,2015,August
2015-08,Jowar,Nasik,Lasalgaon,15.67,14.87,16.18,3.3,2015,August
2015-08,Jowar,Nasik,Lasalgaon-Vinchur,11.0,11.0,11.0,1.0,2015,August
2015-08,Jowar,Aurangabad,Lasur Station,17.12,12.96,20.02,179.2,2015,August
2015-08,Jowar,Latur,Latur,24.97,23.88,26.49,90.2,2015,August
2015-08,Jowar,Latur,Latur-Murud,15.67,15.5,16.04,0.7,2015,August
2015-08,Jowar,Nanded,Loha,17.2,14.37,18.53,10.1,2015,August
2015-08,Jowar,Satara,Lonand,18.5,16.31,20.7,10.4,2015,August
2015-08,Jowar,Buldhana,Lonar,11.87,11.39,12.38,45.4,2015,August
2015-08,Jowar,Beed,Majalgaon,15.35,11.79,18.73,28.6,2015,August
2015-08,Jowar,Nasik,Malegaon,15.37,15.3,15.72,13.5,2015,August
2015-08,Jowar,Buldhana,Malkapur,12.54,11.93,12.87,186.0,2015,August
2015-08,Jowar,Solapur,Mangalwedha,17.03,14.84,20.33,95.5,2015,August
2015-08,Jowar,Wasim,Mangrulpeer,14.25,12.08,14.52,5.7,2015,August
2015-08,Jowar,Jalna,Mantha,16.0,11.5,17.0,1.5,2015,August
2015-08,Jowar,Parbhani,Manwat,15.21,13.74,17.46,17.0,2015,August
2015-08,Jowar,Buldhana,Mehkar,11.17,10.08,12.66,10.0,2015,August
2015-08,Jowar,Solapur,Mohol,18.36,17.3,19.3,11.8,2015,August
2015-08,Jowar,Amaravathi,Morshi,11.02,10.79,11.64,40.5,2015,August
2015-08,Jowar,Osmanabad,Murum,19.21,19.21,19.21,0.2,2015,August
2015-08,Jowar,Nanded,Nanded,12.74,12.38,13.09,74.2,2015,August
2015-08,Jowar,Buldhana,Nandura,12.98,10.95,13.03,118.8,2015,August
2015-08,Jowar,Nandurbar,Nandurbar,12.75,11.72,13.66,115.0,2015,August
2015-08,Jowar,Ahmadnagar,Newasa,18.0,18.0,18.0,0.1,2015,August
2015-08,Jowar,Latur,Nilanga,12.9,12.34,13.14,7.0,2015,August
2015-08,Jowar,Osmanabad,Osmanabad,17.17,15.84,21.75,23.3,2015,August
2015-08,Jowar,Aurangabad,Paithan,16.17,15.94,16.39,19.5,2015,August
2015-08,Jowar,Parbhani,Palam,17.17,17.17,18.27,6.1,2015,August
2015-08,Jowar,Yewatmal,Pandharkawada,11.0,11.0,11.0,1.2,2015,August
2015-08,Jowar,Solapur,Pandharpur,19.12,18.25,19.64,14.8,2015,August
2015-08,Jowar,Osmanabad,Paranda,16.67,14.5,19.67,10.5,2015,August
2015-08,Jowar,Parbhani,Parbhani,16.17,15.52,17.37,13.1,2015,August
2015-08,Jowar,Beed,Parli-Vaijnath,16.7,15.23,16.97,11.6,2015,August
2015-08,Jowar,Jalna,Partur,13.59,12.16,14.76,20.4,2015,August
2015-08,Jowar,Ahmadnagar,Pathardi,16.12,15.5,17.28,20.1,2015,August
2015-08,Jowar,Parbhani,Pathari,8.13,8.13,18.5,3.3,2015,August
2015-08,Jowar,Akola,Patur,14.53,13.25,15.25,1.9,2015,August
2015-08,Jowar,Satara,Phaltan,19.88,14.38,25.69,83.3,2015,August
2015-08,Jowar,Pune,Pune,27.73,25.6,28.93,563.9,2015,August
2015-08,Jowar,Parbhani,Purna,12.67,11.85,16.09,3.0,2015,August
2015-08,Jowar,Ahmadnagar,Rahata,11.52,11.52,12.2,6.6,2015,August
2015-08,Jowar,Ahmadnagar,Rahuri-Vambori,14.5,13.77,15.04,16.7,2015,August
2015-08,Jowar,Jalgaon,Raver,13.12,12.33,13.51,9.4,2015,August
2015-08,Jowar,Parbhani,Sailu,14.5,11.5,19.0,5.0,2015,August
2015-08,Jowar,Sangli,Sangali,21.07,16.23,24.83,710.1,2015,August
2015-08,Jowar,Ahmadnagar,Sangamner,16.54,15.92,16.92,20.1,2015,August
2015-08,Jowar,Buldhana,Sangrampur,11.04,9.85,11.75,19.9,2015,August
2015-08,Jowar,Hingoli,Sengaon,15.9,15.9,15.9,2.6,2015,August
2015-08,Jowar,Nandurbar,Shahada,13.93,13.6,14.84,5.8,2015,August
2015-08,Jowar,Buldhana,Shegaon,11.95,11.15,12.74,33.8,2015,August
2015-08,Jowar,Ahmadnagar,Shevgaon,17.18,13.83,17.18,151.0,2015,August
2015-08,Jowar,Ahmadnagar,Shevgaon-Bodhegaon,15.26,14.25,15.26,52.0,2015,August
2015-08,Jowar,Dhule,Shirpur,13.79,12.43,15.35,87.0,2015,August
2015-08,Jowar,Pune,Shirur,14.51,13.46,15.23,24.9,2015,August
2015-08,Jowar,Ahmadnagar,Shrirampur,16.98,15.58,18.08,18.7,2015,August
2015-08,Jowar,Aurangabad,Sillod,11.63,10.75,12.0,2.5,2015,August
2015-08,Jowar,Aurangabad,Sillod-Bharadi,11.25,11.25,11.25,0.2,2015,August
2015-08,Jowar,Nasik,Sinner,11.83,10.04,12.98,8.8,2015,August
2015-08,Jowar,Solapur,Solapur,18.09,16.9,32.22,61.3,2015,August
2015-08,Jowar,Akola,Telhara,11.62,11.34,11.93,42.0,2015,August
2015-08,Jowar,Osmanabad,Tuljapur,24.5,24.5,24.5,0.3,2015,August
2015-08,Jowar,Latur,Udgir,13.37,12.54,13.37,21.4,2015,August
2015-08,Jowar,Nagpur,Umared,17.67,15.67,19.17,1.0,2015,August
2015-08,Jowar,Osmanabad,Umarga,15.51,15.15,15.9,2.9,2015,August
2015-08,Jowar,Yewatmal,Umarkhed,14.5,14.0,15.0,40.0,2015,August
2015-08,Jowar,Yewatmal,Umarkhed-Danki,14.5,14.5,27.0,30.0,2015,August
2015-08,Jowar,Satara,Vaduj,22.0,20.0,22.0,261.0,2015,August
2015-08,Jowar,Amaravathi,Varud-Rajura Bazar,11.95,11.75,12.16,1.1,2015,August
2015-08,Jowar,Wasim,Washim,12.36,11.57,13.68,16.8,2015,August
2015-08,Onion,Ahmadnagar,Ahmednagar,46.35,19.55,66.8,2352.3,2015,August
2015-08,Onion,Solapur,Akluj,45.53,22.0,45.53,63.0,2015,August
2015-08,Onion,Ahmadnagar,Akole,39.82,12.0,53.61,861.9,2015,August
2015-08,Onion,Amaravathi,Amarawati,42.43,37.5,58.5,0.6,2015,August
2015-08,Onion,Aurangabad,Aurangabad,30.95,21.94,39.81,295.8,2015,August
2015-08,Onion,Pune,Baramati,46.0,18.68,50.83,173.4,2015,August
2015-08,Onion,Solapur,Barshi,24.63,15.42,33.27,115.1,2015,August
2015-08,Onion,Thane,Bhivandi,24.25,20.5,28.0,65.1,2015,August
2015-08,Onion,Chandrapur,Chandrapur-Ganjwad,38.8,33.0,44.8,155.2,2015,August
2015-08,Onion,Nasik,Chandvad,42.02,15.47,45.37,1205.3,2015,August
2015-08,Onion,Nasik,Devala,42.48,22.44,46.36,3666.5,2015,August
2015-08,Onion,Dhule,Dhule,37.98,11.68,43.02,1759.9,2015,August
2015-08,Onion,Nasik,Dindori-Vani,41.82,35.79,46.36,2373.1,2015,August
2015-08,Onion,Aurangabad,Gangapur,22.94,12.88,42.56,57.7,2015,August
2015-08,Onion,Pune,Indapur,28.92,25.08,33.75,1.3,2015,August
2015-08,Onion,Jalgaon,Jalgaon,30.8,21.7,40.6,149.1,2015,August
2015-08,Onion,Ahmadnagar,Jamkhed,28.5,15.5,42.75,24.8,2015,August
2015-08,Onion,Pune,Junnar,43.75,25.63,51.5,3174.5,2015,August
2015-08,Onion,Beed,Kada,40.63,8.25,48.88,33.6,2015,August
2015-08,Onion,Nasik,Kalvan,44.54,11.14,51.11,6634.9,2015,August
2015-08,Onion,Thane,Kalyan,41.21,38.35,44.88,269.4,2015,August
2015-08,Onion,Nagpur,Kamthi,41.0,26.47,53.53,10.0,2015,August
2015-08,Onion,Aurangabad,Kannad,25.0,14.0,40.0,11.7,2015,August
2015-08,Onion,Satara,Karad,41.25,31.25,41.25,32.1,2015,August
2015-08,Onion,Kolhapur,Kolhapur,41.16,24.0,50.5,4488.5,2015,August
2015-08,Onion,Ahmadnagar,Kopargaon,43.06,15.88,50.25,974.5,2015,August
2015-08,Onion,Satara,Koregaon,34.5,32.0,38.0,10.2,2015,August
2015-08,Onion,Solapur,Kurdwadi,31.85,24.63,39.07,5.1,2015,August
2015-08,Onion,Solapur,Kurdwadi-Modnimb,35.45,22.31,43.54,10.6,2015,August
2015-08,Onion,Nasik,Lasalgaon,41.24,23.42,46.16,5096.8,2015,August
2015-08,Onion,Nasik,Lasalgaon-Niphad,39.42,20.48,43.41,944.2,2015,August
2015-08,Onion,Aurangabad,Lasur Station,38.33,9.67,50.33,563.4,2015,August
2015-08,Onion,Satara,Lonand,38.0,27.0,42.06,58.3,2015,August
2015-08,Onion,Nasik,Malegaon,39.91,15.13,46.41,2838.9,2015,August
2015-08,Onion,Buldhana,Malkapur,33.36,25.32,41.66,55.5,2015,August
2015-08,Onion,Pune,Manchar,38.78,19.66,60.78,637.5,2015,August
2015-08,Onion,Nasik,Manmad,41.94,19.64,46.78,2208.0,2015,August
2015-08,Onion,Mumbai,Mumbai,44.09,36.79,46.9,19713.0,2015,August
2015-08,Onion,Nagpur,Nagpur,37.74,19.19,43.92,5060.6,2015,August
2015-08,Onion,Ahmadnagar,Newasa-Ghodegaon,39.23,10.15,51.15,11646.1,2015,August
2015-08,Onion,Osmanabad,Osmanabad,38.33,35.0,41.67,3.7,2015,August
2015-08,Onion,Thane,Palghar(Bevur),37.69,37.02,39.09,25.3,2015,August
2015-08,Onion,Solapur,Pandharpur,37.61,16.54,46.86,102.1,2015,August
2015-08,Onion,Ahmadnagar,Parner,41.88,26.15,50.62,829.0,2015,August
2015-08,Onion,Ahmadnagar,Pathardi,27.07,5.0,38.29,63.6,2015,August
2015-08,Onion,Satara,Phaltan,36.25,13.25,50.5,216.8,2015,August
2015-08,Onion,Nasik,Pimpalgaon (B)-Saykheda,38.64,20.42,45.49,3546.1,2015,August
2015-08,Onion,Nasik,Pimpalgaon Basawant,41.95,21.23,47.63,10918.1,2015,August
2015-08,Onion,Pune,Pune,44.46,18.67,47.58,14504.1,2015,August
2015-08,Onion,Pune,Pune-Pimpri,41.28,32.16,45.74,25.2,2015,August
2015-08,Onion,Ahmadnagar,Rahata,39.0,16.0,51.92,3165.8,2015,August
2015-08,Onion,Ahmadnagar,Rahuri,24.05,7.38,44.05,5072.8,2015,August
2015-08,Onion,Ahmadnagar,Rahuri-Vambori,39.58,16.67,50.08,1262.3,2015,August
2015-08,Onion,Nagpur,Ramtek,34.0,30.79,37.5,7.1,2015,August
2015-08,Onion,Ahmadnagar,Sangamner,34.87,17.08,52.65,1341.3,2015,August
2015-08,Onion,Sangli,Sangli-Phale Bhajipalam,35.85,20.69,47.73,1407.3,2015,August
2015-08,Onion,Nasik,Satana,38.69,21.69,46.25,8399.8,2015,August
2015-08,Onion,Satara,Satara,45.94,36.33,48.56,244.0,2015,August
2015-08,Onion,Dhule,Shirpur,38.22,21.0,41.09,70.7,2015,August
2015-08,Onion,Ahmadnagar,Shrirampur,40.88,16.75,53.0,5570.5,2015,August
2015-08,Onion,Nasik,Sinner,40.76,12.11,48.25,2597.9,2015,August
2015-08,Onion,Solapur,Solapur,32.74,9.69,49.96,7586.1,2015,August
2015-08,Onion,Satara,Vai,45.03,35.0,46.67,346.0,2015,August
2015-08,Onion,Aurangabad,Vaijapur,37.83,12.17,50.17,421.5,2015,August
2015-08,Onion,Thane,Vasai,36.54,27.96,48.21,112.5,2015,August
2015-08,Onion,Nasik,Yeola,41.79,15.39,48.4,6075.2,2015,August
2015-08,Rice,Gondiya,Aamgaon,15.62,15.2,16.03,504.6,2015,August
2015-08,Rice,Gadchiroli,Aheri,16.0181,15.6516,16.4304,51.3,2015,August
2015-08,Rice,Latur,Ahmedpur,13.6,13.6,13.6,0.1,2015,August
2015-08,Rice,Solapur,Akkolkot,20.0,20.0,20.0,0.3,2015,August
2015-08,Rice,Ahmadnagar,Akole,16.25,14.75,20.0,5.8,2015,August
2015-08,Rice,Raigad,Alibag,19.8002,18.8002,20.8002,160.5,2015,August
2015-08,Rice,Gondiya,Arjuni Morgaon,16.0,15.51,16.08,107.7,2015,August
2015-08,Rice,Gadchiroli,Armori,16.51,15.76,16.84,255.3,2015,August
2015-08,Rice,Gadchiroli,Armori-Desaiganj,16.68,15.44,17.03,2755.1,2015,August
2015-08,Rice,Solapur,Barshi,14.03,13.62,14.23,36.5,2015,August
2015-08,Rice,Bhandara,Bhandara,25.45,24.75,26.02,31.7,2015,August
2015-08,Rice,Thane,Bhivandi,23.0,20.8,25.4,42.6,2015,August
2015-08,Rice,Nagpur,Bhiwapur,19.6,19.17,19.6,70.0,2015,August
2015-08,Rice,Nanded,Bhokar,15.5,15.5,15.5,0.1,2015,August
2015-08,Rice,Chandrapur,Brahmpuri,18.44,18.0,18.88,99.5,2015,August
2015-08,Rice,Gadchiroli,Chamorshi,22.43,17.63,22.43,1091.6,2015,August
2015-08,Rice,Chandrapur,Chimur,18.86,18.0,19.72,315.0,2015,August
2015-08,Rice,Nasik,Devala,16.3,16.3,16.3,0.3,2015,August
2015-08,Rice,Gadchiroli,Gadchiroli,17.52,16.75,17.83,504.7,2015,August
2015-08,Rice,Gondiya,Gondiya,14.81,14.2,15.49,895.4,2015,August
2015-08,Rice,Chandrapur,Gondpimpri,19.63,19.0,20.13,34.2,2015,August
2015-08,Rice,Pune,Indapur,11.68,11.68,11.68,0.3,2015,August
2015-08,Rice,Pune,Indapur-Bhigwan,14.48,13.8,14.66,18.0,2015,August
2015-08,Rice,Thane,Kalyan,23.5,23.0,24.0,0.3,2015,August
2015-08,Rice,Raigad,Karjat (Raigad),20.2265,15.8688,25.9155,370.0,2015,August
2015-08,Rice,Nasik,Lasalgaon,16.61,16.28,16.61,0.3,2015,August
2015-08,Rice,Raigad,Mahad,14.25,14.0,14.5,3.6,2015,August
2015-08,Rice,Raigad,Mangaon(Bhadav),24.1754,17.5956,33.3419,13.6,2015,August
2015-08,Rice,Chandrapur,Mul,21.39,20.0,22.28,2140.8,2015,August
2015-08,Rice,Mumbai,Mumbai,58.66,43.46,69.02,46898.1,2015,August
2015-08,Rice,Thane,Murbad,17.37,17.37,19.37,41.0,2015,August
2015-08,Rice,Chandrapur,Nagbhid,19.68,17.16,19.68,1175.2,2015,August
2015-08,Rice,Nagpur,Nagpur,27.54,25.4,28.25,351.4,2015,August
2015-08,Rice,Pune,Nira,27.0,22.0,32.0,0.6,2015,August
2015-08,Rice,Thane,Palghar(Bevur),25.92,22.56,31.71,484.2,2015,August
2015-08,Rice,Bhandara,Pavani,17.78,17.37,18.03,50.1,2015,August
2015-08,Rice,Raigad,Pen,27.262,20.17,34.102,12.0,2015,August
2015-08,Rice,Pune,Pune,48.72,43.57,52.01,1663.1,2015,August
2015-08,Rice,Raigad,Roha,13.6,13.2,14.0,3.2,2015,August
2015-08,Rice,Thane,Shahapur,17.29,16.0,18.51,2.7,2015,August
2015-08,Rice,Ahmadnagar,Shrirampur,11.72,11.72,11.72,0.4,2015,August
2015-08,Rice,Chandrapur,Sindevahi,17.72,17.72,18.84,448.4,2015,August
2015-08,Rice,Nasik,Sinner,15.02,15.02,15.02,0.1,2015,August
2015-08,Rice,Solapur,Solapur,34.27,21.24,53.56,1376.1,2015,August
2015-08,Rice,Bhandara,Tumsar,17.7414,16.8146,18.4582,2294.7,2015,August
2015-08,Rice,Nagpur,Umared,27.8,20.0,34.6,110.0,2015,August
2015-08,Rice,Thane,Vasai,26.3962,18.6445,38.7791,680.4,2015,August
2015-08,Rice,Wasim,Washim,13.5,13.0,14.0,0.2,2015,August
2015-08,Soybean,Yewatmal,Aarni,30.81,29.63,32.37,35.0,2015,August
2015-08,Soybean,Amaravathi,Achalpur,31.7,31.0,32.38,75.5,2015,August
2015-08,Soybean,Latur,Ahmedpur,32.82,32.51,32.83,42.2,2015,August
2015-08,Soybean,Hingoli,Akhadabalapur,32.78,32.11,33.44,25.8,2015,August
2015-08,Soybean,Akola,Akola,31.77,29.95,32.52,1092.3,2015,August
2015-08,Soybean,Ahmadnagar,Akole,30.0,28.25,31.38,14.1,2015,August
2015-08,Soybean,Akola,Akot,32.25,31.0,33.51,301.5,2015,August
2015-08,Soybean,Amaravathi,Amarawati,32.6,32.41,33.13,3.9,2015,August
2015-08,Soybean,Jalna,Ambad(Vadi Godri),31.0,30.0,31.8,1.1,2015,August
2015-08,Soybean,Beed,Ambejogai,32.76,32.23,33.0,139.5,2015,August
2015-08,Soybean,Amaravathi,Anajngaon Surji,31.02,29.58,31.85,88.7,2015,August
2015-08,Soybean,Latur,Ausa,31.04,31.04,33.26,86.9,2015,August
2015-08,Soybean,Yewatmal,Babhulgaon,31.63,29.29,33.37,368.5,2015,August
2015-08,Soybean,Akola,Balapur,30.55,28.0,31.35,42.2,2015,August
2015-08,Soybean,Pune,Baramati,31.76,30.75,32.01,3.4,2015,August
2015-08,Soybean,Solapur,Barshi-Vairag,33.55,33.47,33.63,2.0,2015,August
2015-08,Soybean,Beed,Beed,32.5,32.41,32.5,9.4,2015,August
2015-08,Soybean,Bhandara,Bhandara,30.5,30.5,30.5,1.0,2015,August
2015-08,Soybean,Nanded,Bhokar,32.35,32.07,32.79,16.1,2015,August
2015-08,Soybean,Jalna,Bhokardan,31.73,31.2,32.2,10.5,2015,August
2015-08,Soybean,Jalna,Bhokardan-Pimpalgaon Renu,32.0,31.13,32.5,6.3,2015,August
2015-08,Soybean,Buldhana,Buldhana,31.56,30.5,32.52,34.5,2015,August
2015-08,Soybean,Jalgaon,Chalisgaon,31.25,30.0,32.5,2.0,2015,August
2015-08,Soybean,Amaravathi,Chandur Bajar,30.56,28.2,32.31,197.0,2015,August
2015-08,Soybean,Amaravathi,Chandur Rly.,31.69,30.74,32.29,74.9,2015,August
2015-08,Soybean,Buldhana,Chikhali,31.1,30.01,32.04,69.1,2015,August
2015-08,Soybean,Amaravathi,Daryapur,32.07,29.51,32.63,253.7,2015,August
2015-08,Soybean,Amaravathi,Dhamangaon-Rly,31.0,29.88,32.84,131.0,2015,August
2015-08,Soybean,Dhule,Dhule,30.84,30.04,30.9,5.5,2015,August
2015-08,Soybean,Yewatmal,Digras,31.62,31.5,31.75,9.4,2015,August
2015-08,Soybean,Beed,Gevrai,31.71,31.19,31.85,4.5,2015,August
2015-08,Soybean,Wardha,Hinganghat,31.18,29.43,32.83,1150.8,2015,August
2015-08,Soybean,Hingoli,Hingoli,32.37,30.96,32.37,466.6,2015,August
2015-08,Soybean,Pune,Indapur,22.0,22.0,22.0,0.1,2015,August
2015-08,Soybean,Jalna,Jafrabad,30.5,29.5,32.0,2.7,2015,August
2015-08,Soybean,Buldhana,Jalgaon Jamod,32.0,31.0,33.0,8.5,2015,August
2015-08,Soybean,Buldhana,Jalgaon Jamod-Aasalgaon,31.57,30.64,32.5,121.6,2015,August
2015-08,Soybean,Latur,Jalkot,33.0,28.0,34.0,1.2,2015,August
2015-08,Soybean,Jalna,Jalna,31.86,30.42,32.17,132.6,2015,August
2015-08,Soybean,Ahmadnagar,Jamkhed,33.31,32.0,34.63,3.0,2015,August
2015-08,Soybean,Hingoli,Jawala-Bajar,32.32,31.51,32.45,20.4,2015,August
2015-08,Soybean,Parbhani,Jintur,32.22,30.24,32.54,42.8,2015,August
2015-08,Soybean,Beed,Kada,29.0,29.0,29.0,0.2,2015,August
2015-08,Soybean,Osmanabad,Kalamb (Os),32.93,32.14,33.11,54.8,2015,August
2015-08,Soybean,Hingoli,Kalamnuri,32.86,32.57,32.86,32.3,2015,August
2015-08,Soybean,Nagpur,Kalmeshwar,28.83,28.83,28.83,3.2,2015,August
2015-08,Soybean,Nasik,Kalvan,32.32,32.32,32.32,0.5,2015,August
2015-08,Soybean,Wasim,Karanja,32.05,30.47,33.02,983.0,2015,August
2015-08,Soybean,Nagpur,Katol,31.43,30.27,32.65,823.5,2015,August
2015-08,Soybean,Buldhana,Khamgaon,31.53,29.12,32.46,1434.6,2015,August
2015-08,Soybean,Beed,Kille Dharur,32.53,31.83,32.64,13.3,2015,August
2015-08,Soybean,Ahmadnagar,Kopargaon,31.1,29.83,31.36,9.5,2015,August
2015-08,Soybean,Nasik,Lasalgaon,33.23,27.56,33.62,97.8,2015,August
2015-08,Soybean,Nasik,Lasalgaon-Vinchur,32.63,24.58,33.31,23.5,2015,August
2015-08,Soybean,Aurangabad,Lasur Station,32.27,32.24,32.33,5.5,2015,August
2015-08,Soybean,Latur,Latur,33.05,32.06,33.72,1526.8,2015,August
2015-08,Soybean,Latur,Latur-Murud,32.68,32.38,32.9,11.7,2015,August
2015-08,Soybean,Buldhana,Lonar,31.92,30.97,33.04,392.0,2015,August
2015-08,Soybean,Beed,Majalgaon,31.86,30.71,32.4,22.8,2015,August
2015-08,Soybean,Buldhana,Malkapur,31.61,29.38,32.3,293.1,2015,August
2015-08,Soybean,Nagpur,Mandhal,30.55,30.55,30.55,0.6,2015,August
2015-08,Soybean,Wasim,Mangrulpeer,33.5,29.1,34.47,705.5,2015,August
2015-08,Soybean,Wasim,Manora,31.77,29.85,32.99,85.7,2015,August
2015-08,Soybean,Jalna,Mantha,30.0,29.0,31.0,1.2,2015,August
2015-08,Soybean,Parbhani,Manwat,32.28,31.91,32.42,11.2,2015,August
2015-08,Soybean,Buldhana,Mehkar,32.17,29.5,33.38,207.5,2015,August
2015-08,Soybean,Amaravathi,Morshi,31.44,31.0,32.29,45.0,2015,August
2015-08,Soybean,Akola,Murtizapur,31.49,29.96,32.73,575.0,2015,August
2015-08,Soybean,Osmanabad,Murum,32.65,32.65,32.65,1.3,2015,August
2015-08,Soybean,Nagpur,Nagpur,31.56,29.15,32.37,87.6,2015,August
2015-08,Soybean,Buldhana,Nandura,33.05,29.71,33.19,199.8,2015,August
2015-08,Soybean,Nandurbar,Nandurbar,30.87,30.87,30.87,0.5,2015,August
2015-08,Soybean,Yewatmal,Ner Parasopant,31.78,30.68,32.89,192.0,2015,August
2015-08,Soybean,Latur,Nilanga,33.22,32.67,33.5,57.1,2015,August
2015-08,Soybean,Parbhani,Palam,31.0,31.0,31.5,9.8,2015,August
2015-08,Soybean,Parbhani,Parbhani,31.7,30.96,32.04,27.4,2015,August
2015-08,Soybean,Beed,Parli-Vaijnath,32.95,32.23,32.97,84.8,2015,August
2015-08,Soybean,Jalna,Partur,32.27,31.88,32.59,8.9,2015,August
2015-08,Soybean,Parbhani,Pathari,10.33,10.33,31.06,5.3,2015,August
2015-08,Soybean,Akola,Patur,31.52,30.7,32.5,9.1,2015,August
2015-08,Soybean,Parbhani,Purna,32.17,30.75,32.53,11.0,2015,August
2015-08,Soybean,Ahmadnagar,Rahuri-Vambori,31.28,31.25,31.32,2.4,2015,August
2015-08,Soybean,Wasim,Risod,31.38,30.5,32.69,678.9,2015,August
2015-08,Soybean,Parbhani,Sailu,32.2,31.5,32.75,6.4,2015,August
2015-08,Soybean,Sangli,Sangali,32.88,30.33,34.21,103.2,2015,August
2015-08,Soybean,Ahmadnagar,Sangamner,31.0,30.0,32.0,12.7,2015,August
2015-08,Soybean,Buldhana,Sangrampur,31.19,27.9,32.29,11.3,2015,August
2015-08,Soybean,Nagpur,Savner,29.0,27.83,29.55,5.5,2015,August
2015-08,Soybean,Hingoli,Sengaon,32.88,32.61,33.15,84.3,2015,August
2015-08,Soybean,Buldhana,Shegaon,30.9,29.64,32.14,94.1,2015,August
2015-08,Soybean,Dhule,Shirpur,30.0,20.0,30.0,1.5,2015,August
2015-08,Soybean,Ahmadnagar,Shrirampur,30.5,30.0,31.0,0.5,2015,August
2015-08,Soybean,Aurangabad,Sillod,33.25,32.25,34.0,8.3,2015,August
2015-08,Soybean,Aurangabad,Sillod-Bharadi,30.75,29.0,30.75,2.5,2015,August
2015-08,Soybean,Nasik,Sinner,32.5,32.47,32.88,1.1,2015,August
2015-08,Soybean,Akola,Telhara,31.37,30.68,32.13,62.0,2015,August
2015-08,Soybean,Latur,Udgir,33.57,33.27,33.57,209.2,2015,August
2015-08,Soybean,Nagpur,Umared,30.67,29.0,31.68,50.0,2015,August
2015-08,Soybean,Osmanabad,Umarga,31.47,31.12,31.67,5.3,2015,August
2015-08,Soybean,Yewatmal,Umarkhed,32.5,30.0,34.25,50.0,2015,August
2015-08,Soybean,Yewatmal,Umarkhed-Danki,32.33,30.0,34.0,40.0,2015,August
2015-08,Soybean,Chandrapur,Varora,30.0,29.0,31.61,5.9,2015,August
2015-08,Soybean,Amaravathi,Varud-Rajura Bazar,32.98,32.33,33.31,3.4,2015,August
2015-08,Soybean,Wardha,Wardha,32.55,28.91,32.55,37.1,2015,August
2015-08,Soybean,Wasim,Washim,32.03,31.0,33.32,3221.7,2015,August
2015-08,Soybean,Yewatmal,Yeotmal,32.4,30.29,33.21,595.8,2015,August
2015-09,Bajra,Ahmadnagar,Ahmednagar,15.53,14.38,15.88,5.1,2015,September
2015-09,Bajra,Akola,Akola,13.0,10.0,13.0,2.0,2015,September
2015-09,Bajra,Ahmadnagar,Akole,15.63,14.0,18.0,1.3,2015,September
2015-09,Bajra,Jalgaon,Amalner,12.75,11.75,12.75,6.7,2015,September
2015-09,Bajra,Amaravathi,Amarawati,13.55,13.03,14.85,5.1,2015,September
2015-09,Bajra,Jalna,Ambad(Vadi Godri),14.8,13.07,17.02,180.2,2015,September
2015-09,Bajra,Beed,Ambejogai,15.0,15.0,15.0,0.2,2015,September
2015-09,Bajra,Solapur,Barshi,15.51,15.51,15.51,0.2,2015,September
2015-09,Bajra,Beed,Beed,14.32,13.31,15.21,117.7,2015,September
2015-09,Bajra,Jalgaon,Bhusaval,13.0,12.06,13.0,1.5,2015,September
2015-09,Bajra,Jalgaon,Chalisgaon,13.93,13.14,14.4,123.0,2015,September
2015-09,Bajra,Jalgaon,Chopda,13.49,12.78,13.75,59.5,2015,September
2015-09,Bajra,Nasik,Devala,14.87,14.11,15.47,15.6,2015,September
2015-09,Bajra,Dhule,Dhule,13.91,12.65,14.86,525.2,2015,September
2015-09,Bajra,Yewatmal,Digras,14.65,12.95,15.5,1.2,2015,September
2015-09,Bajra,Dhule,Dondaicha,13.43,12.13,14.0,220.2,2015,September
2015-09,Bajra,Pune,Dound,15.74,13.75,17.62,127.8,2015,September
2015-09,Bajra,Solapur,Dudhani,13.05,13.05,13.05,1.3,2015,September
2015-09,Bajra,Aurangabad,Gangapur,14.56,13.66,15.12,41.6,2015,September
2015-09,Bajra,Beed,Gevrai,13.63,12.92,14.05,402.2,2015,September
2015-09,Bajra,Jalna,Ghansawangi,13.55,13.0,14.0,8.6,2015,September
2015-09,Bajra,Pune,Indapur,15.48,15.04,15.79,2.5,2015,September
2015-09,Bajra,Pune,Indapur (Nimgaon Ketki),15.11,14.38,15.11,1.1,2015,September
2015-09,Bajra,Pune,Indapur-Bhigwan,16.33,14.33,19.07,31.7,2015,September
2015-09,Bajra,Jalgaon,Jalgaon,14.05,13.95,14.15,29.0,2015,September
2015-09,Bajra,Jalna,Jalna,13.87,12.65,15.27,869.0,2015,September
2015-09,Bajra,Jalna,Jalna-Badnapur,12.82,12.41,13.02,2.6,2015,September
2015-09,Bajra,Ahmadnagar,Jamkhed,15.37,14.57,16.17,18.8,2015,September
2015-09,Bajra,Beed,Kada,15.01,14.42,15.59,38.1,2015,September
2015-09,Bajra,Osmanabad,Kalamb (Os),14.88,14.42,14.94,2.9,2015,September
2015-09,Bajra,Nasik,Kalvan,14.12,13.86,15.2,8.0,2015,September
2015-09,Bajra,Thane,Kalyan,16.83,15.0,18.67,0.9,2015,September
2015-09,Bajra,Beed,Kej,15.75,15.07,16.85,12.0,2015,September
2015-09,Bajra,Buldhana,Khamgaon,12.66,12.54,12.73,7.8,2015,September
2015-09,Bajra,Beed,Kille Dharur,17.33,13.37,18.94,38.0,2015,September
2015-09,Bajra,Ahmadnagar,Kopargaon,14.5,13.4,14.73,6.6,2015,September
2015-09,Bajra,Nasik,Lasalgaon,15.76,14.12,16.7,46.0,2015,September
2015-09,Bajra,Nasik,Lasalgaon-Vinchur,14.85,14.82,15.32,7.4,2015,September
2015-09,Bajra,Aurangabad,Lasur Station,13.84,13.23,15.04,375.9,2015,September
2015-09,Bajra,Satara,Lonand,15.38,13.06,17.38,22.3,2015,September
2015-09,Bajra,Beed,Majalgaon,15.15,13.38,16.31,90.2,2015,September
2015-09,Bajra,Nasik,Malegaon,14.95,13.14,16.03,340.1,2015,September
2015-09,Bajra,Buldhana,Malkapur,13.26,13.25,13.43,3.3,2015,September
2015-09,Bajra,Nasik,Manmad,14.78,14.15,15.38,15.1,2015,September
2015-09,Bajra,Nasik,Nandgaon,13.92,13.44,14.69,132.0,2015,September
2015-09,Bajra,Buldhana,Nandura,12.87,11.47,12.87,5.8,2015,September
2015-09,Bajra,Nandurbar,Nandurbar,13.3,11.4,14.85,63.9,2015,September
2015-09,Bajra,Pune,Nira,17.06,15.5,18.63,9.7,2015,September
2015-09,Bajra,Jalgaon,Pachora,13.85,13.59,14.11,150.0,2015,September
2015-09,Bajra,Aurangabad,Paithan,13.46,12.98,13.75,66.9,2015,September
2015-09,Bajra,Beed,Parli-Vaijnath,13.26,12.45,13.57,4.3,2015,September
2015-09,Bajra,Jalna,Partur,19.05,18.65,19.75,9.1,2015,September
2015-09,Bajra,Ahmadnagar,Pathardi,13.81,12.59,14.53,30.1,2015,September
2015-09,Bajra,Parbhani,Pathari,14.34,13.72,14.69,4.0,2015,September
2015-09,Bajra,Satara,Phaltan,17.17,12.83,20.08,101.2,2015,September
2015-09,Bajra,Pune,Pune,19.2,17.73,19.82,18.3,2015,September
2015-09,Bajra,Yewatmal,Pusad,14.72,13.81,15.38,5.7,2015,September
2015-09,Bajra,Ahmadnagar,Rahata,13.39,13.06,13.85,8.2,2015,September
2015-09,Bajra,Ahmadnagar,Rahuri-Vambori,14.8,14.33,15.12,5.6,2015,September
2015-09,Bajra,Jalgaon,Raver,12.0,12.0,12.0,0.4,2015,September
2015-09,Bajra,Sangli,Sangali,16.41,13.81,17.88,170.6,2015,September
2015-09,Bajra,Ahmadnagar,Sangamner,15.22,14.11,16.09,56.7,2015,September
2015-09,Bajra,Nasik,Satana,14.79,13.96,15.65,12.1,2015,September
2015-09,Bajra,Nandurbar,Shahada,13.94,13.91,27.66,6.9,2015,September
2015-09,Bajra,Buldhana,Shegaon,13.25,13.25,13.25,0.3,2015,September
2015-09,Bajra,Ahmadnagar,Shevgaon,14.21,11.9,14.63,69.2,2015,September
2015-09,Bajra,Ahmadnagar,Shevgaon-Bodhegaon,14.83,13.55,14.83,59.6,2015,September
2015-09,Bajra,Dhule,Shirpur,13.34,11.32,13.96,173.8,2015,September
2015-09,Bajra,Pune,Shirur,14.45,13.21,15.23,34.9,2015,September
2015-09,Bajra,Ahmadnagar,Shrirampur,14.66,14.46,14.96,14.2,2015,September
2015-09,Bajra,Ahmadnagar,Shrirampur-Belapur,12.5,12.5,12.5,0.5,2015,September
2015-09,Bajra,Aurangabad,Sillod,12.5,12.0,13.0,7.4,2015,September
2015-09,Bajra,Nasik,Sinner,14.62,13.08,15.43,54.2,2015,September
2015-09,Bajra,Osmanabad,Umarga,14.8,14.8,14.8,0.4,2015,September
2015-09,Bajra,Satara,Vaduj,15.5,14.0,15.5,8.5,2015,September
2015-09,Bajra,Nasik,Yeola,14.63,13.82,15.6,6.5,2015,September
2015-09,Cotton,Nanded,Bhokar,40.3,40.0,41.0,0.5,2015,September
2015-09,Cotton,Yewatmal,Mahagaon,39.5,39.0,40.0,180.1,2015,September
2015-09,Cotton,Parbhani,Parbhani,45.0,45.0,45.0,187.5,2015,September
2015-09,Cotton,Yewatmal,Ralegaon,40.5,40.0,41.0,4.1,2015,September
2015-09,Cotton,Aurangabad,Soygaon,40.0,38.0,40.5,3.9,2015,September
2015-09,Jowar,Yewatmal,Aarni,12.73,12.44,13.13,16.5,2015,September
2015-09,Jowar,Ahmadnagar,Ahmednagar,18.98,16.22,21.0,66.5,2015,September
2015-09,Jowar,Latur,Ahmedpur,18.46,15.38,18.46,29.4,2015,September
2015-09,Jowar,Hingoli,Akhadabalapur,15.3,14.8,15.8,14.0,2015,September
2015-09,Jowar,Solapur,Akluj,20.05,20.05,20.05,1.0,2015,September
2015-09,Jowar,Akola,Akola,13.0,12.1,14.21,72.4,2015,September
2015-09,Jowar,Akola,Akot,12.0,11.06,12.68,25.0,2015,September
2015-09,Jowar,Jalgaon,Amalner,14.76,12.0,14.76,12.1,2015,September
2015-09,Jowar,Amaravathi,Amarawati,16.08,15.09,18.37,5.1,2015,September
2015-09,Jowar,Jalna,Ambad(Vadi Godri),14.48,13.13,17.18,250.2,2015,September
2015-09,Jowar,Beed,Ambejogai,27.6,27.52,27.72,5.0,2015,September
2015-09,Jowar,Amaravathi,Anajngaon Surji,13.25,12.86,14.52,6.0,2015,September
2015-09,Jowar,Sangli,Atpadi,18.0,17.0,19.0,0.5,2015,September
2015-09,Jowar,Latur,Ausa,18.85,17.4,19.78,19.2,2015,September
2015-09,Jowar,Akola,Balapur,11.83,11.17,13.0,13.3,2015,September
2015-09,Jowar,Solapur,Barshi,19.93,16.47,23.59,1123.2,2015,September
2015-09,Jowar,Solapur,Barshi-Vairag,19.08,17.48,23.01,141.8,2015,September
2015-09,Jowar,Hingoli,Basmat,11.65,11.65,11.65,0.2,2015,September
2015-09,Jowar,Beed,Beed,16.99,15.69,19.38,205.7,2015,September
2015-09,Jowar,Jalna,Bhokardan,11.98,11.79,12.24,19.5,2015,September
2015-09,Jowar,Jalna,Bhokardan-Pimpalgaon Renu,12.14,11.87,12.4,8.7,2015,September
2015-09,Jowar,Jalgaon,Bhusaval,12.31,11.98,12.62,11.0,2015,September
2015-09,Jowar,Buldhana,Buldhana,12.0,11.5,12.75,3.5,2015,September
2015-09,Jowar,Jalgaon,Chalisgaon,13.78,11.88,14.11,115.0,2015,September
2015-09,Jowar,Jalgaon,Chopda,13.21,12.9,13.54,45.8,2015,September
2015-09,Jowar,Amaravathi,Daryapur,15.01,15.01,15.01,1.2,2015,September
2015-09,Jowar,Nasik,Devala,14.39,13.99,14.46,0.8,2015,September
2015-09,Jowar,Dhule,Dhule,14.3,13.29,14.62,161.7,2015,September
2015-09,Jowar,Yewatmal,Digras,14.61,14.5,14.63,7.1,2015,September
2015-09,Jowar,Dhule,Dondaicha,15.93,14.14,16.97,42.1,2015,September
2015-09,Jowar,Pune,Dound,17.19,15.71,20.51,231.2,2015,September
2015-09,Jowar,Solapur,Dudhani,18.82,16.96,19.25,29.5,2015,September
2015-09,Jowar,Aurangabad,Gangapur,15.46,14.62,16.71,32.4,2015,September
2015-09,Jowar,Beed,Gevrai,15.88,15.17,16.76,435.9,2015,September
2015-09,Jowar,Jalna,Ghansawangi,16.0,15.0,17.0,3.8,2015,September
2015-09,Jowar,Hingoli,Hingoli,17.21,16.68,17.21,89.0,2015,September
2015-09,Jowar,Pune,Indapur,20.19,16.41,23.53,22.6,2015,September
2015-09,Jowar,Pune,Indapur (Nimgaon Ketki),14.25,11.76,18.43,3.4,2015,September
2015-09,Jowar,Pune,Indapur-Bhigwan,18.0,15.0,24.67,66.2,2015,September
2015-09,Jowar,Jalna,Jafrabad,10.0,9.0,11.0,3.9,2015,September
2015-09,Jowar,Jalgaon,Jalgaon,13.69,13.42,14.21,155.0,2015,September
2015-09,Jowar,Buldhana,Jalgaon Jamod,12.0,12.0,12.0,0.2,2015,September
2015-09,Jowar,Buldhana,Jalgaon Jamod-Aasalgaon,12.4,11.4,13.4,31.4,2015,September
2015-09,Jowar,Latur,Jalkot,13.0,12.75,13.25,5.2,2015,September
2015-09,Jowar,Jalna,Jalna,16.59,13.25,21.23,1522.9,2015,September
2015-09,Jowar,Jalna,Jalna-Badnapur,14.0,14.0,15.0,0.5,2015,September
2015-09,Jowar,Ahmadnagar,Jamkhed,22.63,16.03,29.24,1111.6,2015,September
2015-09,Jowar,Parbhani,Jintur,13.7,13.08,14.8,42.3,2015,September
2015-09,Jowar,Beed,Kada,16.94,14.97,19.71,161.8,2015,September
2015-09,Jowar,Osmanabad,Kalamb (Os),22.54,20.75,23.5,85.0,2015,September
2015-09,Jowar,Hingoli,Kalamnuri,15.75,15.75,15.75,6.5,2015,September
2015-09,Jowar,Thane,Kalyan,19.17,17.33,20.67,0.9,2015,September
2015-09,Jowar,Wasim,Karanja,14.1,13.48,14.94,11.7,2015,September
2015-09,Jowar,Solapur,Karmala,22.0,16.14,29.04,180.0,2015,September
2015-09,Jowar,Nagpur,Katol,11.27,11.27,11.27,2.4,2015,September
2015-09,Jowar,Beed,Kej,23.87,23.27,24.5,25.1,2015,September
2015-09,Jowar,Buldhana,Khamgaon,13.01,12.58,13.34,103.0,2015,September
2015-09,Jowar,Beed,Kille Dharur,27.28,25.38,28.21,17.1,2015,September
2015-09,Jowar,Nanded,Kinwat,11.63,10.75,12.5,21.0,2015,September
2015-09,Jowar,Ahmadnagar,Kopargaon,14.97,13.9,15.45,13.2,2015,September
2015-09,Jowar,Satara,Koregaon,16.5,16.0,17.0,0.5,2015,September
2015-09,Jowar,Solapur,Kurdwadi,17.21,14.84,19.76,19.5,2015,September
2015-09,Jowar,Solapur,Kurdwadi-Modnimb,15.21,12.66,22.48,58.5,2015,September
2015-09,Jowar,Nasik,Lasalgaon,16.38,14.13,17.19,2.4,2015,September
2015-09,Jowar,Aurangabad,Lasur Station,16.89,13.6,20.71,177.3,2015,September
2015-09,Jowar,Latur,Latur,26.59,25.25,27.63,63.1,2015,September
2015-09,Jowar,Latur,Latur-Murud,16.64,15.58,17.61,9.1,2015,September
2015-09,Jowar,Nanded,Loha,12.52,11.84,13.75,8.7,2015,September
2015-09,Jowar,Satara,Lonand,19.13,16.0,21.88,14.2,2015,September
2015-09,Jowar,Buldhana,Lonar,13.04,12.55,13.53,83.3,2015,September
2015-09,Jowar,Beed,Majalgaon,19.35,12.37,23.65,70.2,2015,September
2015-09,Jowar,Nasik,Malegaon,15.62,15.3,17.18,7.0,2015,September
2015-09,Jowar,Buldhana,Malkapur,13.35,12.66,13.97,329.8,2015,September
2015-09,Jowar,Solapur,Mangalwedha,17.11,16.04,20.25,93.9,2015,September
2015-09,Jowar,Wasim,Mangrulpeer,13.0,10.81,13.26,5.2,2015,September
2015-09,Jowar,Parbhani,Manwat,14.74,13.08,17.15,27.7,2015,September
2015-09,Jowar,Buldhana,Mehkar,12.39,11.54,13.28,33.3,2015,September
2015-09,Jowar,Solapur,Mohol,18.78,16.38,19.38,3.0,2015,September
2015-09,Jowar,Amaravathi,Morshi,11.2,11.0,11.68,45.4,2015,September
2015-09,Jowar,Nanded,Mukhed,12.91,12.91,12.91,3.5,2015,September
2015-09,Jowar,Mumbai,Mumbai,24.5,17.0,32.0,171.7,2015,September
2015-09,Jowar,Osmanabad,Murum,18.79,18.79,18.79,2.0,2015,September
2015-09,Jowar,Nagpur,Nagpur,17.25,15.0,18.0,0.3,2015,September
2015-09,Jowar,Nanded,Naigaon,13.0,13.0,13.0,0.3,2015,September
2015-09,Jowar,Nanded,Nanded,13.26,13.1,13.44,72.0,2015,September
2015-09,Jowar,Nasik,Nandgaon,14.71,14.47,15.25,1.7,2015,September
2015-09,Jowar,Buldhana,Nandura,14.22,11.8,14.22,136.8,2015,September
2015-09,Jowar,Nandurbar,Nandurbar,12.73,11.76,14.22,1109.3,2015,September
2015-09,Jowar,Latur,Nilanga,12.8,11.54,13.8,4.4,2015,September
2015-09,Jowar,Pune,Nira,19.53,16.0,23.06,14.2,2015,September
2015-09,Jowar,Jalgaon,Pachora,13.67,13.35,14.0,147.6,2015,September
2015-09,Jowar,Aurangabad,Paithan,15.79,15.63,16.34,30.8,2015,September
2015-09,Jowar,Parbhani,Palam,17.34,17.34,18.34,5.3,2015,September
2015-09,Jowar,Solapur,Pandharpur,18.98,18.66,19.02,26.2,2015,September
2015-09,Jowar,Parbhani,Parbhani,15.88,15.63,16.75,1.8,2015,September
2015-09,Jowar,Beed,Parli-Vaijnath,15.15,14.7,15.75,35.7,2015,September
2015-09,Jowar,Jalna,Partur,13.78,12.66,15.65,33.3,2015,September
2015-09,Jowar,Ahmadnagar,Pathardi,16.81,15.69,17.79,36.3,2015,September
2015-09,Jowar,Parbhani,Pathari,11.17,11.17,19.59,2.7,2015,September
2015-09,Jowar,Akola,Patur,12.68,11.75,14.0,7.7,2015,September
2015-09,Jowar,Satara,Phaltan,20.33,15.87,26.0,48.8,2015,September
2015-09,Jowar,Pune,Pune,27.16,24.76,28.48,529.3,2015,September
2015-09,Jowar,Parbhani,Purna,15.07,13.09,16.47,13.5,2015,September
2015-09,Jowar,Yewatmal,Pusad,13.51,13.09,13.94,240.9,2015,September
2015-09,Jowar,Ahmadnagar,Rahata,12.47,12.22,12.54,7.1,2015,September
2015-09,Jowar,Ahmadnagar,Rahuri-Vambori,14.64,13.57,15.71,21.6,2015,September
2015-09,Jowar,Jalgaon,Raver,13.27,12.69,13.53,6.7,2015,September
2015-09,Jowar,Parbhani,Sailu,14.3,13.03,15.78,11.1,2015,September
2015-09,Jowar,Sangli,Sangali,22.53,16.67,25.63,824.0,2015,September
2015-09,Jowar,Ahmadnagar,Sangamner,17.6,16.9,18.0,10.4,2015,September
2015-09,Jowar,Buldhana,Sangrampur,11.3,9.4,12.2,9.1,2015,September
2015-09,Jowar,Hingoli,Sengaon,13.75,13.5,14.0,1.7,2015,September
2015-09,Jowar,Nandurbar,Shahada,14.07,13.9,14.41,10.3,2015,September
2015-09,Jowar,Buldhana,Shegaon,16.51,15.74,17.23,71.3,2015,September
2015-09,Jowar,Ahmadnagar,Shevgaon,17.48,13.65,17.48,235.7,2015,September
2015-09,Jowar,Ahmadnagar,Shevgaon-Bodhegaon,16.5,15.14,16.5,175.7,2015,September
2015-09,Jowar,Dhule,Shirpur,14.35,13.12,16.04,99.4,2015,September
2015-09,Jowar,Pune,Shirur,14.8,13.76,15.63,46.2,2015,September
2015-09,Jowar,Ahmadnagar,Shrirampur,18.29,15.66,19.44,36.1,2015,September
2015-09,Jowar,Ahmadnagar,Shrirampur-Belapur,10.0,10.0,10.0,0.1,2015,September
2015-09,Jowar,Aurangabad,Sillod,10.0,9.0,11.0,0.3,2015,September
2015-09,Jowar,Nasik,Sinner,18.75,16.54,19.37,4.1,2015,September
2015-09,Jowar,Solapur,Solapur,18.92,17.13,21.84,43.2,2015,September
2015-09,Jowar,Akola,Telhara,12.22,11.87,12.58,48.0,2015,September
2015-09,Jowar,Osmanabad,Tuljapur,16.5,16.5,16.5,1.7,2015,September
2015-09,Jowar,Nagpur,Umared,17.63,16.0,19.5,1.3,2015,September
2015-09,Jowar,Osmanabad,Umarga,15.92,15.92,23.13,12.2,2015,September
2015-09,Jowar,Yewatmal,Umarkhed,12.5,12.0,13.0,36.0,2015,September
2015-09,Jowar,Yewatmal,Umarkhed-Danki,14.07,13.57,14.57,72.0,2015,September
2015-09,Jowar,Satara,Vaduj,22.0,20.0,22.0,245.0,2015,September
2015-09,Jowar,Amaravathi,Varud-Rajura Bazar,12.63,12.43,12.93,3.1,2015,September
2015-09,Jowar,Wasim,Washim,12.61,11.96,13.72,34.1,2015,September
2015-09,Onion,Ahmadnagar,Ahmednagar,45.13,14.5,58.25,876.3,2015,September
2015-09,Onion,Solapur,Akluj,46.65,20.82,46.88,76.0,2015,September
2015-09,Onion,Ahmadnagar,Akole,40.37,11.82,51.44,89.6,2015,September
2015-09,Onion,Amaravathi,Amarawati,31.48,27.08,42.58,3.6,2015,September
2015-09,Onion,Aurangabad,Aurangabad,30.62,20.93,40.3,303.1,2015,September
2015-09,Onion,Pune,Baramati,34.15,15.08,53.05,508.0,2015,September
2015-09,Onion,Thane,Bhivandi,57.25,52.0,62.5,30.7,2015,September
2015-09,Onion,Chandrapur,Chandrapur-Ganjwad,39.68,32.55,46.86,723.4,2015,September
2015-09,Onion,Nasik,Chandvad,41.31,19.67,43.96,748.1,2015,September
2015-09,Onion,Nasik,Devala,38.28,20.9,44.12,2421.0,2015,September
2015-09,Onion,Dhule,Dhule,33.82,10.77,40.53,2455.3,2015,September
2015-09,Onion,Nasik,Dindori-Vani,41.44,37.07,45.31,886.3,2015,September
2015-09,Onion,Pune,Indapur,26.41,14.36,32.0,22.2,2015,September
2015-09,Onion,Jalgaon,Jalgaon,31.1,21.28,42.35,241.0,2015,September
2015-09,Onion,Ahmadnagar,Jamkhed,26.86,11.83,41.89,70.8,2015,September
2015-09,Onion,Pune,Junnar,46.0,32.0,54.2,822.1,2015,September
2015-09,Onion,Beed,Kada,45.0,7.0,47.5,3.4,2015,September
2015-09,Onion,Nasik,Kalvan,44.44,9.53,50.5,4225.1,2015,September
2015-09,Onion,Thane,Kalyan,44.8,41.0,47.0,75.7,2015,September
2015-09,Onion,Nagpur,Kamthi,53.5,31.5,73.5,9.9,2015,September
2015-09,Onion,Satara,Karad,39.75,28.75,39.75,84.6,2015,September
2015-09,Onion,Kolhapur,Kolhapur,40.4,17.29,53.67,3429.5,2015,September
2015-09,Onion,Ahmadnagar,Kopargaon,39.94,15.31,46.38,151.7,2015,September
2015-09,Onion,Satara,Koregaon,40.0,35.0,49.25,14.6,2015,September
2015-09,Onion,Solapur,Kurdwadi,23.95,12.13,35.75,50.4,2015,September
2015-09,Onion,Solapur,Kurdwadi-Modnimb,31.02,16.26,39.71,106.7,2015,September
2015-09,Onion,Nasik,Lasalgaon,40.99,25.35,44.92,3139.0,2015,September
2015-09,Onion,Nasik,Lasalgaon-Niphad,40.28,23.84,44.01,353.7,2015,September
2015-09,Onion,Aurangabad,Lasur Station,34.88,12.75,43.0,21.6,2015,September
2015-09,Onion,Satara,Lonand,38.89,26.11,44.44,861.3,2015,September
2015-09,Onion,Nasik,Malegaon,36.94,12.66,43.28,1928.5,2015,September
2015-09,Onion,Buldhana,Malkapur,45.5,37.5,48.0,14.0,2015,September
2015-09,Onion,Pune,Manchar,37.63,26.63,52.53,190.6,2015,September
2015-09,Onion,Nasik,Manmad,39.19,19.45,44.57,791.3,2015,September
2015-09,Onion,Mumbai,Mumbai,46.71,39.17,51.17,20236.1,2015,September
2015-09,Onion,Nagpur,Nagpur,37.54,24.76,41.8,6220.0,2015,September
2015-09,Onion,Nasik,Nandgaon,39.42,14.4,44.15,898.2,2015,September
2015-09,Onion,Ahmadnagar,Newasa-Ghodegaon,41.15,13.46,51.0,5303.5,2015,September
2015-09,Onion,Thane,Palghar(Bevur),48.82,48.25,49.26,33.5,2015,September
2015-09,Onion,Solapur,Pandharpur,34.24,13.66,48.37,203.9,2015,September
2015-09,Onion,Ahmadnagar,Parner,36.08,23.46,46.31,263.6,2015,September
2015-09,Onion,Ahmadnagar,Pathardi,23.0,5.0,36.5,25.0,2015,September
2015-09,Onion,Satara,Phaltan,34.2,11.6,47.53,1432.6,2015,September
2015-09,Onion,Nasik,Pimpalgaon (B)-Saykheda,35.44,20.02,42.25,1690.5,2015,September
2015-09,Onion,Nasik,Pimpalgaon Basawant,37.1,20.88,42.72,6910.1,2015,September
2015-09,Onion,Pune,Pune,47.05,14.29,49.81,14839.9,2015,September
2015-09,Onion,Pune,Pune-Manjri,14.56,12.0,39.33,3.8,2015,September
2015-09,Onion,Pune,Pune-Pimpri,43.07,37.33,45.93,9.8,2015,September
2015-09,Onion,Ahmadnagar,Rahata,39.55,17.18,52.18,812.4,2015,September
2015-09,Onion,Ahmadnagar,Rahuri-Vambori,39.08,14.17,50.17,1219.0,2015,September
2015-09,Onion,Nagpur,Ramtek,34.32,30.53,38.16,12.9,2015,September
2015-09,Onion,Ahmadnagar,Sangamner,31.95,15.71,48.44,404.9,2015,September
2015-09,Onion,Sangli,Sangli-Phale Bhajipalam,31.94,12.76,45.25,4616.3,2015,September
2015-09,Onion,Nasik,Satana,43.18,23.47,49.31,6740.7,2015,September
2015-09,Onion,Satara,Satara,37.13,25.38,48.88,196.2,2015,September
2015-09,Onion,Dhule,Shirpur,33.8,15.82,39.66,22.9,2015,September
2015-09,Onion,Ahmadnagar,Shrirampur,39.75,16.56,48.88,1612.9,2015,September
2015-09,Onion,Nasik,Sinner,39.05,13.21,46.26,591.8,2015,September
2015-09,Onion,Solapur,Solapur,24.88,7.34,50.81,20203.2,2015,September
2015-09,Onion,Thane,Vasai,42.73,32.73,54.91,82.7,2015,September
2015-09,Onion,Nasik,Yeola,41.11,17.43,47.16,3939.1,2015,September
2015-09,Rice,Gondiya,Aamgaon,16.91,16.51,17.33,353.5,2015,September
2015-09,Rice,Latur,Ahmedpur,6.64,6.31,6.64,0.8,2015,September
2015-09,Rice,Ahmadnagar,Akole,17.0,15.0,19.67,9.3,2015,September
2015-09,Rice,Raigad,Alibag,24.8622,23.8622,25.8622,141.5,2015,September
2015-09,Rice,Gondiya,Arjuni Morgaon,21.05,20.45,21.25,98.9,2015,September
2015-09,Rice,Gadchiroli,Armori,18.1,16.88,18.44,319.5,2015,September
2015-09,Rice,Gadchiroli,Armori-Desaiganj,17.65,15.96,17.96,3862.5,2015,September
2015-09,Rice,Latur,Ausa,8.51,8.51,8.51,0.2,2015,September
2015-09,Rice,Solapur,Barshi,14.03,14.02,14.42,22.8,2015,September
2015-09,Rice,Bhandara,Bhandara,25.68,24.6,26.49,35.7,2015,September
2015-09,Rice,Thane,Bhivandi,21.31,20.24,22.96,62.7,2015,September
2015-09,Rice,Nagpur,Bhiwapur,23.18,21.63,23.32,252.5,2015,September
2015-09,Rice,Nanded,Bhokar,20.0,20.0,20.0,0.3,2015,September
2015-09,Rice,Chandrapur,Brahmpuri,20.94,20.44,21.44,173.0,2015,September
2015-09,Rice,Gadchiroli,Chamorshi,20.92,20.31,21.7,1611.1,2015,September
2015-09,Rice,Nasik,Devala,16.2,16.2,16.2,0.1,2015,September
2015-09,Rice,Gadchiroli,Gadchiroli,19.03,17.71,19.36,498.4,2015,September
2015-09,Rice,Gondiya,Gondiya,16.24,16.24,17.42,1668.9,2015,September
2015-09,Rice,Chandrapur,Gondpimpri,21.0,20.25,21.5,16.0,2015,September
2015-09,Rice,Pune,Indapur,11.75,11.75,11.75,0.2,2015,September
2015-09,Rice,Pune,Indapur-Bhigwan,14.48,14.33,14.57,27.9,2015,September
2015-09,Rice,Thane,Kalyan,27.83,23.67,31.0,0.9,2015,September
2015-09,Rice,Raigad,Karjat (Raigad),19.7566,15.9026,25.0497,94.5,2015,September
2015-09,Rice,Bhandara,Lakhandur,16.1162,15.3264,16.7891,166.5,2015,September
2015-09,Rice,Bhandara,Lakhani,24.06,22.89,24.37,221.3,2015,September
2015-09,Rice,Raigad,Mangaon(Bhadav),25.53,18.0,35.0,15.2,2015,September
2015-09,Rice,Chandrapur,Mul,22.73,20.96,23.68,3597.0,2015,September
2015-09,Rice,Mumbai,Mumbai,56.23,44.73,67.44,42753.7,2015,September
2015-09,Rice,Thane,Murbad,17.44,17.44,19.44,20.8,2015,September
2015-09,Rice,Chandrapur,Nagbhid,22.47,19.62,22.47,1919.5,2015,September
2015-09,Rice,Nagpur,Nagpur,26.6714,24.9371,27.2429,506.7,2015,September
2015-09,Rice,Thane,Palghar(Bevur),26.65,23.18,33.16,885.3,2015,September
2015-09,Rice,Bhandara,Pavani,19.76,19.13,20.29,77.5,2015,September
2015-09,Rice,Raigad,Pen,20.9231,19.4585,26.8773,15.6,2015,September
2015-09,Rice,Pune,Pune,50.67,44.35,54.46,1645.2,2015,September
2015-09,Rice,Nagpur,Ramtek,15.5,15.5,15.5,1.0,2015,September
2015-09,Rice,Raigad,Roha,13.6,13.2,14.0,3.5,2015,September
2015-09,Rice,Chandrapur,Sindevahi,17.94,17.94,18.98,468.3,2015,September
2015-09,Rice,Nasik,Sinner,26.0,26.0,26.0,0.4,2015,September
2015-09,Rice,Solapur,Solapur,36.45,21.43,56.56,926.7,2015,September
2015-09,Rice,Nagpur,Umared,28.2,20.6,37.2,292.1,2015,September
2015-09,Rice,Thane,Vasai,26.8498,19.2406,38.5741,668.5,2015,September
2015-09,Rice,Wasim,Washim,14.0,13.5,14.55,1.9,2015,September
2015-09,Soybean,Yewatmal,Aarni,31.55,30.15,32.87,115.9,2015,September
2015-09,Soybean,Amaravathi,Achalpur,32.6,32.17,33.15,39.0,2015,September
2015-09,Soybean,Ahmadnagar,Ahmednagar,33.38,32.0,34.75,2.9,2015,September
2015-09,Soybean,Latur,Ahmedpur,33.15,32.76,33.15,53.8,2015,September
2015-09,Soybean,Hingoli,Akhadabalapur,29.5,28.8,30.2,22.3,2015,September
2015-09,Soybean,Akola,Akola,31.71,29.88,32.68,870.0,2015,September
2015-09,Soybean,Ahmadnagar,Akole,30.0,28.33,31.67,11.3,2015,September
2015-09,Soybean,Akola,Akot,32.01,30.99,33.03,97.0,2015,September
2015-09,Soybean,Amaravathi,Amarawati,31.79,31.14,33.69,5.1,2015,September
2015-09,Soybean,Beed,Ambejogai,33.17,32.77,33.52,196.6,2015,September
2015-09,Soybean,Amaravathi,Anajngaon Surji,31.31,29.72,32.39,173.8,2015,September
2015-09,Soybean,Wardha,Arvi,31.08,29.85,32.36,76.7,2015,September
2015-09,Soybean,Latur,Ausa,33.44,32.92,33.58,102.9,2015,September
2015-09,Soybean,Yewatmal,Babhulgaon,32.26,29.53,33.92,174.0,2015,September
2015-09,Soybean,Akola,Balapur,30.33,29.67,30.33,17.7,2015,September
2015-09,Soybean,Pune,Baramati,31.07,29.22,31.58,49.0,2015,September
2015-09,Soybean,Solapur,Barshi-Vairag,33.32,32.86,33.68,14.9,2015,September
2015-09,Soybean,Hingoli,Basmat,32.44,31.42,33.2,63.5,2015,September
2015-09,Soybean,Beed,Beed,32.57,32.28,32.71,7.1,2015,September
2015-09,Soybean,Bhandara,Bhandara,28.75,27.0,31.0,0.3,2015,September
2015-09,Soybean,Nanded,Bhokar,31.75,30.7,33.15,13.7,2015,September
2015-09,Soybean,Jalna,Bhokardan,32.46,32.0,32.93,11.0,2015,September
2015-09,Soybean,Jalna,Bhokardan-Pimpalgaon Renu,32.6,32.1,33.1,6.5,2015,September
2015-09,Soybean,Buldhana,Buldhana,31.5,30.38,32.55,21.5,2015,September
2015-09,Soybean,Buldhana,Buldhana-Dhad,32.0,30.75,33.0,8.3,2015,September
2015-09,Soybean,Amaravathi,Chandur Bajar,31.33,30.0,33.07,73.7,2015,September
2015-09,Soybean,Amaravathi,Chandur Rly.,31.45,30.82,31.45,21.1,2015,September
2015-09,Soybean,Jalgaon,Chopda,31.42,29.14,31.97,20.7,2015,September
2015-09,Soybean,Amaravathi,Daryapur,33.06,31.2,33.7,167.6,2015,September
2015-09,Soybean,Amaravathi,Dhamangaon-Rly,31.5,30.0,32.9,20.0,2015,September
2015-09,Soybean,Dhule,Dhule,30.56,30.55,30.56,2.2,2015,September
2015-09,Soybean,Yewatmal,Digras,31.33,30.97,31.51,5.9,2015,September
2015-09,Soybean,Beed,Gevrai,32.2,31.06,32.61,15.6,2015,September
2015-09,Soybean,Jalna,Ghansawangi,33.0,32.0,34.0,11.9,2015,September
2015-09,Soybean,Nanded,Hadgaon,31.8,31.8,33.6,52.8,2015,September
2015-09,Soybean,Wardha,Hinganghat,31.68,29.93,33.03,1201.9,2015,September
2015-09,Soybean,Hingoli,Hingoli,33.41,31.31,33.41,804.1,2015,September
2015-09,Soybean,Pune,Indapur,28.01,28.01,28.01,0.1,2015,September
2015-09,Soybean,Jalna,Jafrabad,31.5,30.0,33.5,2.5,2015,September
2015-09,Soybean,Buldhana,Jalgaon Jamod,31.5,30.5,32.5,13.0,2015,September
2015-09,Soybean,Buldhana,Jalgaon Jamod-Aasalgaon,32.19,31.29,33.09,219.4,2015,September
2015-09,Soybean,Latur,Jalkot,32.79,32.72,32.86,14.0,2015,September
2015-09,Soybean,Jalna,Jalna,32.57,30.38,33.24,322.6,2015,September
2015-09,Soybean,Ahmadnagar,Jamkhed,33.71,32.31,35.12,13.5,2015,September
2015-09,Soybean,Parbhani,Jintur,32.76,32.26,33.16,88.3,2015,September
2015-09,Soybean,Beed,Kada,32.36,31.87,32.46,2.9,2015,September
2015-09,Soybean,Osmanabad,Kalamb (Os),33.42,32.25,33.6,119.2,2015,September
2015-09,Soybean,Hingoli,Kalamnuri,31.5,31.5,31.5,15.3,2015,September
2015-09,Soybean,Nasik,Kalvan,32.38,32.38,32.38,0.6,2015,September
2015-09,Soybean,Wasim,Karanja,32.5,31.02,33.81,1470.5,2015,September
2015-09,Soybean,Nagpur,Katol,31.95,30.26,33.57,446.0,2015,September
2015-09,Soybean,Beed,Kej,32.11,31.71,32.11,1.1,2015,September
2015-09,Soybean,Buldhana,Khamgaon,31.84,29.5,33.4,1651.8,2015,September
2015-09,Soybean,Beed,Kille Dharur,32.85,31.3,33.0,24.9,2015,September
2015-09,Soybean,Nanded,Kinwat,30.79,29.86,31.71,63.9,2015,September
2015-09,Soybean,Ahmadnagar,Kopargaon,32.17,30.11,32.42,18.7,2015,September
2015-09,Soybean,Chandrapur,Korpana,35.0,34.0,36.0,20.2,2015,September
2015-09,Soybean,Nasik,Lasalgaon,34.03,28.41,34.51,83.4,2015,September
2015-09,Soybean,Nasik,Lasalgaon-Vinchur,33.3,28.74,34.26,21.8,2015,September
2015-09,Soybean,Aurangabad,Lasur Station,33.0,32.0,33.0,1.2,2015,September
2015-09,Soybean,Latur,Latur,33.61,32.48,34.03,2795.0,2015,September
2015-09,Soybean,Latur,Latur-Murud,32.8,31.56,33.25,8.9,2015,September
2015-09,Soybean,Buldhana,Lonar,32.58,31.77,33.38,761.0,2015,September
2015-09,Soybean,Beed,Majalgaon,32.42,31.62,32.99,51.2,2015,September
2015-09,Soybean,Buldhana,Malkapur,32.2,29.31,33.05,419.4,2015,September
2015-09,Soybean,Nagpur,Mandhal,28.61,26.86,31.0,21.1,2015,September
2015-09,Soybean,Wasim,Mangrulpeer,33.04,29.46,34.18,470.1,2015,September
2015-09,Soybean,Wasim,Manora,32.86,31.57,33.94,211.3,2015,September
2015-09,Soybean,Parbhani,Manwat,32.93,32.3,33.19,23.3,2015,September
2015-09,Soybean,Buldhana,Mehkar,48.87,31.66,52.36,833.6,2015,September
2015-09,Soybean,Amaravathi,Morshi,31.22,30.71,32.36,53.5,2015,September
2015-09,Soybean,Nanded,Mukhed,33.0,33.0,33.0,0.5,2015,September
2015-09,Soybean,Akola,Murtizapur,32.13,30.36,33.32,460.0,2015,September
2015-09,Soybean,Osmanabad,Murum,33.11,33.07,33.17,4.0,2015,September
2015-09,Soybean,Nagpur,Nagpur,32.08,29.75,32.85,33.6,2015,September
2015-09,Soybean,Nanded,Naigaon,33.35,33.35,33.35,7.5,2015,September
2015-09,Soybean,Nanded,Nanded,32.91,32.53,32.91,36.3,2015,September
2015-09,Soybean,Nasik,Nandgaon,33.5,33.5,33.5,0.3,2015,September
2015-09,Soybean,Amaravathi,Nandgaon Khandeshwar,31.34,30.02,32.67,434.8,2015,September
2015-09,Soybean,Buldhana,Nandura,33.38,29.4,33.38,214.1,2015,September
2015-09,Soybean,Nandurbar,Nandurbar,31.23,31.23,31.23,3.7,2015,September
2015-09,Soybean,Yewatmal,Ner Parasopant,32.02,31.04,32.98,180.3,2015,September
2015-09,Soybean,Latur,Nilanga,33.79,33.34,34.13,32.4,2015,September
2015-09,Soybean,Parbhani,Palam,31.67,31.67,32.54,8.4,2015,September
2015-09,Soybean,Parbhani,Parbhani,32.28,31.48,32.69,35.6,2015,September
2015-09,Soybean,Beed,Parli-Vaijnath,33.25,31.83,33.39,161.1,2015,September
2015-09,Soybean,Jalna,Partur,32.73,32.01,33.29,13.0,2015,September
2015-09,Soybean,Parbhani,Pathari,15.88,15.88,32.57,5.0,2015,September
2015-09,Soybean,Akola,Patur,31.71,30.67,32.9,15.2,2015,September
2015-09,Soybean,Parbhani,Purna,32.34,30.33,33.18,45.0,2015,September
2015-09,Soybean,Yewatmal,Pusad,32.57,30.45,32.57,241.3,2015,September
2015-09,Soybean,Ahmadnagar,Rahata,31.35,31.35,31.35,3.7,2015,September
2015-09,Soybean,Ahmadnagar,Rahuri-Vambori,31.44,29.23,32.66,31.3,2015,September
2015-09,Soybean,Wasim,Risod,31.85,30.27,33.44,1154.0,2015,September
2015-09,Soybean,Parbhani,Sailu,32.84,32.7,32.91,27.9,2015,September
2015-09,Soybean,Sangli,Sangali,32.76,30.57,34.29,972.1,2015,September
2015-09,Soybean,Buldhana,Sangrampur,30.7,25.6,32.1,6.3,2015,September
2015-09,Soybean,Nagpur,Savner,29.5,27.5,30.0,1.0,2015,September
2015-09,Soybean,Hingoli,Sengaon,33.35,32.89,33.72,119.0,2015,September
2015-09,Soybean,Buldhana,Shegaon,31.54,30.02,33.03,90.5,2015,September
2015-09,Soybean,Dhule,Shirpur,31.55,29.37,32.08,48.1,2015,September
2015-09,Soybean,Pune,Shirur,31.0,31.0,31.0,0.3,2015,September
2015-09,Soybean,Ahmadnagar,Shrirampur,29.5,28.56,30.94,4.6,2015,September
2015-09,Soybean,Ahmadnagar,Shrirampur-Belapur,30.17,29.33,31.0,1.9,2015,September
2015-09,Soybean,Aurangabad,Sillod,34.0,33.0,35.0,0.8,2015,September
2015-09,Soybean,Nasik,Sinner,33.24,32.92,33.36,1.4,2015,September
2015-09,Soybean,Akola,Telhara,31.74,31.05,32.45,124.5,2015,September
2015-09,Soybean,Osmanabad,Tuljapur,34.25,34.25,34.25,0.3,2015,September
2015-09,Soybean,Latur,Udgir,34.1,33.9,34.1,375.0,2015,September
2015-09,Soybean,Nagpur,Umared,31.0,28.0,32.78,108.2,2015,September
2015-09,Soybean,Osmanabad,Umarga,31.77,31.01,31.95,12.2,2015,September
2015-09,Soybean,Yewatmal,Umarkhed,32.55,31.5,33.35,123.0,2015,September
2015-09,Soybean,Yewatmal,Umarkhed-Danki,32.41,31.64,33.05,102.0,2015,September
2015-09,Soybean,Satara,Vaduj,32.86,30.0,32.86,26.0,2015,September
2015-09,Soybean,Chandrapur,Varora,31.75,30.0,34.25,6.0,2015,September
2015-09,Soybean,Amaravathi,Varud-Rajura Bazar,32.68,31.66,32.92,3.1,2015,September
2015-09,Soybean,Wardha,Wardha,31.26,28.13,31.26,55.6,2015,September
2015-09,Soybean,Wasim,Washim,32.23,31.11,33.37,1989.9,2015,September
2015-09,Soybean,Yewatmal,Yeotmal,32.18,30.64,33.26,479.7,2015,September
2015-10,Bajra,Ahmadnagar,Ahmednagar,15.43,14.66,15.71,14.4,2015,October
2015-10,Bajra,Latur,Ahmedpur,12.5,11.8,12.5,1.4,2015,October
2015-10,Bajra,Solapur,Akkolkot,14.51,13.01,16.11,2.4,2015,October
2015-10,Bajra,Ahmadnagar,Akole,15.58,14.25,18.0,3.7,2015,October
2015-10,Bajra,Amaravathi,Amarawati,13.46,12.97,14.7,5.7,2015,October
2015-10,Bajra,Beed,Ambejogai,13.5,13.5,13.5,0.4,2015,October
2015-10,Bajra,Jalna,Ashti (Jalna),14.57,13.76,14.97,12.9,2015,October
2015-10,Bajra,Pune,Baramati,16.83,14.53,19.38,120.4,2015,October
2015-10,Bajra,Solapur,Barshi,14.88,14.88,14.96,0.9,2015,October
2015-10,Bajra,Beed,Beed,14.41,13.31,15.23,259.7,2015,October
2015-10,Bajra,Jalna,Bhokardan,12.15,12.0,12.32,18.2,2015,October
2015-10,Bajra,Jalna,Bhokardan-Pimpalgaon Renu,12.6,12.5,12.7,2.9,2015,October
2015-10,Bajra,Jalgaon,Chopda,13.24,12.67,13.53,30.5,2015,October
2015-10,Bajra,Nasik,Devala,13.78,13.09,14.58,55.1,2015,October
2015-10,Bajra,Dhule,Dhule,13.78,11.88,15.11,375.9,2015,October
2015-10,Bajra,Yewatmal,Digras,21.05,21.05,21.05,0.1,2015,October
2015-10,Bajra,Dhule,Dondaicha,13.04,11.01,14.19,371.0,2015,October
2015-10,Bajra,Pune,Dound,15.7,13.74,18.25,131.3,2015,October
2015-10,Bajra,Solapur,Dudhani,13.03,12.63,13.71,9.3,2015,October
2015-10,Bajra,Aurangabad,Gangapur,14.23,13.55,15.13,38.9,2015,October
2015-10,Bajra,Beed,Gevrai,14.03,13.29,15.88,560.9,2015,October
2015-10,Bajra,Pune,Indapur,15.74,14.56,15.9,2.7,2015,October
2015-10,Bajra,Pune,Indapur (Nimgaon Ketki),12.88,11.17,15.47,1.5,2015,October
2015-10,Bajra,Pune,Indapur-Bhigwan,15.18,13.25,18.9,64.2,2015,October
2015-10,Bajra,Jalgaon,Jalgaon,13.72,13.46,14.06,118.3,2015,October
2015-10,Bajra,Jalna,Jalna,13.8,11.98,16.31,763.2,2015,October
2015-10,Bajra,Jalna,Jalna-Badnapur,12.75,12.29,13.17,15.7,2015,October
2015-10,Bajra,Ahmadnagar,Jamkhed,15.2,14.38,16.02,25.8,2015,October
2015-10,Bajra,Beed,Kada,13.91,12.82,14.71,52.0,2015,October
2015-10,Bajra,Osmanabad,Kalamb (Os),14.23,13.56,14.69,8.8,2015,October
2015-10,Bajra,Nasik,Kalvan,13.33,12.21,14.54,106.0,2015,October
2015-10,Bajra,Aurangabad,Kannad,13.13,10.5,13.13,262.1,2015,October
2015-10,Bajra,Beed,Kej,15.95,14.51,17.81,24.0,2015,October
2015-10,Bajra,Buldhana,Khamgaon,11.73,11.35,12.04,15.0,2015,October
2015-10,Bajra,Beed,Kille Dharur,17.02,13.8,19.18,64.6,2015,October
2015-10,Bajra,Kolhapur,Kolhapur-Laxmipuri,17.25,16.79,17.83,15.7,2015,October
2015-10,Bajra,Ahmadnagar,Kopargaon,14.37,12.8,14.74,11.6,2015,October
2015-10,Bajra,Nasik,Lasalgaon,14.55,11.76,16.21,113.0,2015,October
2015-10,Bajra,Nasik,Lasalgaon-Vinchur,14.82,13.46,15.3,19.1,2015,October
2015-10,Bajra,Aurangabad,Lasur Station,13.33,12.42,14.76,320.8,2015,October
2015-10,Bajra,Latur,Latur,13.2,13.2,13.2,9.5,2015,October
2015-10,Bajra,Satara,Lonand,15.75,13.63,17.46,52.5,2015,October
2015-10,Bajra,Beed,Majalgaon,18.11,16.69,19.46,83.7,2015,October
2015-10,Bajra,Nasik,Malegaon,14.29,12.6,15.79,368.6,2015,October
2015-10,Bajra,Buldhana,Malkapur,12.83,12.83,13.15,1.8,2015,October
2015-10,Bajra,Solapur,Mangalwedha,15.77,14.68,16.1,2.5,2015,October
2015-10,Bajra,Nasik,Manmad,14.44,12.39,15.73,38.9,2015,October
2015-10,Bajra,Parbhani,Manwat,12.77,12.42,12.81,3.8,2015,October
2015-10,Bajra,Osmanabad,Murum,14.18,14.14,14.22,4.3,2015,October
2015-10,Bajra,Nasik,Nandgaon,13.48,12.32,14.51,190.7,2015,October
2015-10,Bajra,Buldhana,Nandura,12.65,11.47,12.65,12.5,2015,October
2015-10,Bajra,Nandurbar,Nandurbar,12.65,10.93,14.52,95.4,2015,October
2015-10,Bajra,Ahmadnagar,Newasa,13.0,13.0,13.0,0.3,2015,October
2015-10,Bajra,Pune,Nira,17.5,15.0,20.0,48.5,2015,October
2015-10,Bajra,Pune,Nira-Saswad,17.75,15.38,20.88,40.8,2015,October
2015-10,Bajra,Aurangabad,Paithan,13.17,12.91,13.88,56.6,2015,October
2015-10,Bajra,Beed,Parli-Vaijnath,14.38,13.99,14.49,6.2,2015,October
2015-10,Bajra,Jalna,Partur,11.68,10.86,12.61,3.0,2015,October
2015-10,Bajra,Ahmadnagar,Pathardi,13.61,12.53,14.8,45.2,2015,October
2015-10,Bajra,Parbhani,Pathari,4.46,4.46,14.2,9.8,2015,October
2015-10,Bajra,Satara,Phaltan,15.88,12.75,18.94,286.3,2015,October
2015-10,Bajra,Pune,Pune,18.85,17.58,19.42,64.2,2015,October
2015-10,Bajra,Yewatmal,Pusad,14.93,12.36,15.87,26.7,2015,October
2015-10,Bajra,Ahmadnagar,Rahata,11.5,11.25,12.44,17.5,2015,October
2015-10,Bajra,Ahmadnagar,Rahuri-Vambori,14.34,13.69,14.99,6.9,2015,October
2015-10,Bajra,Jalgaon,Raver,13.0,13.0,13.0,0.2,2015,October
2015-10,Bajra,Dhule,Sakri,11.97,11.77,12.43,19.1,2015,October
2015-10,Bajra,Sangli,Sangali,16.92,14.03,18.26,163.5,2015,October
2015-10,Bajra,Ahmadnagar,Sangamner,15.3,13.13,16.27,99.3,2015,October
2015-10,Bajra,Nasik,Satana,14.08,12.65,15.58,33.3,2015,October
2015-10,Bajra,Nandurbar,Shahada,13.27,13.02,13.77,2.4,2015,October
2015-10,Bajra,Ahmadnagar,Shevgaon,14.14,12.14,14.14,56.3,2015,October
2015-10,Bajra,Ahmadnagar,Shevgaon-Bodhegaon,14.11,13.07,14.11,82.1,2015,October
2015-10,Bajra,Dhule,Shirpur,13.31,11.24,14.66,229.6,2015,October
2015-10,Bajra,Pune,Shirur,13.41,12.4,13.99,40.1,2015,October
2015-10,Bajra,Ahmadnagar,Shrirampur,14.12,13.55,14.82,15.7,2015,October
2015-10,Bajra,Ahmadnagar,Shrirampur-Belapur,13.67,13.67,13.67,1.2,2015,October
2015-10,Bajra,Aurangabad,Sillod,12.58,12.43,12.93,21.4,2015,October
2015-10,Bajra,Aurangabad,Sillod-Bharadi,12.25,12.0,12.5,19.1,2015,October
2015-10,Bajra,Nasik,Sinner,13.28,11.87,14.5,116.4,2015,October
2015-10,Bajra,Solapur,Solapur,15.05,14.72,15.29,4.3,2015,October
2015-10,Bajra,Nandurbar,Taloda,15.3,15.3,15.3,1.3,2015,October
2015-10,Bajra,Osmanabad,Umarga,12.4,12.33,12.75,1.6,2015,October
2015-10,Bajra,Satara,Vaduj,15.17,14.0,15.17,24.5,2015,October
2015-10,Bajra,Aurangabad,Vaijapur,14.55,13.26,15.34,50.2,2015,October
2015-10,Bajra,Nasik,Yeola,13.66,12.95,14.65,26.4,2015,October
2015-10,Cotton,Gadchiroli,Aheri,40.0,40.0,40.0,10.0,2015,October
2015-10,Cotton,Hingoli,Akhadabalapur,41.4,40.6,42.2,11.9,2015,October
2015-10,Cotton,Wardha,Arvi,42.87,42.56,43.13,1249.9,2015,October
2015-10,Cotton,Hingoli,Basmat,43.11,42.86,43.38,36.3,2015,October
2015-10,Cotton,Nagpur,Bhiwapur,40.83,40.33,41.25,99.0,2015,October
2015-10,Cotton,Nanded,Bhokar,38.48,36.19,41.48,3876.4,2015,October
2015-10,Cotton,Yewatmal,Darwha,36.5,36.5,38.5,42.5,2015,October
2015-10,Cotton,Buldhana,Deulgaon Raja,42.28,41.6,42.75,841.0,2015,October
2015-10,Cotton,Yewatmal,Digras,39.47,38.97,39.95,221.5,2015,October
2015-10,Cotton,Aurangabad,Fulambri,40.83,38.94,42.22,328.2,2015,October
2015-10,Cotton,Beed,Gevrai,41.47,40.27,42.35,4197.9,2015,October
2015-10,Cotton,Jalna,Ghansawangi,41.65,40.8,42.7,212.3,2015,October
2015-10,Cotton,Yewatmal,Ghatanji,40.52,39.69,41.2,2059.3,2015,October
2015-10,Cotton,Wardha,Hinganghat,41.7,41.19,42.21,3440.6,2015,October
2015-10,Cotton,Jalna,Jafrabad,42.59,41.4,43.35,358.3,2015,October
2015-10,Cotton,Jalna,Jalna-Badnapur,43.42,43.16,43.55,55.4,2015,October
2015-10,Cotton,Parbhani,Jintur,42.62,41.78,43.06,2156.0,2015,October
2015-10,Cotton,Nagpur,Kalmeshwar,42.76,42.39,42.99,443.4,2015,October
2015-10,Cotton,Nagpur,Katol,42.22,41.83,42.77,141.0,2015,October
2015-10,Cotton,Buldhana,Khamgaon,42.87,42.5,43.1,486.0,2015,October
2015-10,Cotton,Beed,Kille Dharur,43.75,43.49,44.25,381.8,2015,October
2015-10,Cotton,Nanded,Kinwat,39.77,38.85,40.71,514.4,2015,October
2015-10,Cotton,Yewatmal,Mahagaon,39.5,39.0,40.0,195.8,2015,October
2015-10,Cotton,Nanded,Mahur,39.14,38.0,40.4,563.5,2015,October
2015-10,Cotton,Beed,Majalgaon,43.32,42.73,43.49,3376.2,2015,October
2015-10,Cotton,Parbhani,Manwat,42.67,41.94,43.15,847.1,2015,October
2015-10,Cotton,Yewatmal,Maregaon,37.39,36.4,38.74,2392.8,2015,October
2015-10,Cotton,Nanded,Naigaon,42.5,42.5,42.5,1.0,2015,October
2015-10,Cotton,Nagpur,Narkhed,23.67,23.67,42.83,402.9,2015,October
2015-10,Cotton,Yewatmal,Pandharkawada,41.25,41.0,41.5,140.0,2015,October
2015-10,Cotton,Parbhani,Parbhani,42.43,42.23,42.6,82.5,2015,October
2015-10,Cotton,Jalna,Partur,43.58,43.04,43.73,304.1,2015,October
2015-10,Cotton,Wardha,Pulgaon,40.98,39.8,41.72,1027.6,2015,October
2015-10,Cotton,Chandrapur,Rajura,40.32,38.84,40.86,1466.1,2015,October
2015-10,Cotton,Yewatmal,Ralegaon,40.33,39.38,41.46,4410.6,2015,October
2015-10,Cotton,Parbhani,Sailu,43.64,43.51,43.93,633.7,2015,October
2015-10,Cotton,Wardha,Samudrapur,41.88,41.09,42.39,772.6,2015,October
2015-10,Cotton,Ahmadnagar,Sangamner,43.5,41.0,45.0,3.0,2015,October
2015-10,Cotton,Ahmadnagar,Shrigonda-Ghogargaon,44.21,44.21,44.21,32.7,2015,October
2015-10,Cotton,Wardha,Sindi (Selu),41.46,40.81,42.1,1196.9,2015,October
2015-10,Cotton,Aurangabad,Soygaon,39.83,39.17,40.25,83.7,2015,October
2015-10,Cotton,Akola,Telhara,39.5,39.17,39.83,675.0,2015,October
2015-10,Cotton,Nagpur,Umared,40.83,40.33,42.0,305.0,2015,October
2015-10,Cotton,Yewatmal,Vani,40.84,39.05,41.33,1536.6,2015,October
2015-10,Cotton,Chandrapur,Varora,40.41,37.99,41.69,3693.3,2015,October
2015-10,Cotton,Amaravathi,Varud,42.25,42.0,42.51,92.2,2015,October
2015-10,Cotton,Wardha,Wardha,42.09,40.78,42.09,380.0,2015,October
2015-10,Cotton,Yewatmal,Yeotmal,40.97,40.05,41.73,1049.8,2015,October
2015-10,Cotton,Yewatmal,Zarijamini,40.32,39.13,40.98,370.7,2015,October
2015-10,Jowar,Ahmadnagar,Ahmednagar,18.24,16.04,20.08,268.5,2015,October
2015-10,Jowar,Latur,Ahmedpur,18.44,15.22,18.44,117.4,2015,October
2015-10,Jowar,Hingoli,Akhadabalapur,16.44,15.88,16.5,16.1,2015,October
2015-10,Jowar,Nandurbar,Akkalkuwa,13.5,12.0,14.0,27.8,2015,October
2015-10,Jowar,Solapur,Akkolkot,18.01,15.5,20.0,1.1,2015,October
2015-10,Jowar,Akola,Akola,12.54,11.89,13.2,630.6,2015,October
2015-10,Jowar,Akola,Akot,11.49,10.67,12.31,355.0,2015,October
2015-10,Jowar,Amaravathi,Amarawati,15.87,15.03,18.0,5.7,2015,October
2015-10,Jowar,Beed,Ambejogai,26.0,25.91,26.33,6.6,2015,October
2015-10,Jowar,Amaravathi,Anajngaon Surji,11.97,11.13,13.36,217.0,2015,October
2015-10,Jowar,Jalna,Ashti (Jalna),14.79,13.51,14.79,2.1,2015,October
2015-10,Jowar,Sangli,Atpadi,19.0,17.0,21.0,1.1,2015,October
2015-10,Jowar,Latur,Ausa,16.13,15.12,17.25,6.5,2015,October
2015-10,Jowar,Akola,Balapur,11.88,11.13,12.75,24.3,2015,October
2015-10,Jowar,Pune,Baramati,18.25,15.58,22.25,129.1,2015,October
2015-10,Jowar,Solapur,Barshi,21.68,16.57,26.53,1271.9,2015,October
2015-10,Jowar,Solapur,Barshi-Vairag,19.02,17.72,21.82,153.4,2015,October
2015-10,Jowar,Beed,Beed,17.09,16.2,17.75,115.9,2015,October
2015-10,Jowar,Jalna,Bhokardan,12.09,11.83,12.38,49.3,2015,October
2015-10,Jowar,Jalna,Bhokardan-Pimpalgaon Renu,12.41,12.25,12.6,6.8,2015,October
2015-10,Jowar,Jalgaon,Bhusaval,12.13,11.53,12.61,198.9,2015,October
2015-10,Jowar,Buldhana,Buldhana,12.25,11.0,13.25,5.9,2015,October
2015-10,Jowar,Amaravathi,Chandur Bajar,13.22,12.27,14.18,63.9,2015,October
2015-10,Jowar,Amaravathi,Chandur Rly.,16.0,16.0,16.0,0.2,2015,October
2015-10,Jowar,Jalgaon,Chopda,12.31,11.81,12.77,1326.5,2015,October
2015-10,Jowar,Amaravathi,Daryapur,12.75,11.48,14.07,94.8,2015,October
2015-10,Jowar,Nasik,Devala,13.47,13.08,13.48,1.5,2015,October
2015-10,Jowar,Dhule,Dhule,13.33,12.78,13.8,653.7,2015,October
2015-10,Jowar,Yewatmal,Digras,15.35,15.35,15.35,0.5,2015,October
2015-10,Jowar,Dhule,Dondaicha,14.84,12.92,15.93,1502.4,2015,October
2015-10,Jowar,Pune,Dound,17.03,15.83,20.1,189.9,2015,October
2015-10,Jowar,Solapur,Dudhani,17.99,16.18,18.83,41.1,2015,October
2015-10,Jowar,Aurangabad,Gangapur,13.96,13.21,14.7,32.5,2015,October
2015-10,Jowar,Beed,Gevrai,15.67,14.66,16.63,364.2,2015,October
2015-10,Jowar,Jalna,Ghansawangi,15.5,15.0,16.0,8.2,2015,October
2015-10,Jowar,Hingoli,Hingoli,17.38,17.38,17.38,37.3,2015,October
2015-10,Jowar,Pune,Indapur,21.04,16.17,24.33,36.4,2015,October
2015-10,Jowar,Pune,Indapur (Nimgaon Ketki),16.1,11.9,18.26,3.3,2015,October
2015-10,Jowar,Pune,Indapur-Bhigwan,18.13,14.0,24.0,88.8,2015,October
2015-10,Jowar,Jalna,Jafrabad,10.5,9.5,11.5,1.2,2015,October
2015-10,Jowar,Jalgaon,Jalgaon,12.76,12.36,13.11,237.7,2015,October
2015-10,Jowar,Buldhana,Jalgaon Jamod,12.17,11.5,12.83,5.8,2015,October
2015-10,Jowar,Buldhana,Jalgaon Jamod-Aasalgaon,12.17,11.33,13.0,14.0,2015,October
2015-10,Jowar,Latur,Jalkot,12.83,12.79,13.0,9.3,2015,October
2015-10,Jowar,Jalna,Jalna,15.37,12.1,18.84,964.7,2015,October
2015-10,Jowar,Jalna,Jalna-Badnapur,12.72,11.94,12.72,1.1,2015,October
2015-10,Jowar,Ahmadnagar,Jamkhed,21.86,16.26,27.45,1134.2,2015,October
2015-10,Jowar,Hingoli,Jawala-Bajar,17.9,17.0,18.0,2.0,2015,October
2015-10,Jowar,Parbhani,Jintur,12.79,12.22,13.55,15.1,2015,October
2015-10,Jowar,Parbhani,Jintur-Bori,11.57,11.23,12.67,1.7,2015,October
2015-10,Jowar,Beed,Kada,16.97,15.35,20.58,200.2,2015,October
2015-10,Jowar,Osmanabad,Kalamb (Os),19.14,17.45,20.27,87.4,2015,October
2015-10,Jowar,Hingoli,Kalamnuri,16.0,16.0,16.0,4.0,2015,October
2015-10,Jowar,Nagpur,Kalmeshwar,13.0,13.0,13.0,1.5,2015,October
2015-10,Jowar,Aurangabad,Kannad,14.56,13.25,14.56,3.0,2015,October
2015-10,Jowar,Wasim,Karanja,12.21,11.44,13.48,71.0,2015,October
2015-10,Jowar,Nagpur,Katol,11.71,11.56,11.85,49.1,2015,October
2015-10,Jowar,Beed,Kej,21.16,20.28,21.95,36.7,2015,October
2015-10,Jowar,Buldhana,Khamgaon,12.06,11.26,12.46,378.6,2015,October
2015-10,Jowar,Beed,Kille Dharur,22.49,20.48,23.5,45.8,2015,October
2015-10,Jowar,Nanded,Kinwat,12.0,11.0,13.0,4.1,2015,October
2015-10,Jowar,Kolhapur,Kolhapur-Laxmipuri,25.57,17.26,35.43,240.0,2015,October
2015-10,Jowar,Ahmadnagar,Kopargaon,13.39,11.57,13.89,15.3,2015,October
2015-10,Jowar,Satara,Koregaon,17.88,15.94,19.25,8.7,2015,October
2015-10,Jowar,Solapur,Kurdwadi,15.02,11.91,18.17,32.7,2015,October
2015-10,Jowar,Solapur,Kurdwadi-Modnimb,15.89,12.5,21.23,63.3,2015,October
2015-10,Jowar,Nasik,Lasalgaon,15.93,14.28,16.85,3.1,2015,October
2015-10,Jowar,Aurangabad,Lasur Station,15.63,12.68,18.03,167.3,2015,October
2015-10,Jowar,Latur,Latur,21.91,20.44,23.58,168.0,2015,October
2015-10,Jowar,Latur,Latur-Murud,13.76,12.42,15.28,39.0,2015,October
2015-10,Jowar,Nanded,Loha,12.56,12.22,13.21,31.4,2015,October
2015-10,Jowar,Satara,Lonand,19.13,16.0,22.75,17.2,2015,October
2015-10,Jowar,Buldhana,Lonar,11.88,11.58,12.31,202.4,2015,October
2015-10,Jowar,Beed,Majalgaon,17.73,12.17,21.27,38.6,2015,October
2015-10,Jowar,Nasik,Malegaon,15.5,15.31,16.61,1.0,2015,October
2015-10,Jowar,Buldhana,Malkapur,12.17,11.55,12.74,629.2,2015,October
2015-10,Jowar,Solapur,Mangalwedha,16.94,16.08,19.33,106.7,2015,October
2015-10,Jowar,Wasim,Mangrulpeer,11.47,10.11,11.61,9.2,2015,October
2015-10,Jowar,Jalna,Mantha,12.75,11.48,13.58,15.3,2015,October
2015-10,Jowar,Parbhani,Manwat,13.93,12.6,15.84,32.3,2015,October
2015-10,Jowar,Buldhana,Mehkar,12.15,11.28,13.06,24.8,2015,October
2015-10,Jowar,Solapur,Mohol,19.39,16.28,21.05,19.0,2015,October
2015-10,Jowar,Amaravathi,Morshi,11.16,10.94,11.63,98.3,2015,October
2015-10,Jowar,Nanded,Mukhed,13.21,13.11,13.32,6.2,2015,October
2015-10,Jowar,Osmanabad,Murum,19.62,19.62,19.62,0.6,2015,October
2015-10,Jowar,Nagpur,Nagpur,17.81,15.75,18.5,10.7,2015,October
2015-10,Jowar,Nanded,Naigaon,12.81,12.78,13.03,2.7,2015,October
2015-10,Jowar,Nanded,Nanded,12.13,11.94,18.98,38.5,2015,October
2015-10,Jowar,Nasik,Nandgaon,15.09,14.68,16.47,4.9,2015,October
2015-10,Jowar,Buldhana,Nandura,12.59,11.34,12.7,236.4,2015,October
2015-10,Jowar,Nandurbar,Nandurbar,11.8,10.24,13.02,8451.6,2015,October
2015-10,Jowar,Latur,Nilanga,12.5,11.3,13.28,10.3,2015,October
2015-10,Jowar,Pune,Nira,19.31,15.5,22.63,46.6,2015,October
2015-10,Jowar,Pune,Nira-Saswad,19.88,16.25,23.31,70.6,2015,October
2015-10,Jowar,Aurangabad,Paithan,15.94,15.28,16.24,33.9,2015,October
2015-10,Jowar,Parbhani,Palam,18.0,18.0,18.0,2.1,2015,October
2015-10,Jowar,Solapur,Pandharpur,17.82,17.69,18.02,27.9,2015,October
2015-10,Jowar,Parbhani,Parbhani,16.88,16.0,17.13,2.7,2015,October
2015-10,Jowar,Beed,Parli-Vaijnath,15.91,15.07,16.82,98.9,2015,October
2015-10,Jowar,Jalna,Partur,12.92,12.15,13.98,16.0,2015,October
2015-10,Jowar,Ahmadnagar,Pathardi,16.41,15.47,17.63,53.3,2015,October
2015-10,Jowar,Akola,Patur,14.08,13.5,14.75,13.3,2015,October
2015-10,Jowar,Satara,Phaltan,18.88,15.8,24.0,114.3,2015,October
2015-10,Jowar,Pune,Pune,26.3,23.9,27.56,656.2,2015,October
2015-10,Jowar,Parbhani,Purna,11.84,11.84,11.84,1.3,2015,October
2015-10,Jowar,Yewatmal,Pusad,12.62,11.93,13.41,280.8,2015,October
2015-10,Jowar,Ahmadnagar,Rahata,11.83,11.58,12.58,19.1,2015,October
2015-10,Jowar,Ahmadnagar,Rahuri-Vambori,14.42,13.33,15.36,37.6,2015,October
2015-10,Jowar,Jalgaon,Raver,12.31,10.13,13.11,28.8,2015,October
2015-10,Jowar,Parbhani,Sailu,12.63,12.2,13.03,3.2,2015,October
2015-10,Jowar,Sangli,Sangali,22.44,16.38,24.93,731.8,2015,October
2015-10,Jowar,Ahmadnagar,Sangamner,16.51,16.21,16.8,22.0,2015,October
2015-10,Jowar,Buldhana,Sangrampur,12.0,10.0,13.0,6.2,2015,October
2015-10,Jowar,Buldhana,Sangrampur-Varvatbakal,11.88,10.0,12.65,15.9,2015,October
2015-10,Jowar,Nagpur,Savner,10.86,10.41,11.27,27.2,2015,October
2015-10,Jowar,Hingoli,Sengaon,15.5,15.5,15.5,0.6,2015,October
2015-10,Jowar,Nandurbar,Shahada,13.65,12.39,14.63,1087.8,2015,October
2015-10,Jowar,Buldhana,Shegaon,11.86,11.27,12.45,179.1,2015,October
2015-10,Jowar,Ahmadnagar,Shevgaon,15.43,13.47,15.43,199.4,2015,October
2015-10,Jowar,Ahmadnagar,Shevgaon-Bodhegaon,15.61,14.35,15.61,217.1,2015,October
2015-10,Jowar,Dhule,Shirpur,13.54,11.7,15.58,1564.5,2015,October
2015-10,Jowar,Pune,Shirur,14.42,12.75,15.19,47.1,2015,October
2015-10,Jowar,Ahmadnagar,Shrirampur,16.14,14.48,17.13,33.0,2015,October
2015-10,Jowar,Ahmadnagar,Shrirampur-Belapur,10.5,10.0,11.0,1.5,2015,October
2015-10,Jowar,Aurangabad,Sillod,10.0,9.5,10.5,0.8,2015,October
2015-10,Jowar,Aurangabad,Sillod-Bharadi,10.0,9.5,10.5,0.7,2015,October
2015-10,Jowar,Nasik,Sinner,13.58,12.21,14.67,2.9,2015,October
2015-10,Jowar,Solapur,Solapur,19.79,17.05,22.03,64.1,2015,October
2015-10,Jowar,Nandurbar,Taloda,12.36,10.93,12.95,1240.0,2015,October
2015-10,Jowar,Akola,Telhara,11.67,11.23,12.06,146.0,2015,October
2015-10,Jowar,Osmanabad,Tuljapur,11.5,11.5,11.5,0.4,2015,October
2015-10,Jowar,Nagpur,Umared,16.5,15.75,17.38,4.0,2015,October
2015-10,Jowar,Osmanabad,Umarga,14.85,14.38,15.86,12.7,2015,October
2015-10,Jowar,Yewatmal,Umarkhed,14.5,14.0,15.0,28.0,2015,October
2015-10,Jowar,Satara,Vaduj,21.78,20.0,21.78,285.0,2015,October
2015-10,Jowar,Aurangabad,Vaijapur,16.36,14.89,17.38,19.5,2015,October
2015-10,Jowar,Amaravathi,Varud-Rajura Bazar,11.86,11.7,11.9,6.5,2015,October
2015-10,Jowar,Wardha,Wardha,14.5,14.25,14.5,1.6,2015,October
2015-10,Jowar,Wasim,Washim,11.62,10.87,12.41,25.0,2015,October
2015-10,Jowar,Yewatmal,Zarijamini,11.72,11.66,11.74,23.1,2015,October
2015-10,Onion,Ahmadnagar,Ahmednagar,31.45,7.0,42.46,14670.8,2015,October
2015-10,Onion,Solapur,Akluj,37.63,13.63,37.63,64.4,2015,October
2015-10,Onion,Ahmadnagar,Akole,23.37,7.8,37.2,90.4,2015,October
2015-10,Onion,Amaravathi,Amarawati,16.47,13.3,24.6,32.7,2015,October
2015-10,Onion,Aurangabad,Aurangabad,16.91,6.02,27.0,499.8,2015,October
2015-10,Onion,Pune,Baramati,20.29,7.0,29.21,578.3,2015,October
2015-10,Onion,Solapur,Barshi,17.4,3.13,30.46,128.1,2015,October
2015-10,Onion,Thane,Bhivandi,15.67,14.0,18.0,18.9,2015,October
2015-10,Onion,Chandrapur,Chandrapur-Ganjwad,19.42,11.67,26.65,856.7,2015,October
2015-10,Onion,Nasik,Chandvad,26.86,12.43,30.71,2327.9,2015,October
2015-10,Onion,Nasik,Devala,29.95,15.21,33.87,4344.3,2015,October
2015-10,Onion,Dhule,Dhule,20.53,4.92,26.97,12098.2,2015,October
2015-10,Onion,Nasik,Dindori-Vani,26.18,20.27,30.35,212.4,2015,October
2015-10,Onion,Pune,Indapur,15.54,2.64,27.04,113.8,2015,October
2015-10,Onion,Jalgaon,Jalgaon,21.84,12.22,28.35,869.0,2015,October
2015-10,Onion,Ahmadnagar,Jamkhed,20.47,4.89,36.06,332.5,2015,October
2015-10,Onion,Pune,Junnar,29.44,18.0,39.61,1145.6,2015,October
2015-10,Onion,Beed,Kada,26.67,1.0,44.5,150.4,2015,October
2015-10,Onion,Nasik,Kalvan,31.98,9.05,37.86,2633.7,2015,October
2015-10,Onion,Thane,Kalyan,32.93,29.19,37.48,8.1,2015,October
2015-10,Onion,Nagpur,Kamthi,29.18,17.64,38.27,12.1,2015,October
2015-10,Onion,Satara,Karad,22.43,13.93,22.43,164.4,2015,October
2015-10,Onion,Kolhapur,Kolhapur,22.96,6.0,40.57,7096.9,2015,October
2015-10,Onion,Ahmadnagar,Kopargaon,28.4,7.06,32.75,17.2,2015,October
2015-10,Onion,Satara,Koregaon,13.89,8.36,21.68,768.7,2015,October
2015-10,Onion,Solapur,Kurdwadi,15.75,3.9,27.6,196.2,2015,October
2015-10,Onion,Solapur,Kurdwadi-Modnimb,20.78,2.61,30.15,937.8,2015,October
2015-10,Onion,Nasik,Lasalgaon,30.41,17.89,33.83,3008.3,2015,October
2015-10,Onion,Nasik,Lasalgaon-Niphad,26.4,16.57,28.43,169.1,2015,October
2015-10,Onion,Aurangabad,Lasur Station,25.25,5.5,30.58,19.1,2015,October
2015-10,Onion,Satara,Lonand,24.75,11.88,31.69,2600.0,2015,October
2015-10,Onion,Nasik,Malegaon,27.26,5.98,33.48,6521.1,2015,October
2015-10,Onion,Buldhana,Malkapur,20.25,13.5,26.53,69.9,2015,October
2015-10,Onion,Pune,Manchar,24.83,11.26,40.49,468.2,2015,October
2015-10,Onion,Nasik,Manmad,27.0,13.38,31.42,2556.3,2015,October
2015-10,Onion,Mumbai,Mumbai,37.46,31.92,41.27,27358.8,2015,October
2015-10,Onion,Nagpur,Nagpur,26.82,16.96,30.11,10594.8,2015,October
2015-10,Onion,Nasik,Nandgaon,25.64,9.9,29.74,1616.3,2015,October
2015-10,Onion,Ahmadnagar,Newasa-Ghodegaon,30.0,8.46,37.69,9287.1,2015,October
2015-10,Onion,Osmanabad,Osmanabad,19.77,12.45,27.19,36.3,2015,October
2015-10,Onion,Thane,Palghar(Bevur),36.5,32.5,37.0,22.9,2015,October
2015-10,Onion,Solapur,Pandharpur,23.41,4.82,36.64,2000.9,2015,October
2015-10,Onion,Ahmadnagar,Parner,22.17,10.79,30.83,431.7,2015,October
2015-10,Onion,Ahmadnagar,Pathardi,18.0,7.5,25.5,20.0,2015,October
2015-10,Onion,Satara,Phaltan,24.67,8.33,33.77,751.4,2015,October
2015-10,Onion,Nasik,Pimpalgaon (B)-Saykheda,22.59,10.29,29.54,439.5,2015,October
2015-10,Onion,Nasik,Pimpalgaon Basawant,29.52,17.83,35.28,8351.7,2015,October
2015-10,Onion,Pune,Pune,38.09,9.86,40.27,21076.6,2015,October
2015-10,Onion,Pune,Pune-Manjri,18.87,12.09,25.35,21.6,2015,October
2015-10,Onion,Pune,Pune-Pimpri,28.58,25.46,30.15,5.9,2015,October
2015-10,Onion,Ahmadnagar,Rahata,22.63,7.0,34.13,314.6,2015,October
2015-10,Onion,Ahmadnagar,Rahuri-Vambori,25.09,3.45,37.45,1820.0,2015,October
2015-10,Onion,Nagpur,Ramtek,32.31,30.0,36.15,6.8,2015,October
2015-10,Onion,Ahmadnagar,Sangamner,31.33,11.79,41.49,4476.9,2015,October
2015-10,Onion,Sangli,Sangli-Phale Bhajipalam,22.32,6.64,32.55,7374.0,2015,October
2015-10,Onion,Nasik,Satana,29.54,16.9,37.37,6095.0,2015,October
2015-10,Onion,Satara,Satara,26.13,19.5,36.5,301.0,2015,October
2015-10,Onion,Dhule,Shirpur,20.39,5.86,23.96,123.0,2015,October
2015-10,Onion,Ahmadnagar,Shrirampur,32.86,11.14,41.71,354.5,2015,October
2015-10,Onion,Nasik,Sinner,23.47,4.23,34.45,531.0,2015,October
2015-10,Onion,Solapur,Solapur,15.08,1.88,38.87,52673.9,2015,October
2015-10,Onion,Aurangabad,Vaijapur,25.0,10.22,35.67,46.3,2015,October
2015-10,Onion,Thane,Vasai,37.73,30.95,45.91,76.5,2015,October
2015-10,Onion,Nasik,Yeola,30.18,10.87,36.02,2442.3,2015,October
2015-10,Rice,Gondiya,Aamgaon,14.91,14.52,15.31,332.6,2015,October
2015-10,Rice,Gadchiroli,Aheri,16.86,16.86,16.86,59.8,2015,October
2015-10,Rice,Latur,Ahmedpur,13.6,6.21,13.6,0.3,2015,October
2015-10,Rice,Ahmadnagar,Akole,16.75,14.88,19.75,19.8,2015,October
2015-10,Rice,Raigad,Alibag,20.8541,19.2834,22.3926,163.7,2015,October
2015-10,Rice,Gondiya,Arjuni Morgaon,18.0,17.5,18.25,16.7,2015,October
2015-10,Rice,Gadchiroli,Armori,17.63,16.75,18.11,184.9,2015,October
2015-10,Rice,Gadchiroli,Armori-Desaiganj,16.64,14.89,17.05,2995.4,2015,October
2015-10,Rice,Solapur,Barshi,14.77,14.35,15.21,52.1,2015,October
2015-10,Rice,Bhandara,Bhandara,25.65,24.05,26.96,49.0,2015,October
2015-10,Rice,Thane,Bhivandi,20.8,19.4,22.2,37.4,2015,October
2015-10,Rice,Nagpur,Bhiwapur,20.75,20.25,21.25,105.0,2015,October
2015-10,Rice,Nanded,Bhokar,16.5,16.5,16.5,0.1,2015,October
2015-10,Rice,Chandrapur,Brahmpuri,19.93,19.43,20.43,376.9,2015,October
2015-10,Rice,Gadchiroli,Chamorshi,19.9,19.25,26.64,999.6,2015,October
2015-10,Rice,Nasik,Devala,15.75,15.75,15.75,0.2,2015,October
2015-10,Rice,Gadchiroli,Gadchiroli,18.67,17.55,22.54,340.7,2015,October
2015-10,Rice,Gondiya,Gondiya,15.38,14.4,16.3,2264.3,2015,October
2015-10,Rice,Chandrapur,Gondpimpri,22.17,21.61,22.72,87.3,2015,October
2015-10,Rice,Gondiya,Goregaon,13.8,13.5,14.1,80.1,2015,October
2015-10,Rice,Pune,Indapur,11.5,11.5,11.5,0.2,2015,October
2015-10,Rice,Pune,Indapur-Bhigwan,14.53,14.36,14.74,29.5,2015,October
2015-10,Rice,Raigad,Karjat (Raigad),20.3271,16.1187,26.1051,373.0,2015,October
2015-10,Rice,Kolhapur,Kolhapur-Laxmipuri,21.5602,17.608,25.5573,2159.4,2015,October
2015-10,Rice,Bhandara,Lakhandur,15.3421,15.0479,15.5753,406.1,2015,October
2015-10,Rice,Bhandara,Lakhani,23.87,23.66,24.0,97.0,2015,October
2015-10,Rice,Nasik,Lasalgaon,16.62,16.62,16.62,0.7,2015,October
2015-10,Rice,Raigad,Mangaon(Bhadav),25.6391,17.697,34.1209,19.8,2015,October
2015-10,Rice,Chandrapur,Mul,21.54,19.42,22.52,717.7,2015,October
2015-10,Rice,Mumbai,Mumbai,52.77,41.43,64.12,48621.0,2015,October
2015-10,Rice,Thane,Murbad,17.5,17.5,19.5,61.3,2015,October
2015-10,Rice,Chandrapur,Nagbhid,20.53,18.42,20.53,1478.3,2015,October
2015-10,Rice,Nagpur,Nagpur,26.05,23.96,26.75,648.3,2015,October
2015-10,Rice,Pune,Nira-Saswad,25.0,19.0,33.0,6.1,2015,October
2015-10,Rice,Thane,Palghar(Bevur),26.55,22.76,29.81,442.9,2015,October
2015-10,Rice,Bhandara,Pavani,18.1,17.54,18.59,70.2,2015,October
2015-10,Rice,Raigad,Pen,22.0631,20.4354,28.4046,31.2,2015,October
2015-10,Rice,Pune,Pune,50.0,43.88,53.83,1864.7,2015,October
2015-10,Rice,Nagpur,Ramtek,15.0,15.0,15.0,0.3,2015,October
2015-10,Rice,Raigad,Roha,13.6,13.2,14.0,4.2,2015,October
2015-10,Rice,Chandrapur,Sindevahi,26.65,19.98,26.65,470.1,2015,October
2015-10,Rice,Nasik,Sinner,14.76,14.43,15.13,0.8,2015,October
2015-10,Rice,Solapur,Solapur,34.52,21.14,54.21,1074.0,2015,October
2015-10,Rice,Gondiya,Tiroda,15.72,15.06,16.37,2903.5,2015,October
2015-10,Rice,Nagpur,Umared,28.0,20.0,34.06,307.0,2015,October
2015-10,Rice,Osmanabad,Umarga,13.5,13.5,13.5,0.1,2015,October
2015-10,Rice,Thane,Vasai,25.7495,19.0259,38.405,653.4,2015,October
2015-10,Soybean,Yewatmal,Aarni,35.22,32.84,37.03,2093.2,2015,October
2015-10,Soybean,Gadchiroli,Aheri,33.38,31.62,34.7,12.9,2015,October
2015-10,Soybean,Ahmadnagar,Ahmednagar,35.66,33.47,37.41,253.4,2015,October
2015-10,Soybean,Latur,Ahmedpur,37.89,36.05,37.89,673.1,2015,October
2015-10,Soybean,Hingoli,Akhadabalapur,33.92,32.81,34.98,519.6,2015,October
2015-10,Soybean,Akola,Akola,35.29,33.12,37.19,13282.7,2015,October
2015-10,Soybean,Ahmadnagar,Akole,31.2,29.6,34.4,220.4,2015,October
2015-10,Soybean,Akola,Akot,35.14,32.93,36.04,509.0,2015,October
2015-10,Soybean,Amaravathi,Amarawati,31.85,30.13,36.79,5.4,2015,October
2015-10,Soybean,Beed,Ambejogai,36.95,33.85,37.76,2770.0,2015,October
2015-10,Soybean,Amaravathi,Anajngaon Surji,35.44,32.29,38.0,1421.4,2015,October
2015-10,Soybean,Wardha,Arvi,33.76,30.82,36.97,1709.7,2015,October
2015-10,Soybean,Jalna,Ashti (Jalna),35.81,29.56,35.81,108.0,2015,October
2015-10,Soybean,Wardha,Ashti-Karanja,34.85,33.98,35.88,52.8,2015,October
2015-10,Soybean,Latur,Ausa,37.08,33.68,37.39,193.2,2015,October
2015-10,Soybean,Yewatmal,Babhulgaon,34.48,29.79,38.03,1623.0,2015,October
2015-10,Soybean,Akola,Balapur,34.13,32.5,37.81,256.5,2015,October
2015-10,Soybean,Pune,Baramati,36.5,30.26,37.01,570.0,2015,October
2015-10,Soybean,Solapur,Barshi-Vairag,38.16,37.26,38.48,80.3,2015,October
2015-10,Soybean,Hingoli,Basmat,36.0,34.85,37.31,1068.0,2015,October
2015-10,Soybean,Beed,Beed,36.36,32.9,37.1,602.2,2015,October
2015-10,Soybean,Chandrapur,Bhadrawati,34.5,30.0,35.0,6.8,2015,October
2015-10,Soybean,Bhandara,Bhandara,32.43,31.59,32.59,21.5,2015,October
2015-10,Soybean,Nagpur,Bhiwapur,35.83,35.0,36.69,695.0,2015,October
2015-10,Soybean,Nanded,Bhokar,35.21,33.01,37.6,909.6,2015,October
2015-10,Soybean,Jalna,Bhokardan,34.58,34.17,35.06,418.9,2015,October
2015-10,Soybean,Jalna,Bhokardan-Pimpalgaon Renu,34.88,34.5,35.25,66.9,2015,October
2015-10,Soybean,Yewatmal,Bori Arab,35.13,34.75,35.53,71.2,2015,October
2015-10,Soybean,Buldhana,Buldhana,35.75,35.0,36.75,58.0,2015,October
2015-10,Soybean,Chandrapur,Chandrapur,36.76,32.69,38.52,488.4,2015,October
2015-10,Soybean,Amaravathi,Chandur Bajar,35.27,31.86,38.49,1581.9,2015,October
2015-10,Soybean,Amaravathi,Chandur Rly.,36.66,33.81,37.84,531.0,2015,October
2015-10,Soybean,Jalgaon,Chopda,34.75,23.25,36.52,50.1,2015,October
2015-10,Soybean,Amaravathi,Daryapur,35.13,27.48,37.86,2716.6,2015,October
2015-10,Soybean,Dhule,Dhule,36.26,34.54,36.72,27.4,2015,October
2015-10,Soybean,Yewatmal,Digras,36.26,34.71,37.63,1266.0,2015,October
2015-10,Soybean,Aurangabad,Gangapur,35.51,35.0,36.22,9.7,2015,October
2015-10,Soybean,Beed,Gevrai,35.72,33.62,36.95,342.0,2015,October
2015-10,Soybean,Jalna,Ghansawangi,33.78,33.0,39.67,823.8,2015,October
2015-10,Soybean,Yewatmal,Ghatanji,34.91,33.51,36.42,623.1,2015,October
2015-10,Soybean,Chandrapur,Gondpimpri,34.09,33.45,34.77,200.5,2015,October
2015-10,Soybean,Nanded,Hadgaon,33.3,33.3,36.74,826.6,2015,October
2015-10,Soybean,Wardha,Hinganghat,34.96,30.53,37.53,12522.3,2015,October
2015-10,Soybean,Nagpur,Hingna,37.0,32.51,37.0,1.5,2015,October
2015-10,Soybean,Hingoli,Hingoli,37.27,35.31,37.27,4987.3,2015,October
2015-10,Soybean,Pune,Indapur,29.18,29.18,29.18,0.8,2015,October
2015-10,Soybean,Pune,Indapur-Bhigwan,33.17,32.67,34.84,2.5,2015,October
2015-10,Soybean,Jalna,Jafrabad,34.35,33.14,35.71,387.2,2015,October
2015-10,Soybean,Jalgaon,Jalgaon,32.0,32.0,32.0,0.6,2015,October
2015-10,Soybean,Buldhana,Jalgaon Jamod,33.5,32.17,34.83,30.7,2015,October
2015-10,Soybean,Buldhana,Jalgaon Jamod-Aasalgaon,35.88,34.81,36.94,178.4,2015,October
2015-10,Soybean,Latur,Jalkot,35.8,34.08,37.3,1670.3,2015,October
2015-10,Soybean,Jalna,Jalna,34.41,29.1,37.16,14106.8,2015,October
2015-10,Soybean,Ahmadnagar,Jamkhed,34.88,33.02,36.74,312.1,2015,October
2015-10,Soybean,Hingoli,Jawala-Bajar,36.09,35.37,36.34,223.4,2015,October
2015-10,Soybean,Parbhani,Jintur,36.06,32.0,37.05,1013.0,2015,October
2015-10,Soybean,Parbhani,Jintur-Bori,35.37,33.34,37.02,72.8,2015,October
2015-10,Soybean,Beed,Kada,36.88,33.88,37.57,70.1,2015,October
2015-10,Soybean,Osmanabad,Kalamb (Os),36.2,31.09,37.74,2811.3,2015,October
2015-10,Soybean,Yewatmal,Kalamb (Yawatmal),32.81,31.09,34.41,1765.5,2015,October
2015-10,Soybean,Hingoli,Kalamnuri,34.1,34.1,34.1,1298.3,2015,October
2015-10,Soybean,Nagpur,Kalmeshwar,35.92,32.07,37.23,299.7,2015,October
2015-10,Soybean,Nasik,Kalvan,36.64,35.34,37.04,86.3,2015,October
2015-10,Soybean,Wasim,Karanja,35.58,32.71,37.52,11610.0,2015,October
2015-10,Soybean,Nagpur,Katol,35.62,31.56,37.7,992.5,2015,October
2015-10,Soybean,Beed,Kej,36.8,33.51,37.93,328.9,2015,October
2015-10,Soybean,Buldhana,Khamgaon,35.68,31.38,38.22,19723.0,2015,October
2015-10,Soybean,Beed,Kille Dharur,37.02,34.01,37.55,466.0,2015,October
2015-10,Soybean,Nanded,Kinwat,34.5,33.54,35.46,236.6,2015,October
2015-10,Soybean,Ahmadnagar,Kopargaon,36.84,31.75,37.23,120.8,2015,October
2015-10,Soybean,Chandrapur,Korpana,35.19,33.27,36.85,381.0,2015,October
2015-10,Soybean,Nasik,Lasalgaon,37.42,23.11,37.87,871.6,2015,October
2015-10,Soybean,Nasik,Lasalgaon-Vinchur,37.08,20.48,38.29,699.9,2015,October
2015-10,Soybean,Aurangabad,Lasur Station,36.99,34.54,37.43,349.3,2015,October
2015-10,Soybean,Latur,Latur,38.25,34.81,39.21,15124.0,2015,October
2015-10,Soybean,Latur,Latur-Murud,35.21,32.2,37.87,216.3,2015,October
2015-10,Soybean,Buldhana,Lonar,36.44,35.25,37.57,5915.0,2015,October
2015-10,Soybean,Nanded,Mahur,34.56,32.79,35.96,286.0,2015,October
2015-10,Soybean,Beed,Majalgaon,35.74,29.52,37.51,3590.6,2015,October
2015-10,Soybean,Nasik,Malegaon,36.6,35.89,36.98,30.4,2015,October
2015-10,Soybean,Wasim,Malegaon (Washim),36.69,36.69,48.46,8115.0,2015,October
2015-10,Soybean,Buldhana,Malkapur,36.15,30.53,38.44,4331.6,2015,October
2015-10,Soybean,Nagpur,Mandhal,33.83,32.12,36.44,620.2,2015,October
2015-10,Soybean,Wasim,Mangrulpeer,36.22,29.53,37.96,5180.9,2015,October
2015-10,Soybean,Wasim,Manora,37.18,35.97,38.84,2925.2,2015,October
2015-10,Soybean,Jalna,Mantha,34.73,31.23,35.64,147.0,2015,October
2015-10,Soybean,Parbhani,Manwat,36.06,31.85,37.85,976.3,2015,October
2015-10,Soybean,Buldhana,Mehkar,37.08,34.2,38.66,8998.9,2015,October
2015-10,Soybean,Amaravathi,Morshi,33.04,31.69,36.83,1325.7,2015,October
2015-10,Soybean,Nanded,Mukhed,52.59,36.26,52.59,268.6,2015,October
2015-10,Soybean,Akola,Murtizapur,35.66,32.58,37.06,5995.0,2015,October
2015-10,Soybean,Osmanabad,Murum,37.34,37.08,37.56,12.3,2015,October
2015-10,Soybean,Nagpur,Nagpur,36.18,31.54,37.73,1865.9,2015,October
2015-10,Soybean,Nanded,Naigaon,38.19,38.16,38.21,76.8,2015,October
2015-10,Soybean,Nanded,Nanded,36.81,36.44,36.98,329.7,2015,October
2015-10,Soybean,Nasik,Nandgaon,37.2,34.96,61.41,15.6,2015,October
2015-10,Soybean,Amaravathi,Nandgaon Khandeshwar,34.6,32.05,37.15,4041.3,2015,October
2015-10,Soybean,Buldhana,Nandura,38.26,31.81,38.26,1354.5,2015,October
2015-10,Soybean,Nandurbar,Nandurbar,35.73,34.1,36.95,668.7,2015,October
2015-10,Soybean,Yewatmal,Ner Parasopant,34.71,33.67,35.8,1884.2,2015,October
2015-10,Soybean,Latur,Nilanga,37.14,33.64,37.82,302.5,2015,October
2015-10,Soybean,Aurangabad,Paithan,36.12,31.68,37.41,8.9,2015,October
2015-10,Soybean,Parbhani,Palam,34.26,34.26,34.51,5.9,2015,October
2015-10,Soybean,Yewatmal,Pandharkawada,34.39,31.51,35.68,515.1,2015,October
2015-10,Soybean,Parbhani,Parbhani,36.24,35.08,36.98,529.9,2015,October
2015-10,Soybean,Beed,Parli-Vaijnath,37.41,34.66,37.7,1614.1,2015,October
2015-10,Soybean,Jalna,Partur,34.33,32.51,37.26,1423.3,2015,October
2015-10,Soybean,Parbhani,Pathari,34.89,30.61,37.46,1109.6,2015,October
2015-10,Soybean,Akola,Patur,35.46,35.16,36.38,635.2,2015,October
2015-10,Soybean,Wardha,Pulgaon,36.61,33.09,38.59,773.9,2015,October
2015-10,Soybean,Parbhani,Purna,36.47,34.01,37.11,466.1,2015,October
2015-10,Soybean,Yewatmal,Pusad,36.06,32.47,37.78,2100.6,2015,October
2015-10,Soybean,Ahmadnagar,Rahata,34.41,33.0,35.49,74.4,2015,October
2015-10,Soybean,Ahmadnagar,Rahuri-Vambori,36.85,35.66,37.89,71.3,2015,October
2015-10,Soybean,Chandrapur,Rajura,34.68,33.65,35.27,772.5,2015,October
2015-10,Soybean,Nagpur,Ramtek,34.53,31.33,35.33,7.7,2015,October
2015-10,Soybean,Wasim,Risod,35.77,34.37,37.47,10460.0,2015,October
2015-10,Soybean,Parbhani,Sailu,35.87,31.92,37.36,359.7,2015,October
2015-10,Soybean,Dhule,Sakri,34.14,34.01,34.26,4.5,2015,October
2015-10,Soybean,Wardha,Samudrapur,33.4,31.11,37.3,188.9,2015,October
2015-10,Soybean,Sangli,Sangali,35.5,32.29,37.12,799.6,2015,October
2015-10,Soybean,Ahmadnagar,Sangamner,36.63,36.25,37.0,17.7,2015,October
2015-10,Soybean,Buldhana,Sangrampur,32.2,28.6,35.4,4.9,2015,October
2015-10,Soybean,Buldhana,Sangrampur-Varvatbakal,33.0,28.55,35.4,21.5,2015,October
2015-10,Soybean,Nagpur,Savner,34.62,33.27,35.62,158.4,2015,October
2015-10,Soybean,Hingoli,Sengaon,35.78,34.13,37.07,2993.4,2015,October
2015-10,Soybean,Nandurbar,Shahada,35.39,24.73,37.6,237.1,2015,October
2015-10,Soybean,Buldhana,Shegaon,34.76,31.8,37.6,609.2,2015,October
2015-10,Soybean,Ahmadnagar,Shevgaon,33.17,31.84,33.17,3.0,2015,October
2015-10,Soybean,Dhule,Shirpur,35.34,21.66,37.07,441.4,2015,October
2015-10,Soybean,Pune,Shirur,31.88,31.04,31.94,7.5,2015,October
2015-10,Soybean,Ahmadnagar,Shrirampur,34.84,32.04,35.87,41.2,2015,October
2015-10,Soybean,Ahmadnagar,Shrirampur-Belapur,33.74,33.03,34.38,11.4,2015,October
2015-10,Soybean,Aurangabad,Sillod,33.98,33.48,34.48,200.2,2015,October
2015-10,Soybean,Aurangabad,Sillod-Bharadi,33.5,33.0,34.0,10.2,2015,October
2015-10,Soybean,Wardha,Sindi,33.89,30.33,37.12,655.3,2015,October
2015-10,Soybean,Wardha,Sindi (Selu),33.0,30.0,36.5,130.0,2015,October
2015-10,Soybean,Nasik,Sinner,36.02,31.88,36.71,5.0,2015,October
2015-10,Soybean,Solapur,Solapur,37.34,34.71,38.34,10.9,2015,October
2015-10,Soybean,Sangli,Tasgaon,34.81,33.85,35.53,265.4,2015,October
2015-10,Soybean,Akola,Telhara,34.25,32.88,36.02,575.0,2015,October
2015-10,Soybean,Osmanabad,Tuljapur,38.26,34.43,38.26,120.2,2015,October
2015-10,Soybean,Latur,Udgir,38.21,37.74,38.23,2860.0,2015,October
2015-10,Soybean,Nagpur,Umared,33.36,30.82,37.43,4887.7,2015,October
2015-10,Soybean,Osmanabad,Umarga,36.36,30.34,37.6,246.9,2015,October
2015-10,Soybean,Yewatmal,Umarkhed,35.37,34.59,36.13,1750.5,2015,October
2015-10,Soybean,Yewatmal,Umarkhed-Danki,35.39,34.63,36.13,895.0,2015,October
2015-10,Soybean,Satara,Vaduj,37.0,34.89,37.0,177.0,2015,October
2015-10,Soybean,Aurangabad,Vaijapur,38.0,37.7,38.35,9.6,2015,October
2015-10,Soybean,Yewatmal,Vani,35.27,32.13,36.62,939.3,2015,October
2015-10,Soybean,Chandrapur,Varora,33.94,30.75,36.21,798.3,2015,October
2015-10,Soybean,Amaravathi,Varud-Rajura Bazar,34.35,31.0,36.87,32.9,2015,October
2015-10,Soybean,Wardha,Wardha,38.3,33.42,38.3,2800.8,2015,October
2015-10,Soybean,Wasim,Washim,35.2,33.7,36.81,9885.6,2015,October
2015-10,Soybean,Nasik,Yeola,38.38,37.98,38.86,2.0,2015,October
2015-10,Soybean,Yewatmal,Yeotmal,34.95,32.23,37.31,4252.2,2015,October
2015-10,Soybean,Yewatmal,Zarijamini,34.76,31.84,35.95,253.4,2015,October
2015-11,Bajra,Ahmadnagar,Ahmednagar,15.79,14.6,16.75,33.8,2015,November
2015-11,Bajra,Latur,Ahmedpur,13.46,12.58,13.46,5.5,2015,November
2015-11,Bajra,Solapur,Akkolkot,15.33,14.5,16.0,6.8,2015,November
2015-11,Bajra,Akola,Akola,16.83,15.31,18.25,5.0,2015,November
2015-11,Bajra,Ahmadnagar,Akole,15.69,13.94,18.5,10.1,2015,November
2015-11,Bajra,Jalgaon,Amalner,15.16,13.05,15.16,38.9,2015,November
2015-11,Bajra,Amaravathi,Amarawati,13.73,13.0,15.33,1.8,2015,November
2015-11,Bajra,Beed,Ambejogai,15.05,15.05,15.05,1.3,2015,November
2015-11,Bajra,Jalna,Ashti (Jalna),14.81,13.47,15.3,50.0,2015,November
2015-11,Bajra,Latur,Ausa,16.51,14.84,17.65,2.7,2015,November
2015-11,Bajra,Akola,Balapur,14.0,14.0,14.0,0.4,2015,November
2015-11,Bajra,Pune,Baramati,16.83,14.93,20.17,265.8,2015,November
2015-11,Bajra,Solapur,Barshi,15.73,15.73,15.73,2.8,2015,November
2015-11,Bajra,Beed,Beed,16.14,14.15,16.89,239.8,2015,November
2015-11,Bajra,Jalna,Bhokardan,12.99,12.83,13.18,8.7,2015,November
2015-11,Bajra,Jalna,Bhokardan-Pimpalgaon Renu,12.8,12.75,12.93,3.3,2015,November
2015-11,Bajra,Jalgaon,Chalisgaon,13.67,13.0,14.47,62.5,2015,November
2015-11,Bajra,Jalgaon,Chopda,15.03,13.71,15.2,33.7,2015,November
2015-11,Bajra,Nasik,Devala,14.56,13.44,15.73,35.9,2015,November
2015-11,Bajra,Dhule,Dhule,14.8,12.53,16.03,260.0,2015,November
2015-11,Bajra,Yewatmal,Digras,13.25,13.25,13.25,0.1,2015,November
2015-11,Bajra,Dhule,Dondaicha,13.91,11.84,15.17,204.3,2015,November
2015-11,Bajra,Pune,Dound,16.09,13.87,18.62,76.9,2015,November
2015-11,Bajra,Solapur,Dudhani,15.54,15.0,15.98,16.0,2015,November
2015-11,Bajra,Aurangabad,Gangapur,16.23,15.68,17.23,29.8,2015,November
2015-11,Bajra,Beed,Gevrai,15.02,13.97,16.2,450.5,2015,November
2015-11,Bajra,Jalna,Ghansawangi,16.17,15.67,16.67,19.8,2015,November
2015-11,Bajra,Pune,Indapur,16.39,15.67,17.13,2.4,2015,November
2015-11,Bajra,Pune,Indapur (Nimgaon Ketki),14.95,14.13,15.63,1.3,2015,November
2015-11,Bajra,Pune,Indapur-Bhigwan,16.03,14.0,20.06,44.4,2015,November
2015-11,Bajra,Jalgaon,Jalgaon,14.67,14.5,15.04,31.9,2015,November
2015-11,Bajra,Jalna,Jalna,15.17,12.46,18.28,643.7,2015,November
2015-11,Bajra,Jalna,Jalna-Badnapur,13.29,12.58,13.81,2.9,2015,November
2015-11,Bajra,Ahmadnagar,Jamkhed,15.6,14.86,16.33,17.1,2015,November
2015-11,Bajra,Beed,Kada,14.08,13.15,15.65,53.9,2015,November
2015-11,Bajra,Osmanabad,Kalamb (Os),24.7,15.68,24.7,19.0,2015,November
2015-11,Bajra,Nasik,Kalvan,14.3,13.29,14.97,39.7,2015,November
2015-11,Bajra,Thane,Kalyan,17.0,16.0,17.5,0.3,2015,November
2015-11,Bajra,Aurangabad,Kannad,14.62,12.26,14.62,23.0,2015,November
2015-11,Bajra,Beed,Kej,16.89,14.17,19.61,28.6,2015,November
2015-11,Bajra,Buldhana,Khamgaon,14.47,12.99,15.31,159.3,2015,November
2015-11,Bajra,Beed,Kille Dharur,19.92,15.48,21.87,86.4,2015,November
2015-11,Bajra,Kolhapur,Kolhapur-Laxmipuri,18.8,18.18,19.4,13.5,2015,November
2015-11,Bajra,Ahmadnagar,Kopargaon,15.41,14.43,16.06,18.8,2015,November
2015-11,Bajra,Nasik,Lasalgaon,15.52,12.68,17.64,58.8,2015,November
2015-11,Bajra,Nasik,Lasalgaon-Vinchur,16.13,13.75,16.38,6.9,2015,November
2015-11,Bajra,Aurangabad,Lasur Station,14.9,13.01,16.21,138.6,2015,November
2015-11,Bajra,Latur,Latur,16.01,13.97,18.74,161.2,2015,November
2015-11,Bajra,Satara,Lonand,16.5,13.17,19.01,37.6,2015,November
2015-11,Bajra,Buldhana,Lonar,13.55,13.1,13.96,0.9,2015,November
2015-11,Bajra,Beed,Majalgaon,16.84,14.13,19.56,149.6,2015,November
2015-11,Bajra,Nasik,Malegaon,15.69,13.26,17.58,190.9,2015,November
2015-11,Bajra,Buldhana,Malkapur,13.8,12.24,14.41,36.2,2015,November
2015-11,Bajra,Solapur,Mangalwedha,15.63,15.63,15.63,10.3,2015,November
2015-11,Bajra,Nasik,Manmad,14.87,13.72,16.53,16.3,2015,November
2015-11,Bajra,Jalna,Mantha,15.0,14.5,15.75,1.4,2015,November
2015-11,Bajra,Parbhani,Manwat,16.31,14.5,17.35,7.0,2015,November
2015-11,Bajra,Osmanabad,Murum,15.49,15.29,15.69,4.3,2015,November
2015-11,Bajra,Nasik,Nandgaon,15.23,13.77,16.17,90.6,2015,November
2015-11,Bajra,Buldhana,Nandura,15.3,12.36,15.3,68.0,2015,November
2015-11,Bajra,Nandurbar,Nandurbar,13.87,11.98,15.6,95.9,2015,November
2015-11,Bajra,Ahmadnagar,Newasa,13.42,13.42,13.42,1.8,2015,November
2015-11,Bajra,Pune,Nira-Saswad,17.94,15.17,20.7,42.8,2015,November
2015-11,Bajra,Jalgaon,Pachora,13.92,13.44,14.41,27.0,2015,November
2015-11,Bajra,Aurangabad,Paithan,14.68,13.43,15.81,98.7,2015,November
2015-11,Bajra,Beed,Parli-Vaijnath,16.17,15.14,17.24,16.8,2015,November
2015-11,Bajra,Jalgaon,Parola,13.54,11.77,14.76,167.4,2015,November
2015-11,Bajra,Jalna,Partur,15.11,13.92,16.01,14.0,2015,November
2015-11,Bajra,Ahmadnagar,Pathardi,13.99,12.81,15.29,40.6,2015,November
2015-11,Bajra,Parbhani,Pathari,8.9,8.9,14.35,10.5,2015,November
2015-11,Bajra,Satara,Phaltan,16.25,12.75,19.65,141.7,2015,November
2015-11,Bajra,Pune,Pune,19.67,18.6,20.24,52.3,2015,November
2015-11,Bajra,Yewatmal,Pusad,16.68,13.43,17.98,45.9,2015,November
2015-11,Bajra,Ahmadnagar,Rahata,12.5,12.5,13.25,6.7,2015,November
2015-11,Bajra,Ahmadnagar,Rahuri-Vambori,16.86,16.86,16.86,0.3,2015,November
2015-11,Bajra,Jalgaon,Raver,13.18,13.18,13.18,1.1,2015,November
2015-11,Bajra,Parbhani,Sailu,15.51,15.51,15.51,1.7,2015,November
2015-11,Bajra,Dhule,Sakri,13.04,13.01,13.74,27.4,2015,November
2015-11,Bajra,Sangli,Sangali,17.08,13.8,18.3,290.8,2015,November
2015-11,Bajra,Ahmadnagar,Sangamner,15.56,14.04,16.34,97.9,2015,November
2015-11,Bajra,Nasik,Satana,15.39,13.71,17.64,28.0,2015,November
2015-11,Bajra,Nandurbar,Shahada,14.48,14.03,15.12,11.2,2015,November
2015-11,Bajra,Buldhana,Shegaon,15.91,13.04,16.05,7.9,2015,November
2015-11,Bajra,Ahmadnagar,Shevgaon,15.69,14.15,15.69,88.9,2015,November
2015-11,Bajra,Ahmadnagar,Shevgaon-Bodhegaon,14.5,13.35,14.5,141.5,2015,November
2015-11,Bajra,Dhule,Shirpur,14.22,12.43,15.85,165.4,2015,November
2015-11,Bajra,Pune,Shirur,13.46,12.86,14.09,20.5,2015,November
2015-11,Bajra,Ahmadnagar,Shrirampur,14.85,14.14,15.6,9.7,2015,November
2015-11,Bajra,Ahmadnagar,Shrirampur-Belapur,12.0,12.0,12.0,0.3,2015,November
2015-11,Bajra,Aurangabad,Sillod,12.82,12.56,13.5,20.4,2015,November
2015-11,Bajra,Nasik,Sinner,14.9,13.0,16.18,87.4,2015,November
2015-11,Bajra,Solapur,Solapur,16.51,15.86,16.51,2.1,2015,November
2015-11,Bajra,Parbhani,Sonpeth,16.2,15.44,16.86,5.6,2015,November
2015-11,Bajra,Nandurbar,Taloda,15.45,15.45,15.45,5.5,2015,November
2015-11,Bajra,Osmanabad,Tuljapur,13.5,13.5,13.5,0.7,2015,November
2015-11,Bajra,Osmanabad,Umarga,14.31,13.18,15.02,14.7,2015,November
2015-11,Bajra,Satara,Vaduj,15.63,14.13,15.63,5.9,2015,November
2015-11,Bajra,Aurangabad,Vaijapur,16.76,15.44,17.93,42.4,2015,November
2015-11,Bajra,Jalgaon,Yawal,11.5,11.0,12.0,1.6,2015,November
2015-11,Bajra,Nasik,Yeola,15.04,14.08,15.75,8.4,2015,November
2015-11,Cotton,Gadchiroli,Aheri,39.44,39.0,39.89,124.5,2015,November
2015-11,Cotton,Hingoli,Akhadabalapur,41.38,40.65,42.12,188.7,2015,November
2015-11,Cotton,Akola,Akot,42.1,41.74,42.46,490.0,2015,November
2015-11,Cotton,Amaravathi,Amarawati,41.93,41.5,42.13,13.8,2015,November
2015-11,Cotton,Wardha,Arvi,40.9,40.64,41.14,12834.1,2015,November
2015-11,Cotton,Wardha,Ashti (Wardha),41.18,36.36,41.39,760.5,2015,November
2015-11,Cotton,Akola,Barshi Takli,41.69,41.07,42.36,430.5,2015,November
2015-11,Cotton,Hingoli,Basmat,42.5,42.0,42.75,34.0,2015,November
2015-11,Cotton,Nagpur,Bhiwapur,39.05,38.6,39.49,532.0,2015,November
2015-11,Cotton,Nanded,Bhokar,39.98,39.0,40.52,4777.2,2015,November
2015-11,Cotton,Jalna,Bhokardan,41.63,41.47,41.81,391.9,2015,November
2015-11,Cotton,Chandrapur,Chandrapur,40.4,40.2,40.5,94.5,2015,November
2015-11,Cotton,Amaravathi,Chandur Rly.,41.08,40.92,41.17,92.4,2015,November
2015-11,Cotton,Chandrapur,Chimur,40.5,40.0,41.0,569.2,2015,November
2015-11,Cotton,Yewatmal,Darwha,39.75,39.0,40.5,30.0,2015,November
2015-11,Cotton,Buldhana,Deulgaon Raja,40.74,40.06,41.36,1943.6,2015,November
2015-11,Cotton,Amaravathi,Dhamangaon-Rly,40.77,40.5,41.01,650.0,2015,November
2015-11,Cotton,Amaravathi,Dharni,39.0,38.5,39.5,82.5,2015,November
2015-11,Cotton,Yewatmal,Digras,40.84,40.84,40.84,225.0,2015,November
2015-11,Cotton,Aurangabad,Fulambri,40.76,39.24,42.24,1335.3,2015,November
2015-11,Cotton,Parbhani,Gangakhed,41.17,40.93,41.39,598.3,2015,November
2015-11,Cotton,Beed,Gevrai,40.58,39.58,41.59,5468.5,2015,November
2015-11,Cotton,Jalna,Ghansawangi,41.94,41.38,42.63,139.9,2015,November
2015-11,Cotton,Yewatmal,Ghatanji,40.3,40.12,40.45,4875.7,2015,November
2015-11,Cotton,Nanded,Hadgaon,41.15,40.97,42.44,1207.9,2015,November
2015-11,Cotton,Nanded,Himayatnagar,39.51,38.23,40.65,46.9,2015,November
2015-11,Cotton,Wardha,Hinganghat,40.7,40.02,41.38,29377.0,2015,November
2015-11,Cotton,Hingoli,Hingoli,42.0,42.0,42.0,2.5,2015,November
2015-11,Cotton,Jalna,Jafrabad,41.09,40.02,41.98,594.0,2015,November
2015-11,Cotton,Jalna,Jalna,41.0,41.0,41.0,154.3,2015,November
2015-11,Cotton,Jalna,Jalna-Badnapur,40.7,40.16,41.53,462.2,2015,November
2015-11,Cotton,Jalgaon,Jamner,40.67,40.38,41.0,36.3,2015,November
2015-11,Cotton,Jalgaon,Jamner-Neri,40.59,40.32,41.0,19.8,2015,November
2015-11,Cotton,Hingoli,Jawala-Bajar,41.4,40.94,41.53,156.4,2015,November
2015-11,Cotton,Parbhani,Jintur,40.78,40.15,41.53,6603.9,2015,November
2015-11,Cotton,Yewatmal,Kalamb (Yawatmal),40.35,39.65,41.0,1782.1,2015,November
2015-11,Cotton,Hingoli,Kalamnuri,42.0,42.0,42.0,2.2,2015,November
2015-11,Cotton,Nagpur,Kalmeshwar,40.55,39.38,41.04,6150.5,2015,November
2015-11,Cotton,Nagpur,Katol,40.27,39.79,40.78,1035.0,2015,November
2015-11,Cotton,Buldhana,Khamgaon,41.53,40.41,42.04,1446.8,2015,November
2015-11,Cotton,Aurangabad,Khultabad,38.78,38.23,39.25,1570.3,2015,November
2015-11,Cotton,Beed,Kille Dharur,41.88,41.58,42.15,2587.4,2015,November
2015-11,Cotton,Nanded,Kinwat,40.38,39.88,40.88,887.3,2015,November
2015-11,Cotton,Chandrapur,Korpana,41.0,41.0,41.0,106.4,2015,November
2015-11,Cotton,Aurangabad,Lasur Station,41.0,40.0,42.0,34.7,2015,November
2015-11,Cotton,Yewatmal,Mahagaon,39.5,39.0,40.83,723.7,2015,November
2015-11,Cotton,Nanded,Mahur,38.77,38.0,39.64,428.5,2015,November
2015-11,Cotton,Beed,Majalgaon,41.32,40.58,41.6,4294.4,2015,November
2015-11,Cotton,Nagpur,Mandhal,38.99,38.86,39.29,42.4,2015,November
2015-11,Cotton,Jalna,Mantha,41.0,40.26,41.66,974.4,2015,November
2015-11,Cotton,Parbhani,Manwat,41.52,41.07,41.72,2752.5,2015,November
2015-11,Cotton,Yewatmal,Maregaon,31.8,30.98,33.67,9258.3,2015,November
2015-11,Cotton,Nagpur,Narkhed,28.7,28.7,40.56,1316.7,2015,November
2015-11,Cotton,Nandurbar,Navapur,39.08,38.6,39.8,31.7,2015,November
2015-11,Cotton,Yewatmal,Pandharkawada,40.6,40.37,40.77,2187.5,2015,November
2015-11,Cotton,Parbhani,Parbhani,41.66,41.13,41.86,1038.9,2015,November
2015-11,Cotton,Jalna,Partur,41.12,40.52,41.35,1258.3,2015,November
2015-11,Cotton,Ahmadnagar,Pathardi,41.13,40.5,42.5,20.0,2015,November
2015-11,Cotton,Wardha,Pulgaon,40.47,39.89,41.0,7683.4,2015,November
2015-11,Cotton,Chandrapur,Rajura,39.82,39.38,40.03,2447.6,2015,November
2015-11,Cotton,Yewatmal,Ralegaon,40.51,40.0,41.09,10954.1,2015,November
2015-11,Cotton,Parbhani,Sailu,41.65,41.32,41.9,1870.0,2015,November
2015-11,Cotton,Wardha,Samudrapur,40.19,39.47,40.94,8294.3,2015,November
2015-11,Cotton,Nagpur,Savner,39.61,39.29,40.92,900.0,2015,November
2015-11,Cotton,Dhule,Shirpur,41.0,41.0,41.0,131.9,2015,November
2015-11,Cotton,Ahmadnagar,Shrigonda-Ghogargaon,42.77,42.77,42.77,111.0,2015,November
2015-11,Cotton,Wardha,Sindi,40.65,40.21,41.11,875.6,2015,November
2015-11,Cotton,Wardha,Sindi (Selu),40.07,39.41,40.88,3921.6,2015,November
2015-11,Cotton,Parbhani,Sonpeth,41.33,41.12,41.53,514.6,2015,November
2015-11,Cotton,Aurangabad,Soygaon,41.0,40.7,41.3,125.6,2015,November
2015-11,Cotton,Akola,Telhara,40.79,40.28,41.33,1304.9,2015,November
2015-11,Cotton,Nagpur,Umared,39.35,38.71,39.84,908.1,2015,November
2015-11,Cotton,Yewatmal,Umarkhed,41.0,41.0,41.0,253.4,2015,November
2015-11,Cotton,Aurangabad,Vaijapur,41.5,41.0,42.5,156.9,2015,November
2015-11,Cotton,Yewatmal,Vani,40.21,38.88,40.55,8560.2,2015,November
2015-11,Cotton,Chandrapur,Varora,39.76,38.72,40.47,14274.5,2015,November
2015-11,Cotton,Amaravathi,Varud,40.13,37.16,40.84,584.8,2015,November
2015-11,Cotton,Wardha,Wardha,41.07,39.43,41.07,2356.7,2015,November
2015-11,Cotton,Jalgaon,Yawal,41.56,40.42,42.35,427.5,2015,November
2015-11,Cotton,Yewatmal,Yeotmal,39.88,39.32,40.26,3195.9,2015,November
2015-11,Cotton,Yewatmal,Zarijamini,40.15,39.13,40.37,5155.7,2015,November
2015-11,Jowar,Ahmadnagar,Ahmednagar,20.62,16.84,23.75,330.5,2015,November
2015-11,Jowar,Latur,Ahmedpur,18.57,16.24,18.57,186.0,2015,November
2015-11,Jowar,Nandurbar,Akkalkuwa,12.75,11.5,13.5,116.5,2015,November
2015-11,Jowar,Solapur,Akkolkot,19.5,18.0,22.0,2.2,2015,November
2015-11,Jowar,Akola,Akola,13.82,12.75,15.22,442.4,2015,November
2015-11,Jowar,Akola,Akot,13.14,12.17,14.04,1504.5,2015,November
2015-11,Jowar,Jalgaon,Amalner,15.68,13.84,15.71,295.3,2015,November
2015-11,Jowar,Amaravathi,Amarawati,16.41,15.14,18.54,14.2,2015,November
2015-11,Jowar,Beed,Ambejogai,21.44,20.81,22.01,52.5,2015,November
2015-11,Jowar,Amaravathi,Anajngaon Surji,12.5,11.68,13.56,123.8,2015,November
2015-11,Jowar,Jalna,Ashti (Jalna),16.4,16.26,16.4,4.9,2015,November
2015-11,Jowar,Latur,Ausa,18.41,16.54,19.47,92.5,2015,November
2015-11,Jowar,Akola,Balapur,14.1,11.6,15.0,79.7,2015,November
2015-11,Jowar,Pune,Baramati,21.33,16.67,26.07,92.6,2015,November
2015-11,Jowar,Solapur,Barshi,21.38,16.7,25.88,992.5,2015,November
2015-11,Jowar,Solapur,Barshi-Vairag,20.39,18.62,23.62,138.5,2015,November
2015-11,Jowar,Beed,Beed,20.35,16.7,22.66,97.5,2015,November
2015-11,Jowar,Jalna,Bhokardan,12.74,12.5,12.97,10.4,2015,November
2015-11,Jowar,Jalna,Bhokardan-Pimpalgaon Renu,12.56,12.25,12.81,5.7,2015,November
2015-11,Jowar,Jalgaon,Bhusaval,12.97,12.25,13.3,72.2,2015,November
2015-11,Jowar,Buldhana,Buldhana,11.31,10.75,12.0,72.0,2015,November
2015-11,Jowar,Jalgaon,Chalisgaon,13.13,12.0,13.66,37.0,2015,November
2015-11,Jowar,Amaravathi,Chandur Bajar,13.37,12.58,14.08,241.3,2015,November
2015-11,Jowar,Buldhana,Chikhali,12.53,11.61,13.47,10.4,2015,November
2015-11,Jowar,Jalgaon,Chopda,13.09,12.71,13.26,365.3,2015,November
2015-11,Jowar,Amaravathi,Daryapur,12.31,11.45,20.45,26.6,2015,November
2015-11,Jowar,Nasik,Devala,13.34,12.68,13.39,1.5,2015,November
2015-11,Jowar,Amaravathi,Dharni,11.5,11.0,12.0,93.0,2015,November
2015-11,Jowar,Dhule,Dhule,14.39,13.42,14.82,578.7,2015,November
2015-11,Jowar,Yewatmal,Digras,15.73,15.73,15.73,0.9,2015,November
2015-11,Jowar,Dhule,Dondaicha,15.68,14.29,16.61,693.3,2015,November
2015-11,Jowar,Pune,Dound,21.07,18.79,23.33,88.6,2015,November
2015-11,Jowar,Solapur,Dudhani,23.38,22.64,24.52,11.4,2015,November
2015-11,Jowar,Aurangabad,Gangapur,16.94,15.62,18.09,15.9,2015,November
2015-11,Jowar,Beed,Gevrai,18.93,16.15,22.27,364.3,2015,November
2015-11,Jowar,Jalna,Ghansawangi,16.83,16.33,17.33,4.5,2015,November
2015-11,Jowar,Nanded,Himayatnagar,11.26,10.4,12.09,12.6,2015,November
2015-11,Jowar,Hingoli,Hingoli,17.74,17.74,17.74,55.5,2015,November
2015-11,Jowar,Pune,Indapur,21.55,18.08,25.36,18.9,2015,November
2015-11,Jowar,Pune,Indapur (Nimgaon Ketki),15.13,13.75,21.56,0.8,2015,November
2015-11,Jowar,Pune,Indapur-Bhigwan,18.5,15.44,26.91,43.0,2015,November
2015-11,Jowar,Jalna,Jafrabad,11.0,10.0,12.0,2.0,2015,November
2015-11,Jowar,Jalgaon,Jalgaon,13.67,13.3,14.29,228.7,2015,November
2015-11,Jowar,Buldhana,Jalgaon Jamod,11.5,10.75,12.25,4.4,2015,November
2015-11,Jowar,Buldhana,Jalgaon Jamod-Aasalgaon,12.0,11.4,12.6,8.1,2015,November
2015-11,Jowar,Latur,Jalkot,14.23,13.84,14.45,112.4,2015,November
2015-11,Jowar,Jalna,Jalna,17.66,13.05,23.62,551.1,2015,November
2015-11,Jowar,Ahmadnagar,Jamkhed,24.36,16.64,32.11,863.4,2015,November
2015-11,Jowar,Hingoli,Jawala-Bajar,17.9,16.0,18.0,6.9,2015,November
2015-11,Jowar,Parbhani,Jintur,16.13,15.34,17.21,4.9,2015,November
2015-11,Jowar,Parbhani,Jintur-Bori,12.96,12.96,12.96,0.5,2015,November
2015-11,Jowar,Beed,Kada,24.94,17.71,29.63,227.2,2015,November
2015-11,Jowar,Osmanabad,Kalamb (Os),18.28,15.65,19.87,615.6,2015,November
2015-11,Jowar,Hingoli,Kalamnuri,16.0,16.0,16.0,6.5,2015,November
2015-11,Jowar,Thane,Kalyan,16.5,16.0,17.0,0.6,2015,November
2015-11,Jowar,Aurangabad,Kannad,13.57,12.75,13.57,3.0,2015,November
2015-11,Jowar,Wasim,Karanja,12.4,11.91,13.57,37.1,2015,November
2015-11,Jowar,Solapur,Karmala,24.17,16.38,32.91,171.5,2015,November
2015-11,Jowar,Nagpur,Katol,11.97,11.82,12.1,61.3,2015,November
2015-11,Jowar,Beed,Kej,19.96,18.11,21.52,144.1,2015,November
2015-11,Jowar,Buldhana,Khamgaon,13.19,12.24,13.72,317.5,2015,November
2015-11,Jowar,Beed,Kille Dharur,21.33,19.29,22.01,164.5,2015,November
2015-11,Jowar,Nanded,Kinwat,13.75,13.0,14.5,6.4,2015,November
2015-11,Jowar,Kolhapur,Kolhapur-Laxmipuri,27.38,17.55,37.4,350.0,2015,November
2015-11,Jowar,Ahmadnagar,Kopargaon,15.47,13.09,16.81,3.9,2015,November
2015-11,Jowar,Satara,Koregaon,18.0,16.5,19.75,3.2,2015,November
2015-11,Jowar,Solapur,Kurdwadi,20.87,18.27,23.51,12.5,2015,November
2015-11,Jowar,Solapur,Kurdwadi-Modnimb,20.0,14.22,25.18,67.6,2015,November
2015-11,Jowar,Nasik,Lasalgaon,12.73,12.73,13.07,4.6,2015,November
2015-11,Jowar,Aurangabad,Lasur Station,17.62,14.23,20.4,87.3,2015,November
2015-11,Jowar,Latur,Latur,20.16,18.35,22.02,1008.6,2015,November
2015-11,Jowar,Latur,Latur-Murud,18.78,17.5,19.97,34.4,2015,November
2015-11,Jowar,Nanded,Loha,15.3,15.0,15.61,12.5,2015,November
2015-11,Jowar,Satara,Lonand,19.17,16.0,24.33,13.1,2015,November
2015-11,Jowar,Buldhana,Lonar,12.42,11.95,12.91,16.8,2015,November
2015-11,Jowar,Beed,Majalgaon,18.13,14.55,20.78,25.5,2015,November
2015-11,Jowar,Buldhana,Malkapur,12.99,11.83,13.99,675.2,2015,November
2015-11,Jowar,Solapur,Mangalwedha,20.85,18.57,23.44,95.7,2015,November
2015-11,Jowar,Wasim,Mangrulpeer,12.0,9.25,12.58,7.7,2015,November
2015-11,Jowar,Jalna,Mantha,13.67,12.0,14.83,9.3,2015,November
2015-11,Jowar,Parbhani,Manwat,14.75,14.01,16.63,5.1,2015,November
2015-11,Jowar,Buldhana,Mehkar,12.03,10.92,12.48,26.1,2015,November
2015-11,Jowar,Solapur,Mohol,21.52,16.86,23.5,17.3,2015,November
2015-11,Jowar,Amaravathi,Morshi,12.18,12.0,12.75,181.7,2015,November
2015-11,Jowar,Nanded,Mukhed,16.15,15.56,16.56,72.0,2015,November
2015-11,Jowar,Osmanabad,Murum,21.38,20.96,21.81,5.2,2015,November
2015-11,Jowar,Nagpur,Nagpur,16.92,13.67,18.0,8.5,2015,November
2015-11,Jowar,Nanded,Nanded,13.52,13.19,13.89,37.4,2015,November
2015-11,Jowar,Nasik,Nandgaon,15.07,13.44,15.07,1.7,2015,November
2015-11,Jowar,Buldhana,Nandura,14.02,11.87,14.14,367.2,2015,November
2015-11,Jowar,Nandurbar,Nandurbar,12.6,11.54,13.89,1539.4,2015,November
2015-11,Jowar,Nandurbar,Navapur,12.01,12.0,12.02,7.9,2015,November
2015-11,Jowar,Latur,Nilanga,13.94,12.04,14.96,21.5,2015,November
2015-11,Jowar,Pune,Nira-Saswad,20.56,16.0,25.12,45.6,2015,November
2015-11,Jowar,Osmanabad,Osmanabad,20.69,17.79,22.91,18.9,2015,November
2015-11,Jowar,Jalgaon,Pachora,12.77,12.44,13.2,177.9,2015,November
2015-11,Jowar,Aurangabad,Paithan,17.34,16.62,17.94,14.4,2015,November
2015-11,Jowar,Solapur,Pandharpur,20.04,18.78,20.53,18.5,2015,November
2015-11,Jowar,Osmanabad,Paranda,23.4,18.8,27.6,17.0,2015,November
2015-11,Jowar,Parbhani,Parbhani,16.38,16.0,16.75,1.5,2015,November
2015-11,Jowar,Beed,Parli-Vaijnath,18.24,17.39,19.12,145.7,2015,November
2015-11,Jowar,Jalgaon,Parola,12.58,12.06,13.31,1259.1,2015,November
2015-11,Jowar,Jalna,Partur,17.28,15.4,18.22,8.5,2015,November
2015-11,Jowar,Ahmadnagar,Pathardi,16.85,15.59,18.71,29.8,2015,November
2015-11,Jowar,Parbhani,Pathari,16.75,16.0,18.75,0.4,2015,November
2015-11,Jowar,Akola,Patur,16.17,15.5,16.92,9.2,2015,November
2015-11,Jowar,Satara,Phaltan,20.63,15.75,29.48,67.6,2015,November
2015-11,Jowar,Pune,Pune,28.86,26.72,30.06,571.5,2015,November
2015-11,Jowar,Parbhani,Purna,11.5,11.5,11.5,0.4,2015,November
2015-11,Jowar,Yewatmal,Pusad,13.96,12.66,14.94,201.9,2015,November
2015-11,Jowar,Ahmadnagar,Rahata,12.25,12.21,12.54,8.5,2015,November
2015-11,Jowar,Ahmadnagar,Rahuri-Vambori,17.07,15.63,18.51,3.6,2015,November
2015-11,Jowar,Jalgaon,Raver,12.89,11.56,13.82,567.5,2015,November
2015-11,Jowar,Parbhani,Sailu,13.92,13.82,14.08,4.6,2015,November
2015-11,Jowar,Dhule,Sakri,11.51,11.51,11.51,0.6,2015,November
2015-11,Jowar,Sangli,Sangali,23.41,16.59,26.2,886.1,2015,November
2015-11,Jowar,Ahmadnagar,Sangamner,18.33,17.28,19.06,44.9,2015,November
2015-11,Jowar,Buldhana,Sangrampur-Varvatbakal,12.08,10.42,12.77,24.6,2015,November
2015-11,Jowar,Nagpur,Savner,11.53,10.96,11.89,31.3,2015,November
2015-11,Jowar,Nandurbar,Shahada,15.41,12.84,15.41,697.2,2015,November
2015-11,Jowar,Buldhana,Shegaon,12.68,12.03,13.33,114.5,2015,November
2015-11,Jowar,Ahmadnagar,Shevgaon,19.99,17.23,19.99,143.4,2015,November
2015-11,Jowar,Ahmadnagar,Shevgaon-Bodhegaon,17.1,15.58,17.1,185.1,2015,November
2015-11,Jowar,Dhule,Shirpur,14.39,12.51,15.67,763.6,2015,November
2015-11,Jowar,Pune,Shirur,15.18,14.39,15.67,25.5,2015,November
2015-11,Jowar,Ahmadnagar,Shrirampur,17.55,14.95,18.76,18.3,2015,November
2015-11,Jowar,Ahmadnagar,Shrirampur-Belapur,10.75,10.5,11.0,1.7,2015,November
2015-11,Jowar,Nasik,Sinner,14.55,13.3,15.42,5.0,2015,November
2015-11,Jowar,Solapur,Solapur,22.46,19.51,24.91,80.7,2015,November
2015-11,Jowar,Parbhani,Sonpeth,17.93,17.21,19.57,2.0,2015,November
2015-11,Jowar,Nandurbar,Taloda,13.27,11.09,13.76,999.8,2015,November
2015-11,Jowar,Akola,Telhara,15.13,11.84,16.2,180.0,2015,November
2015-11,Jowar,Osmanabad,Tuljapur,20.37,20.32,20.37,10.0,2015,November
2015-11,Jowar,Latur,Udgir,14.19,13.42,14.41,40.4,2015,November
2015-11,Jowar,Nagpur,Umared,17.3,17.1,17.8,1.0,2015,November
2015-11,Jowar,Osmanabad,Umarga,18.75,17.34,19.39,47.1,2015,November
2015-11,Jowar,Yewatmal,Umarkhed-Danki,14.5,14.0,15.0,16.0,2015,November
2015-11,Jowar,Satara,Vaduj,23.0,20.5,23.0,259.0,2015,November
2015-11,Jowar,Aurangabad,Vaijapur,16.05,15.62,16.5,12.8,2015,November
2015-11,Jowar,Amaravathi,Varud,15.7,15.7,15.7,26.3,2015,November
2015-11,Jowar,Amaravathi,Varud-Rajura Bazar,12.67,12.51,12.76,2.0,2015,November
2015-11,Jowar,Wardha,Wardha,14.07,13.42,14.07,4.5,2015,November
2015-11,Jowar,Wasim,Washim,15.41,14.4,16.2,53.2,2015,November
2015-11,Jowar,Jalgaon,Yawal,12.68,12.08,13.15,998.0,2015,November
2015-11,Jowar,Yewatmal,Zarijamini,15.5,15.5,15.5,1.0,2015,November
2015-11,Onion,Ahmadnagar,Ahmednagar,22.0,3.4,33.9,26698.5,2015,November
2015-11,Onion,Solapur,Akluj,34.21,13.36,34.21,57.0,2015,November
2015-11,Onion,Ahmadnagar,Akole,14.64,1.5,28.02,167.2,2015,November
2015-11,Onion,Amaravathi,Amarawati,26.07,21.71,31.0,111.9,2015,November
2015-11,Onion,Aurangabad,Aurangabad,14.54,6.59,22.5,487.5,2015,November
2015-11,Onion,Pune,Baramati,20.47,5.33,31.84,478.0,2015,November
2015-11,Onion,Solapur,Barshi,28.33,2.83,32.33,282.2,2015,November
2015-11,Onion,Thane,Bhivandi,17.12,15.48,18.8,36.2,2015,November
2015-11,Onion,Chandrapur,Chandrapur-Ganjwad,15.91,9.45,23.91,445.8,2015,November
2015-11,Onion,Nasik,Chandvad,17.92,9.12,23.55,8423.8,2015,November
2015-11,Onion,Nasik,Devala,18.72,9.54,23.1,7932.1,2015,November
2015-11,Onion,Dhule,Dhule,16.34,5.31,21.08,24456.1,2015,November
2015-11,Onion,Nasik,Dindori-Vani,18.24,12.13,23.8,3285.5,2015,November
2015-11,Onion,Pune,Indapur,12.48,1.75,24.17,138.7,2015,November
2015-11,Onion,Jalgaon,Jalgaon,14.62,5.32,19.48,1997.5,2015,November
2015-11,Onion,Ahmadnagar,Jamkhed,18.03,3.67,32.39,699.6,2015,November
2015-11,Onion,Pune,Junnar,34.63,22.5,45.88,304.6,2015,November
2015-11,Onion,Beed,Kada,21.0,2.5,38.33,1971.2,2015,November
2015-11,Onion,Nasik,Kalvan,21.58,6.77,28.48,1605.1,2015,November
2015-11,Onion,Thane,Kalyan,27.0,23.61,30.06,5.4,2015,November
2015-11,Onion,Nagpur,Kamthi,23.86,16.19,29.52,10.1,2015,November
2015-11,Onion,Satara,Karad,21.6,14.8,21.6,75.0,2015,November
2015-11,Onion,Kolhapur,Kolhapur,20.68,5.41,36.23,13814.5,2015,November
2015-11,Onion,Ahmadnagar,Kopargaon,20.33,6.25,23.25,73.1,2015,November
2015-11,Onion,Satara,Koregaon,23.38,13.75,32.25,42.2,2015,November
2015-11,Onion,Solapur,Kurdwadi,13.81,2.73,24.89,234.0,2015,November
2015-11,Onion,Solapur,Kurdwadi-Modnimb,15.25,2.31,27.06,1388.8,2015,November
2015-11,Onion,Nasik,Lasalgaon,27.01,19.5,33.16,18922.0,2015,November
2015-11,Onion,Nasik,Lasalgaon-Niphad,16.57,9.08,19.45,183.6,2015,November
2015-11,Onion,Aurangabad,Lasur Station,18.0,5.33,24.58,56.0,2015,November
2015-11,Onion,Satara,Lonand,21.46,9.38,26.37,2166.6,2015,November
2015-11,Onion,Nasik,Malegaon,17.82,5.53,24.87,14812.7,2015,November
2015-11,Onion,Buldhana,Malkapur,15.56,11.05,18.13,1198.2,2015,November
2015-11,Onion,Pune,Manchar,24.6,14.38,34.86,508.7,2015,November
2015-11,Onion,Nasik,Manmad,18.23,9.01,23.74,11968.4,2015,November
2015-11,Onion,Mumbai,Mumbai,28.13,23.0,34.7,30467.8,2015,November
2015-11,Onion,Nagpur,Nagpur,18.55,13.07,20.37,12835.4,2015,November
2015-11,Onion,Nasik,Nandgaon,16.84,7.05,20.91,5848.4,2015,November
2015-11,Onion,Nasik,Nashik,18.56,8.11,25.78,1688.3,2015,November
2015-11,Onion,Nandurbar,Navapur,18.71,18.38,19.38,6.0,2015,November
2015-11,Onion,Ahmadnagar,Newasa-Ghodegaon,23.73,4.09,30.27,17841.5,2015,November
2015-11,Onion,Osmanabad,Osmanabad,16.5,8.33,24.67,16.0,2015,November
2015-11,Onion,Thane,Palghar(Bevur),16.63,16.47,17.04,47.9,2015,November
2015-11,Onion,Solapur,Pandharpur,19.5,2.5,31.5,465.0,2015,November
2015-11,Onion,Osmanabad,Paranda,16.09,2.75,29.82,460.1,2015,November
2015-11,Onion,Ahmadnagar,Parner,18.18,8.09,27.27,2742.3,2015,November
2015-11,Onion,Ahmadnagar,Pathardi,17.57,8.09,31.68,179.6,2015,November
2015-11,Onion,Satara,Phaltan,17.67,5.0,25.0,641.3,2015,November
2015-11,Onion,Nasik,Pimpalgaon (B)-Saykheda,15.73,5.17,22.37,1486.7,2015,November
2015-11,Onion,Nasik,Pimpalgaon Basawant,20.84,10.2,29.11,31061.4,2015,November
2015-11,Onion,Pune,Pune,33.89,9.44,37.89,18593.4,2015,November
2015-11,Onion,Pune,Pune-Manjri,17.94,12.22,26.0,11.8,2015,November
2015-11,Onion,Pune,Pune-Pimpri,38.0,36.5,38.75,3.1,2015,November
2015-11,Onion,Ahmadnagar,Rahata,16.82,6.36,29.68,2256.2,2015,November
2015-11,Onion,Ahmadnagar,Rahuri,14.1,2.0,25.0,427.0,2015,November
2015-11,Onion,Ahmadnagar,Rahuri-Vambori,15.0,2.0,26.67,1528.8,2015,November
2015-11,Onion,Nagpur,Ramtek,30.79,29.79,33.21,9.1,2015,November
2015-11,Onion,Ahmadnagar,Sangamner,27.2,8.0,36.31,13203.3,2015,November
2015-11,Onion,Sangli,Sangli-Phale Bhajipalam,22.0,6.0,30.25,789.9,2015,November
2015-11,Onion,Nasik,Satana,23.27,9.74,31.58,6429.3,2015,November
2015-11,Onion,Satara,Satara,21.69,14.88,27.88,522.6,2015,November
2015-11,Onion,Dhule,Shirpur,14.42,2.92,18.03,370.8,2015,November
2015-11,Onion,Ahmadnagar,Shrirampur,22.38,7.13,31.06,546.8,2015,November
2015-11,Onion,Nasik,Sinner,17.37,2.37,26.77,3094.9,2015,November
2015-11,Onion,Solapur,Solapur,13.29,1.95,34.27,65306.6,2015,November
2015-11,Onion,Kolhapur,Vadgaon Peth,18.0,15.0,20.0,1.0,2015,November
2015-11,Onion,Aurangabad,Vaijapur,17.61,9.33,27.44,961.8,2015,November
2015-11,Onion,Thane,Vasai,31.0,23.58,39.0,80.5,2015,November
2015-11,Onion,Jalgaon,Yawal,13.06,11.63,15.78,2025.0,2015,November
2015-11,Onion,Nasik,Yeola,20.43,10.03,24.6,6252.2,2015,November
2015-11,Rice,Gondiya,Aamgaon,15.12,14.7,15.56,799.1,2015,November
2015-11,Rice,Gadchiroli,Aheri,18.83,18.83,18.83,30.4,2015,November
2015-11,Rice,Latur,Ahmedpur,14.1,8.01,14.1,0.5,2015,November
2015-11,Rice,Ahmadnagar,Akole,16.38,14.88,19.0,19.0,2015,November
2015-11,Rice,Raigad,Alibag,25.8542,22.4664,28.4484,156.1,2015,November
2015-11,Rice,Gondiya,Arjuni Morgaon,15.6,15.3,15.61,517.5,2015,November
2015-11,Rice,Gadchiroli,Armori,16.02,15.02,16.46,238.3,2015,November
2015-11,Rice,Gadchiroli,Armori-Desaiganj,16.17,14.82,16.79,5135.5,2015,November
2015-11,Rice,Solapur,Barshi,14.93,14.69,15.31,33.4,2015,November
2015-11,Rice,Bhandara,Bhandara,27.0,25.71,28.21,50.8,2015,November
2015-11,Rice,Thane,Bhivandi,25.17,22.5,28.17,21.5,2015,November
2015-11,Rice,Nagpur,Bhiwapur,18.35,18.0,19.52,435.0,2015,November
2015-11,Rice,Chandrapur,Brahmpuri,19.94,19.41,60.59,396.9,2015,November
2015-11,Rice,Gadchiroli,Chamorshi,19.57,18.9,20.16,764.0,2015,November
2015-11,Rice,Chandrapur,Chimur,20.5,20.0,21.0,1061.3,2015,November
2015-11,Rice,Nasik,Devala,13.76,13.76,13.76,0.2,2015,November
2015-11,Rice,Gadchiroli,Gadchiroli,16.94,15.85,17.29,219.8,2015,November
2015-11,Rice,Nasik,Ghoti,17.78,17.49,18.07,656.4,2015,November
2015-11,Rice,Gondiya,Gondiya,14.97,14.28,15.66,6327.0,2015,November
2015-11,Rice,Chandrapur,Gondpimpri,21.03,20.44,21.69,156.3,2015,November
2015-11,Rice,Gondiya,Goregaon,14.94,14.62,15.27,565.8,2015,November
2015-11,Rice,Pune,Indapur,12.0,12.0,12.0,0.2,2015,November
2015-11,Rice,Pune,Indapur-Bhigwan,14.54,14.38,14.67,20.2,2015,November
2015-11,Rice,Thane,Kalyan,31.0,27.0,35.25,1.2,2015,November
2015-11,Rice,Raigad,Karjat (Raigad),21.1796,16.3898,27.672,258.5,2015,November
2015-11,Rice,Kolhapur,Kolhapur-Laxmipuri,24.061,17.5662,31.5048,1565.0,2015,November
2015-11,Rice,Bhandara,Lakhandur,15.2076,15.1483,15.2076,1497.7,2015,November
2015-11,Rice,Bhandara,Lakhani,16.85,16.85,16.85,12.6,2015,November
2015-11,Rice,Nasik,Lasalgaon,15.25,15.25,16.0,0.2,2015,November
2015-11,Rice,Nagpur,Mandhal,20.09,18.71,20.9,247.4,2015,November
2015-11,Rice,Raigad,Mangaon(Bhadav),27.67,18.0,34.33,16.5,2015,November
2015-11,Rice,Chandrapur,Mul,21.56,19.08,22.67,5041.0,2015,November
2015-11,Rice,Mumbai,Mumbai,53.74,42.2,65.18,68070.7,2015,November
2015-11,Rice,Thane,Murbad,16.17,16.17,18.17,95.7,2015,November
2015-11,Rice,Chandrapur,Nagbhid,20.35,17.67,20.36,3766.8,2015,November
2015-11,Rice,Nagpur,Nagpur,19.8729,16.4943,21.0032,2606.9,2015,November
2015-11,Rice,Nandurbar,Navapur,12.02,11.65,12.17,31.0,2015,November
2015-11,Rice,Pune,Nira-Saswad,31.08,28.5,33.67,11.7,2015,November
2015-11,Rice,Thane,Palghar(Bevur),25.75,22.2,29.19,608.9,2015,November
2015-11,Rice,Bhandara,Pavani,18.06,17.5,18.72,149.2,2015,November
2015-11,Rice,Raigad,Pen,23.0,21.2333,29.8333,19.8,2015,November
2015-11,Rice,Pune,Pune,49.53,44.04,53.31,1553.0,2015,November
2015-11,Rice,Nagpur,Ramtek,16.3372,15.8177,16.8114,794.7,2015,November
2015-11,Rice,Raigad,Roha,13.71,13.37,14.06,235.4,2015,November
2015-11,Rice,Chandrapur,Savali,21.29,20.62,21.91,2035.2,2015,November
2015-11,Rice,Thane,Shahapur,15.67,14.33,16.58,2.4,2015,November
2015-11,Rice,Chandrapur,Sindevahi,17.34,17.34,18.29,293.9,2015,November
2015-11,Rice,Nasik,Sinner,22.0,15.0,32.52,0.2,2015,November
2015-11,Rice,Solapur,Solapur,35.17,21.08,51.93,626.7,2015,November
2015-11,Rice,Gondiya,Tiroda,15.44,14.96,15.91,5902.5,2015,November
2015-11,Rice,Bhandara,Tumsar,17.45,16.56,18.32,3320.2,2015,November
2015-11,Rice,Nagpur,Umared,28.5,20.0,35.17,185.6,2015,November
2015-11,Rice,Osmanabad,Umarga,12.1,12.1,12.6,0.2,2015,November
2015-11,Rice,Thane,Vasai,26.0949,18.8062,38.7838,700.5,2015,November
2015-11,Rice,Wasim,Washim,11.0,11.0,11.0,0.5,2015,November
2015-11,Soybean,Yewatmal,Aarni,35.18,32.27,37.05,759.2,2015,November
2015-11,Soybean,Gadchiroli,Aheri,33.47,32.78,34.46,47.0,2015,November
2015-11,Soybean,Ahmadnagar,Ahmednagar,35.68,34.1,37.25,59.8,2015,November
2015-11,Soybean,Latur,Ahmedpur,37.5,35.65,37.5,630.0,2015,November
2015-11,Soybean,Hingoli,Akhadabalapur,33.63,32.57,34.77,301.0,2015,November
2015-11,Soybean,Akola,Akola,36.02,34.17,37.94,6819.8,2015,November
2015-11,Soybean,Ahmadnagar,Akole,32.5,30.0,35.75,135.3,2015,November
2015-11,Soybean,Akola,Akot,32.44,28.72,36.16,1265.5,2015,November
2015-11,Soybean,Jalgaon,Amalner,35.29,26.14,35.29,6.8,2015,November
2015-11,Soybean,Amaravathi,Amarawati,31.37,29.55,35.86,1411.8,2015,November
2015-11,Soybean,Beed,Ambejogai,37.0,35.01,38.13,1841.0,2015,November
2015-11,Soybean,Amaravathi,Anajngaon Surji,34.53,31.65,36.98,760.9,2015,November
2015-11,Soybean,Wardha,Arvi,34.03,31.14,37.11,531.5,2015,November
2015-11,Soybean,Jalna,Ashti (Jalna),34.63,31.31,35.51,52.9,2015,November
2015-11,Soybean,Wardha,Ashti-Karanja,34.66,30.76,37.06,569.5,2015,November
2015-11,Soybean,Latur,Ausa,37.64,33.92,38.04,994.1,2015,November
2015-11,Soybean,Yewatmal,Babhulgaon,35.4,31.83,37.8,1431.0,2015,November
2015-11,Soybean,Akola,Balapur,35.1,32.82,35.9,539.8,2015,November
2015-11,Soybean,Pune,Baramati,36.44,30.5,36.9,158.2,2015,November
2015-11,Soybean,Solapur,Barshi-Vairag,36.99,35.58,37.36,58.5,2015,November
2015-11,Soybean,Hingoli,Basmat,36.81,36.13,37.21,64.1,2015,November
2015-11,Soybean,Beed,Beed,36.72,34.43,37.42,317.0,2015,November
2015-11,Soybean,Chandrapur,Bhadrawati,33.57,30.0,34.36,49.1,2015,November
2015-11,Soybean,Bhandara,Bhandara,30.72,30.6,30.84,4.2,2015,November
2015-11,Soybean,Nagpur,Bhiwapur,35.93,35.33,36.4,97.5,2015,November
2015-11,Soybean,Nanded,Bhokar,35.6,34.26,36.95,718.8,2015,November
2015-11,Soybean,Jalna,Bhokardan,35.52,35.19,35.81,135.3,2015,November
2015-11,Soybean,Jalna,Bhokardan-Pimpalgaon Renu,35.5,35.13,35.88,42.5,2015,November
2015-11,Soybean,Yewatmal,Bori Arab,34.7,34.46,34.89,29.2,2015,November
2015-11,Soybean,Buldhana,Buldhana,35.32,34.02,37.02,225.5,2015,November
2015-11,Soybean,Chandrapur,Chandrapur,36.31,32.63,37.72,125.2,2015,November
2015-11,Soybean,Amaravathi,Chandur Bajar,35.46,31.57,39.09,913.1,2015,November
2015-11,Soybean,Amaravathi,Chandur Rly.,35.41,31.83,37.14,778.0,2015,November
2015-11,Soybean,Nasik,Chandvad,38.75,35.0,39.34,1.3,2015,November
2015-11,Soybean,Buldhana,Chikhali,35.8,33.24,38.34,2353.5,2015,November
2015-11,Soybean,Chandrapur,Chimur,34.11,33.11,35.11,138.5,2015,November
2015-11,Soybean,Jalgaon,Chopda,33.58,22.86,36.43,63.3,2015,November
2015-11,Soybean,Yewatmal,Darwha,37.05,36.5,37.6,12.5,2015,November
2015-11,Soybean,Amaravathi,Daryapur,33.69,25.29,37.2,1043.3,2015,November
2015-11,Soybean,Amaravathi,Dhamangaon-Rly,34.78,32.72,37.81,3030.0,2015,November
2015-11,Soybean,Amaravathi,Dharni,31.5,31.0,32.0,44.0,2015,November
2015-11,Soybean,Dhule,Dhule,35.72,28.7,36.6,37.1,2015,November
2015-11,Soybean,Yewatmal,Digras,36.25,35.41,37.1,480.5,2015,November
2015-11,Soybean,Parbhani,Gangakhed,35.51,34.81,36.48,91.3,2015,November
2015-11,Soybean,Beed,Gevrai,35.4,32.42,37.51,134.6,2015,November
2015-11,Soybean,Jalna,Ghansawangi,35.56,34.56,36.19,230.2,2015,November
2015-11,Soybean,Yewatmal,Ghatanji,35.08,34.87,35.32,172.1,2015,November
2015-11,Soybean,Chandrapur,Gondpimpri,33.42,32.93,33.97,503.5,2015,November
2015-11,Soybean,Nanded,Hadgaon,34.0,34.0,35.5,833.0,2015,November
2015-11,Soybean,Nanded,Himayatnagar,32.98,31.32,34.47,29.7,2015,November
2015-11,Soybean,Wardha,Hinganghat,33.25,30.0,37.25,6161.0,2015,November
2015-11,Soybean,Nagpur,Hingna,33.97,30.38,35.0,11.8,2015,November
2015-11,Soybean,Hingoli,Hingoli,37.84,36.68,37.84,3396.5,2015,November
2015-11,Soybean,Pune,Indapur,33.5,33.17,34.09,2.1,2015,November
2015-11,Soybean,Pune,Indapur-Bhigwan,33.5,33.19,34.0,3.4,2015,November
2015-11,Soybean,Jalna,Jafrabad,34.42,33.33,35.33,87.9,2015,November
2015-11,Soybean,Buldhana,Jalgaon Jamod,32.36,31.0,33.71,23.9,2015,November
2015-11,Soybean,Buldhana,Jalgaon Jamod-Aasalgaon,33.71,31.57,35.86,698.0,2015,November
2015-11,Soybean,Latur,Jalkot,36.72,35.03,37.87,1743.1,2015,November
2015-11,Soybean,Jalna,Jalna,35.69,31.0,37.13,4445.8,2015,November
2015-11,Soybean,Ahmadnagar,Jamkhed,35.53,33.64,37.42,89.2,2015,November
2015-11,Soybean,Hingoli,Jawala-Bajar,37.07,36.27,37.3,510.4,2015,November
2015-11,Soybean,Parbhani,Jintur,36.39,32.95,37.01,606.8,2015,November
2015-11,Soybean,Parbhani,Jintur-Bori,34.6,30.98,36.52,49.1,2015,November
2015-11,Soybean,Beed,Kada,33.54,31.04,35.75,28.5,2015,November
2015-11,Soybean,Osmanabad,Kalamb (Os),37.11,34.15,37.77,1168.1,2015,November
2015-11,Soybean,Yewatmal,Kalamb (Yawatmal),35.0,33.55,36.96,374.4,2015,November
2015-11,Soybean,Hingoli,Kalamnuri,35.0,35.0,35.0,538.3,2015,November
2015-11,Soybean,Nagpur,Kalmeshwar,35.79,30.97,36.89,233.6,2015,November
2015-11,Soybean,Nasik,Kalvan,37.4,35.9,63.04,55.5,2015,November
2015-11,Soybean,Wasim,Karanja,36.3,34.55,37.57,9190.0,2015,November
2015-11,Soybean,Nagpur,Katol,35.3,30.36,37.64,1039.6,2015,November
2015-11,Soybean,Beed,Kej,36.29,31.53,37.2,189.7,2015,November
2015-11,Soybean,Buldhana,Khamgaon,36.53,32.53,38.33,11469.7,2015,November
2015-11,Soybean,Beed,Kille Dharur,37.16,34.55,37.56,361.6,2015,November
2015-11,Soybean,Nanded,Kinwat,34.68,34.0,35.37,77.5,2015,November
2015-11,Soybean,Ahmadnagar,Kopargaon,36.78,32.71,37.01,42.1,2015,November
2015-11,Soybean,Chandrapur,Korpana,35.09,33.83,36.1,38.3,2015,November
2015-11,Soybean,Nasik,Lasalgaon,37.44,27.44,37.96,658.3,2015,November
2015-11,Soybean,Nasik,Lasalgaon-Vinchur,36.63,15.2,37.87,597.2,2015,November
2015-11,Soybean,Aurangabad,Lasur Station,36.63,35.09,37.21,68.1,2015,November
2015-11,Soybean,Latur,Latur,37.76,34.62,39.07,14273.3,2015,November
2015-11,Soybean,Latur,Latur-Murud,36.02,31.93,37.94,138.5,2015,November
2015-11,Soybean,Buldhana,Lonar,36.8,35.96,37.54,4500.0,2015,November
2015-11,Soybean,Nanded,Mahur,34.82,33.0,35.82,232.5,2015,November
2015-11,Soybean,Beed,Majalgaon,35.38,27.13,37.44,950.5,2015,November
2015-11,Soybean,Nasik,Malegaon,34.82,33.47,36.61,17.3,2015,November
2015-11,Soybean,Wasim,Malegaon (Washim),36.46,34.33,37.88,3530.5,2015,November
2015-11,Soybean,Buldhana,Malkapur,36.11,30.16,39.19,2404.9,2015,November
2015-11,Soybean,Nagpur,Mandhal,34.72,32.94,37.47,320.5,2015,November
2015-11,Soybean,Wasim,Mangrulpeer,36.68,29.78,38.21,3068.7,2015,November
2015-11,Soybean,Wasim,Manora,37.2,35.83,38.5,1742.4,2015,November
2015-11,Soybean,Jalna,Mantha,35.6,31.7,36.28,76.0,2015,November
2015-11,Soybean,Parbhani,Manwat,35.88,30.0,37.79,229.5,2015,November
2015-11,Soybean,Buldhana,Mehkar,37.76,32.63,38.78,4019.9,2015,November
2015-11,Soybean,Amaravathi,Morshi,32.69,31.2,35.88,734.0,2015,November
2015-11,Soybean,Nanded,Mukhed,37.24,36.22,37.62,124.0,2015,November
2015-11,Soybean,Akola,Murtizapur,36.24,33.69,37.36,4700.0,2015,November
2015-11,Soybean,Osmanabad,Murum,37.14,36.87,37.43,9.5,2015,November
2015-11,Soybean,Nagpur,Nagpur,35.85,31.54,37.43,2637.1,2015,November
2015-11,Soybean,Nanded,Nanded,36.82,36.69,36.87,247.4,2015,November
2015-11,Soybean,Nasik,Nandgaon,37.66,34.2,38.02,10.4,2015,November
2015-11,Soybean,Amaravathi,Nandgaon Khandeshwar,33.17,28.85,37.49,3564.9,2015,November
2015-11,Soybean,Buldhana,Nandura,38.11,32.43,38.11,1373.9,2015,November
2015-11,Soybean,Nandurbar,Nandurbar,35.88,33.85,36.96,202.5,2015,November
2015-11,Soybean,Nandurbar,Navapur,36.38,36.06,36.81,23.7,2015,November
2015-11,Soybean,Yewatmal,Ner Parasopant,34.72,33.53,35.83,1359.8,2015,November
2015-11,Soybean,Latur,Nilanga,37.35,34.06,38.27,508.9,2015,November
2015-11,Soybean,Pune,Nira-Saswad,33.0,33.0,33.0,0.8,2015,November
2015-11,Soybean,Osmanabad,Osmanabad,35.64,32.6,36.45,7.6,2015,November
2015-11,Soybean,Jalgaon,Pachora,34.3,31.5,37.11,130.5,2015,November
2015-11,Soybean,Aurangabad,Paithan,35.4,34.88,35.53,4.8,2015,November
2015-11,Soybean,Parbhani,Palam,34.83,34.83,35.11,13.6,2015,November
2015-11,Soybean,Yewatmal,Pandharkawada,34.85,32.44,35.99,214.0,2015,November
2015-11,Soybean,Osmanabad,Paranda,37.0,36.75,38.0,0.4,2015,November
2015-11,Soybean,Parbhani,Parbhani,36.36,35.05,36.97,401.0,2015,November
2015-11,Soybean,Beed,Parli-Vaijnath,37.58,34.49,37.99,1203.6,2015,November
2015-11,Soybean,Jalna,Partur,35.06,32.78,36.89,154.8,2015,November
2015-11,Soybean,Parbhani,Pathari,34.67,29.22,36.87,179.4,2015,November
2015-11,Soybean,Akola,Patur,35.81,35.81,37.16,481.2,2015,November
2015-11,Soybean,Wardha,Pulgaon,36.1,31.05,37.35,543.6,2015,November
2015-11,Soybean,Parbhani,Purna,36.36,35.03,37.3,225.7,2015,November
2015-11,Soybean,Yewatmal,Pusad,36.72,32.36,37.98,561.5,2015,November
2015-11,Soybean,Ahmadnagar,Rahata,35.53,35.25,36.03,12.3,2015,November
2015-11,Soybean,Ahmadnagar,Rahuri-Vambori,34.92,34.89,34.95,2.0,2015,November
2015-11,Soybean,Chandrapur,Rajura,35.27,33.91,36.04,590.3,2015,November
2015-11,Soybean,Nagpur,Ramtek,35.12,33.84,36.4,0.8,2015,November
2015-11,Soybean,Wasim,Risod,36.87,35.61,38.17,6758.2,2015,November
2015-11,Soybean,Parbhani,Sailu,36.78,33.2,37.08,137.7,2015,November
2015-11,Soybean,Dhule,Sakri,41.33,41.33,44.59,6.0,2015,November
2015-11,Soybean,Wardha,Samudrapur,33.25,30.38,37.36,346.5,2015,November
2015-11,Soybean,Sangli,Sangali,36.42,32.5,37.83,670.0,2015,November
2015-11,Soybean,Ahmadnagar,Sangamner,36.0,36.0,36.0,1.1,2015,November
2015-11,Soybean,Buldhana,Sangrampur-Varvatbakal,34.19,18.25,35.77,129.6,2015,November
2015-11,Soybean,Nagpur,Savner,33.61,31.35,34.78,95.2,2015,November
2015-11,Soybean,Hingoli,Sengaon,35.69,34.38,37.33,2915.9,2015,November
2015-11,Soybean,Nandurbar,Shahada,35.78,23.65,37.98,175.1,2015,November
2015-11,Soybean,Buldhana,Shegaon,34.87,32.0,37.74,871.9,2015,November
2015-11,Soybean,Ahmadnagar,Shevgaon,34.0,34.0,34.0,0.2,2015,November
2015-11,Soybean,Dhule,Shirpur,34.54,16.61,36.81,129.3,2015,November
2015-11,Soybean,Pune,Shirur,33.07,33.07,33.07,1.3,2015,November
2015-11,Soybean,Ahmadnagar,Shrirampur,34.83,33.54,35.8,15.7,2015,November
2015-11,Soybean,Ahmadnagar,Shrirampur-Belapur,33.33,33.22,33.44,2.2,2015,November
2015-11,Soybean,Aurangabad,Sillod,34.76,34.0,35.26,135.7,2015,November
2015-11,Soybean,Wardha,Sindi,33.57,28.96,36.97,238.4,2015,November
2015-11,Soybean,Nasik,Sinner,36.65,32.28,37.23,40.3,2015,November
2015-11,Soybean,Solapur,Solapur,36.4,35.04,36.82,6.7,2015,November
2015-11,Soybean,Parbhani,Sonpeth,37.05,35.3,38.01,55.0,2015,November
2015-11,Soybean,Sangli,Tasgaon,34.36,33.54,36.04,87.0,2015,November
2015-11,Soybean,Akola,Telhara,33.53,30.75,36.28,400.0,2015,November
2015-11,Soybean,Osmanabad,Tuljapur,37.55,37.04,37.55,13.2,2015,November
2015-11,Soybean,Latur,Udgir,37.9,37.62,37.9,5055.0,2015,November
2015-11,Soybean,Nagpur,Umared,35.89,33.22,40.71,1902.5,2015,November
2015-11,Soybean,Osmanabad,Umarga,36.59,30.32,37.49,104.8,2015,November
2015-11,Soybean,Yewatmal,Umarkhed,35.18,34.6,35.76,412.0,2015,November
2015-11,Soybean,Yewatmal,Umarkhed-Danki,35.0,34.4,35.6,249.0,2015,November
2015-11,Soybean,Satara,Vaduj,36.75,35.0,36.75,41.5,2015,November
2015-11,Soybean,Aurangabad,Vaijapur,37.58,37.29,37.65,9.0,2015,November
2015-11,Soybean,Yewatmal,Vani,36.15,33.04,37.33,303.6,2015,November
2015-11,Soybean,Chandrapur,Varora,33.43,30.2,36.35,1085.0,2015,November
2015-11,Soybean,Amaravathi,Varud-Rajura Bazar,34.22,30.03,36.53,9.8,2015,November
2015-11,Soybean,Wardha,Wardha,37.58,33.03,37.58,1342.8,2015,November
2015-11,Soybean,Wasim,Washim,31.81,30.59,33.16,10037.3,2015,November
2015-11,Soybean,Jalgaon,Yawal,33.25,32.13,34.5,20.5,2015,November
2015-11,Soybean,Yewatmal,Yeotmal,35.64,33.63,37.58,2425.2,2015,November
2015-11,Soybean,Yewatmal,Zarijamini,30.41,28.24,78.26,21.0,2015,November
2015-12,Bajra,Ahmadnagar,Ahmednagar,17.16,16.16,17.97,25.8,2015,December
2015-12,Bajra,Latur,Ahmedpur,13.39,12.79,13.39,6.1,2015,December
2015-12,Bajra,Solapur,Akkolkot,16.35,16.35,16.35,0.5,2015,December
2015-12,Bajra,Akola,Akola,16.92,15.67,17.94,13.8,2015,December
2015-12,Bajra,Ahmadnagar,Akole,16.19,13.5,18.5,3.7,2015,December
2015-12,Bajra,Jalgaon,Amalner,14.92,13.66,14.92,16.5,2015,December
2015-12,Bajra,Amaravathi,Amarawati,17.14,16.1,18.08,3.9,2015,December
2015-12,Bajra,Jalna,Ambad(Vadi Godri),14.42,12.77,16.66,221.0,2015,December
2015-12,Bajra,Beed,Ambejogai,16.42,16.42,16.42,0.9,2015,December
2015-12,Bajra,Jalna,Ashti (Jalna),13.81,13.43,14.07,6.5,2015,December
2015-12,Bajra,Latur,Ausa,16.6,15.26,17.68,4.1,2015,December
2015-12,Bajra,Pune,Baramati,17.42,15.54,20.63,414.2,2015,December
2015-12,Bajra,Solapur,Barshi,16.79,16.55,17.29,27.9,2015,December
2015-12,Bajra,Beed,Beed,14.98,13.38,15.65,221.0,2015,December
2015-12,Bajra,Nanded,Bhokar,14.0,14.0,14.0,0.1,2015,December
2015-12,Bajra,Jalna,Bhokardan,13.07,12.76,13.57,7.9,2015,December
2015-12,Bajra,Jalna,Bhokardan-Pimpalgaon Renu,13.35,12.89,13.78,2.8,2015,December
2015-12,Bajra,Jalgaon,Chalisgaon,14.24,13.08,15.81,583.5,2015,December
2015-12,Bajra,Jalgaon,Chopda,15.07,14.12,15.08,7.3,2015,December
2015-12,Bajra,Nasik,Devala,14.48,13.68,15.16,24.9,2015,December
2015-12,Bajra,Dhule,Dhule,15.24,13.42,16.37,257.1,2015,December
2015-12,Bajra,Dhule,Dondaicha,14.16,12.99,15.23,139.9,2015,December
2015-12,Bajra,Dhule,Dondaicha-Sindkheda,13.33,12.4,13.66,58.2,2015,December
2015-12,Bajra,Pune,Dound,16.7,14.32,19.75,98.0,2015,December
2015-12,Bajra,Solapur,Dudhani,15.27,14.03,15.57,18.9,2015,December
2015-12,Bajra,Aurangabad,Gangapur,15.88,15.29,16.49,29.5,2015,December
2015-12,Bajra,Beed,Gevrai,14.66,13.71,15.97,391.5,2015,December
2015-12,Bajra,Jalna,Ghansawangi,16.63,16.13,17.25,4.0,2015,December
2015-12,Bajra,Pune,Indapur,16.26,14.42,17.5,3.9,2015,December
2015-12,Bajra,Pune,Indapur-Bhigwan,15.5,14.25,19.03,30.9,2015,December
2015-12,Bajra,Jalgaon,Jalgaon,15.25,15.16,15.32,14.1,2015,December
2015-12,Bajra,Jalna,Jalna,14.89,12.89,18.12,572.3,2015,December
2015-12,Bajra,Jalna,Jalna-Badnapur,13.73,13.42,13.92,4.2,2015,December
2015-12,Bajra,Ahmadnagar,Jamkhed,17.16,16.0,18.33,37.0,2015,December
2015-12,Bajra,Parbhani,Jintur,17.88,17.88,17.88,1.3,2015,December
2015-12,Bajra,Parbhani,Jintur-Bori,14.0,14.0,14.0,0.6,2015,December
2015-12,Bajra,Beed,Kada,14.07,12.97,16.26,21.6,2015,December
2015-12,Bajra,Osmanabad,Kalamb (Os),14.53,12.9,15.48,21.2,2015,December
2015-12,Bajra,Nasik,Kalvan,13.95,13.41,14.73,27.2,2015,December
2015-12,Bajra,Thane,Kalyan,18.0,17.25,18.75,1.2,2015,December
2015-12,Bajra,Aurangabad,Kannad,17.31,15.48,17.9,23.1,2015,December
2015-12,Bajra,Wasim,Karanja,16.56,16.56,16.56,2.4,2015,December
2015-12,Bajra,Beed,Kej,14.66,13.08,18.09,42.5,2015,December
2015-12,Bajra,Buldhana,Khamgaon,14.23,13.55,14.66,112.5,2015,December
2015-12,Bajra,Beed,Kille Dharur,18.24,15.51,19.78,43.0,2015,December
2015-12,Bajra,Kolhapur,Kolhapur-Laxmipuri,22.0,20.5,23.0,13.6,2015,December
2015-12,Bajra,Ahmadnagar,Kopargaon,17.13,16.21,17.47,18.3,2015,December
2015-12,Bajra,Nasik,Lasalgaon,15.73,13.34,18.03,45.0,2015,December
2015-12,Bajra,Nasik,Lasalgaon-Vinchur,16.54,15.75,16.7,5.1,2015,December
2015-12,Bajra,Aurangabad,Lasur Station,14.59,13.3,16.1,238.8,2015,December
2015-12,Bajra,Latur,Latur,14.89,13.66,17.35,830.9,2015,December
2015-12,Bajra,Osmanabad,Lohara,14.7,14.7,14.7,0.2,2015,December
2015-12,Bajra,Satara,Lonand,15.8,13.3,17.7,47.1,2015,December
2015-12,Bajra,Beed,Majalgaon,16.36,13.93,19.67,93.7,2015,December
2015-12,Bajra,Nasik,Malegaon,15.8,13.75,17.67,183.9,2015,December
2015-12,Bajra,Buldhana,Malkapur,12.64,12.64,14.32,43.1,2015,December
2015-12,Bajra,Nasik,Manmad,15.08,14.08,15.89,12.8,2015,December
2015-12,Bajra,Jalna,Mantha,15.5,15.19,16.19,4.2,2015,December
2015-12,Bajra,Nanded,Mukhed,15.0,15.0,15.0,0.1,2015,December
2015-12,Bajra,Osmanabad,Murum,15.16,14.67,15.65,8.6,2015,December
2015-12,Bajra,Nasik,Nandgaon,15.84,13.44,17.2,53.0,2015,December
2015-12,Bajra,Buldhana,Nandura,15.29,12.35,15.29,83.1,2015,December
2015-12,Bajra,Nandurbar,Nandurbar,14.23,11.96,16.39,117.1,2015,December
2015-12,Bajra,Ahmadnagar,Newasa,14.19,14.19,14.19,1.5,2015,December
2015-12,Bajra,Pune,Nira-Saswad,18.35,15.8,21.1,54.1,2015,December
2015-12,Bajra,Jalgaon,Pachora,14.17,14.17,14.99,107.1,2015,December
2015-12,Bajra,Aurangabad,Paithan,14.08,12.96,15.47,68.6,2015,December
2015-12,Bajra,Beed,Parli-Vaijnath,14.56,13.98,14.93,10.1,2015,December
2015-12,Bajra,Jalgaon,Parola,13.73,12.6,14.69,83.1,2015,December
2015-12,Bajra,Jalna,Partur,14.53,13.01,15.16,13.6,2015,December
2015-12,Bajra,Ahmadnagar,Pathardi,33.22,13.06,33.22,37.0,2015,December
2015-12,Bajra,Parbhani,Pathari,12.53,10.17,14.79,10.4,2015,December
2015-12,Bajra,Satara,Phaltan,16.5,12.75,19.38,122.3,2015,December
2015-12,Bajra,Pune,Pune,21.2,19.42,21.88,126.1,2015,December
2015-12,Bajra,Pune,Pune-Pimpri,20.86,19.7,21.6,12.9,2015,December
2015-12,Bajra,Yewatmal,Pusad,16.86,14.93,18.08,37.5,2015,December
2015-12,Bajra,Ahmadnagar,Rahata,14.25,14.25,14.45,2.8,2015,December
2015-12,Bajra,Ahmadnagar,Rahuri-Vambori,15.21,14.79,15.76,6.4,2015,December
2015-12,Bajra,Jalgaon,Raver,11.94,11.76,11.94,1.7,2015,December
2015-12,Bajra,Dhule,Sakri,14.13,13.76,14.69,31.8,2015,December
2015-12,Bajra,Sangli,Sangali,17.11,14.36,18.24,371.0,2015,December
2015-12,Bajra,Ahmadnagar,Sangamner,15.51,14.11,29.83,72.5,2015,December
2015-12,Bajra,Nasik,Satana,15.62,14.03,17.51,42.6,2015,December
2015-12,Bajra,Nandurbar,Shahada,14.9,13.52,15.41,17.0,2015,December
2015-12,Bajra,Buldhana,Shegaon,14.44,14.09,14.46,7.4,2015,December
2015-12,Bajra,Ahmadnagar,Shevgaon,15.89,13.32,15.89,80.1,2015,December
2015-12,Bajra,Ahmadnagar,Shevgaon-Bodhegaon,15.91,14.0,15.91,155.1,2015,December
2015-12,Bajra,Dhule,Shirpur,14.07,12.47,15.3,67.3,2015,December
2015-12,Bajra,Pune,Shirur,14.39,13.51,14.98,18.7,2015,December
2015-12,Bajra,Ahmadnagar,Shrigonda,15.0,15.0,15.67,0.8,2015,December
2015-12,Bajra,Ahmadnagar,Shrirampur,15.44,14.77,16.47,7.7,2015,December
2015-12,Bajra,Ahmadnagar,Shrirampur-Belapur,13.25,13.25,13.25,3.3,2015,December
2015-12,Bajra,Aurangabad,Sillod,12.85,12.53,13.17,25.4,2015,December
2015-12,Bajra,Buldhana,Sindkhed Raja,13.0,12.0,14.0,0.6,2015,December
2015-12,Bajra,Nasik,Sinner,15.56,13.38,16.74,135.2,2015,December
2015-12,Bajra,Parbhani,Sonpeth,15.75,14.75,16.25,2.2,2015,December
2015-12,Bajra,Nandurbar,Taloda,15.13,15.13,15.13,2.7,2015,December
2015-12,Bajra,Osmanabad,Tuljapur,16.0,16.0,16.0,0.8,2015,December
2015-12,Bajra,Thane,Ulhasnagar,34.09,26.94,41.0,110.0,2015,December
2015-12,Bajra,Osmanabad,Umarga,13.6,12.39,14.44,17.1,2015,December
2015-12,Bajra,Satara,Vaduj,15.67,14.67,16.67,9.7,2015,December
2015-12,Bajra,Aurangabad,Vaijapur,16.61,15.05,17.67,74.5,2015,December
2015-12,Bajra,Jalgaon,Yawal,11.0,10.0,12.75,5.1,2015,December
2015-12,Bajra,Nasik,Yeola,15.03,14.07,15.64,9.7,2015,December
2015-12,Cotton,Gadchiroli,Aheri,40.25,40.2,40.3,130.3,2015,December
2015-12,Cotton,Hingoli,Akhadabalapur,40.93,40.44,41.42,125.0,2015,December
2015-12,Cotton,Akola,Akot,45.19,44.78,45.6,1656.5,2015,December
2015-12,Cotton,Jalgaon,Amalner,46.0,40.0,46.0,15.5,2015,December
2015-12,Cotton,Amaravathi,Amarawati,43.86,43.33,44.45,1443.6,2015,December
2015-12,Cotton,Wardha,Arvi,43.44,43.21,43.66,20774.1,2015,December
2015-12,Cotton,Wardha,Ashti (Wardha),43.12,42.66,43.51,2276.8,2015,December
2015-12,Cotton,Yewatmal,Babhulgaon,42.51,41.98,42.91,26.7,2015,December
2015-12,Cotton,Akola,Barshi Takli,42.27,41.3,43.0,1791.0,2015,December
2015-12,Cotton,Hingoli,Basmat,41.33,41.0,41.33,6.0,2015,December
2015-12,Cotton,Nagpur,Bhiwapur,42.34,39.83,42.87,598.5,2015,December
2015-12,Cotton,Nanded,Bhokar,41.17,40.11,42.74,3166.4,2015,December
2015-12,Cotton,Jalna,Bhokardan,42.27,41.8,42.9,877.9,2015,December
2015-12,Cotton,Amaravathi,Chandur Rly.,43.16,42.56,43.29,245.7,2015,December
2015-12,Cotton,Chandrapur,Chimur,41.92,40.67,42.97,729.8,2015,December
2015-12,Cotton,Yewatmal,Darwha,41.52,40.84,42.19,668.3,2015,December
2015-12,Cotton,Buldhana,Deulgaon Raja,43.02,41.72,44.14,1440.0,2015,December
2015-12,Cotton,Amaravathi,Dhamangaon-Rly,43.45,42.9,44.3,2460.0,2015,December
2015-12,Cotton,Amaravathi,Dharni,39.5,38.5,40.0,44.5,2015,December
2015-12,Cotton,Yewatmal,Digras,41.0,41.0,41.0,1076.9,2015,December
2015-12,Cotton,Aurangabad,Fulambri,45.64,44.21,46.69,2687.1,2015,December
2015-12,Cotton,Parbhani,Gangakhed,42.67,41.0,43.7,3164.6,2015,December
2015-12,Cotton,Beed,Gevrai,41.3,39.3,42.4,7970.5,2015,December
2015-12,Cotton,Jalna,Ghansawangi,42.7,42.1,43.3,146.1,2015,December
2015-12,Cotton,Yewatmal,Ghatanji,43.0,42.42,43.68,6104.9,2015,December
2015-12,Cotton,Nanded,Hadgaon,42.14,41.32,43.58,1870.2,2015,December
2015-12,Cotton,Nanded,Hadgaon-Tamsa,43.65,42.89,45.65,950.0,2015,December
2015-12,Cotton,Nanded,Himayatnagar,41.2,39.18,41.99,88.3,2015,December
2015-12,Cotton,Wardha,Hinganghat,42.11,40.76,43.78,39482.9,2015,December
2015-12,Cotton,Hingoli,Hingoli,47.69,47.07,47.69,76.5,2015,December
2015-12,Cotton,Jalna,Jafrabad,41.82,40.66,42.57,895.9,2015,December
2015-12,Cotton,Jalgaon,Jalgaon,41.0,41.0,41.0,269.3,2015,December
2015-12,Cotton,Jalna,Jalna,41.1,40.96,41.43,244.0,2015,December
2015-12,Cotton,Jalna,Jalna-Badnapur,41.31,40.38,42.42,606.9,2015,December
2015-12,Cotton,Jalgaon,Jamner,42.62,42.03,43.24,185.7,2015,December
2015-12,Cotton,Jalgaon,Jamner-Neri,42.54,41.95,43.16,93.5,2015,December
2015-12,Cotton,Hingoli,Jawala-Bajar,41.85,40.98,42.13,234.7,2015,December
2015-12,Cotton,Parbhani,Jintur,42.75,41.6,43.72,7966.2,2015,December
2015-12,Cotton,Yewatmal,Kalamb (Yawatmal),41.94,40.58,43.06,1311.0,2015,December
2015-12,Cotton,Hingoli,Kalamnuri,43.64,43.64,43.64,43.3,2015,December
2015-12,Cotton,Nagpur,Kalmeshwar,42.38,39.65,43.26,8947.4,2015,December
2015-12,Cotton,Nagpur,Katol,42.54,42.01,43.17,1177.0,2015,December
2015-12,Cotton,Buldhana,Khamgaon,42.84,41.0,44.03,1747.8,2015,December
2015-12,Cotton,Aurangabad,Khultabad,41.79,41.0,42.75,760.3,2015,December
2015-12,Cotton,Beed,Kille Dharur,43.65,43.32,44.24,4156.3,2015,December
2015-12,Cotton,Nanded,Kinwat,41.05,40.61,41.42,1339.8,2015,December
2015-12,Cotton,Chandrapur,Korpana,41.0,41.0,41.0,790.2,2015,December
2015-12,Cotton,Yewatmal,Mahagaon,41.6,40.8,42.45,2449.9,2015,December
2015-12,Cotton,Nanded,Mahur,40.35,39.35,41.37,641.0,2015,December
2015-12,Cotton,Beed,Majalgaon,41.77,39.33,42.14,2391.7,2015,December
2015-12,Cotton,Nagpur,Mandhal,41.33,41.17,41.5,55.8,2015,December
2015-12,Cotton,Jalna,Mantha,41.89,41.19,42.8,1917.3,2015,December
2015-12,Cotton,Parbhani,Manwat,43.92,42.83,44.38,5312.5,2015,December
2015-12,Cotton,Yewatmal,Maregaon,42.4,41.85,42.86,6713.0,2015,December
2015-12,Cotton,Nanded,Naigaon,41.0,41.0,41.0,854.9,2015,December
2015-12,Cotton,Nagpur,Narkhed,37.98,37.98,43.26,1642.4,2015,December
2015-12,Cotton,Nandurbar,Navapur,36.0,35.8,36.3,13.8,2015,December
2015-12,Cotton,Yewatmal,Pandharkawada,41.0,41.0,41.0,1746.5,2015,December
2015-12,Cotton,Parbhani,Parbhani,44.0,42.75,44.25,2842.7,2015,December
2015-12,Cotton,Nagpur,Parshiwani,42.67,42.19,43.18,1214.5,2015,December
2015-12,Cotton,Jalna,Partur,42.6,41.51,43.27,2844.6,2015,December
2015-12,Cotton,Ahmadnagar,Pathardi,42.67,40.3,43.9,95.0,2015,December
2015-12,Cotton,Chandrapur,Pombhurni,36.59,34.81,37.51,2477.2,2015,December
2015-12,Cotton,Wardha,Pulgaon,43.02,41.02,44.19,10255.4,2015,December
2015-12,Cotton,Parbhani,Purna,41.0,41.0,41.0,49.3,2015,December
2015-12,Cotton,Chandrapur,Rajura,41.5,40.56,41.99,3242.5,2015,December
2015-12,Cotton,Yewatmal,Ralegaon,43.19,42.07,43.73,17195.8,2015,December
2015-12,Cotton,Parbhani,Sailu,44.09,42.38,44.63,2610.0,2015,December
2015-12,Cotton,Wardha,Samudrapur,42.58,41.87,43.58,8117.9,2015,December
2015-12,Cotton,Nagpur,Savner,42.04,41.56,42.47,923.0,2015,December
2015-12,Cotton,Ahmadnagar,Shevgaon,42.6,42.0,42.6,149.6,2015,December
2015-12,Cotton,Dhule,Shirpur,41.0,41.0,41.0,377.6,2015,December
2015-12,Cotton,Ahmadnagar,Shrigonda-Ghogargaon,43.29,43.29,43.29,112.5,2015,December
2015-12,Cotton,Wardha,Sindi,42.68,41.68,43.29,726.4,2015,December
2015-12,Cotton,Wardha,Sindi (Selu),41.99,41.17,43.05,6947.1,2015,December
2015-12,Cotton,Parbhani,Sonpeth,43.22,42.79,43.49,1055.8,2015,December
2015-12,Cotton,Aurangabad,Soygaon,42.9,42.4,43.48,75.8,2015,December
2015-12,Cotton,Akola,Telhara,42.11,41.08,43.14,1697.0,2015,December
2015-12,Cotton,Amaravathi,Tiwasa,40.5,40.0,41.0,2.8,2015,December
2015-12,Cotton,Nagpur,Umared,42.26,41.55,43.09,1261.7,2015,December
2015-12,Cotton,Yewatmal,Umarkhed,41.0,41.0,41.0,948.6,2015,December
2015-12,Cotton,Yewatmal,Vani,42.31,40.76,42.89,9408.5,2015,December
2015-12,Cotton,Chandrapur,Varora,41.7,40.21,42.89,14197.2,2015,December
2015-12,Cotton,Amaravathi,Varud,41.22,38.92,43.18,1179.9,2015,December
2015-12,Cotton,Wardha,Wardha,43.17,41.18,43.33,5161.1,2015,December
2015-12,Cotton,Jalgaon,Yawal,41.1,39.94,42.21,897.6,2015,December
2015-12,Cotton,Yewatmal,Yeotmal,41.64,40.54,42.63,4840.3,2015,December
2015-12,Cotton,Yewatmal,Zarijamini,41.58,40.6,41.82,4023.2,2015,December
2015-12,Jowar,Amaravathi,Achalpur,13.56,12.84,13.98,491.4,2015,December
2015-12,Jowar,Gadchiroli,Aheri,12.0,12.0,12.0,0.5,2015,December
2015-12,Jowar,Ahmadnagar,Ahmednagar,19.6,16.74,21.82,302.8,2015,December
2015-12,Jowar,Latur,Ahmedpur,19.18,17.65,19.2,116.5,2015,December
2015-12,Jowar,Hingoli,Akhadabalapur,15.25,15.0,15.5,16.4,2015,December
2015-12,Jowar,Nandurbar,Akkalkuwa,13.77,13.5,14.1,28.6,2015,December
2015-12,Jowar,Solapur,Akluj,17.0,17.0,17.0,1.1,2015,December
2015-12,Jowar,Akola,Akola,13.99,13.18,15.26,207.7,2015,December
2015-12,Jowar,Akola,Akot,13.37,12.79,13.94,713.6,2015,December
2015-12,Jowar,Jalgaon,Amalner,15.8,13.91,15.8,281.1,2015,December
2015-12,Jowar,Amaravathi,Amarawati,16.96,15.43,18.43,69.4,2015,December
2015-12,Jowar,Jalna,Ambad(Vadi Godri),15.71,13.85,20.01,173.1,2015,December
2015-12,Jowar,Beed,Ambejogai,20.78,20.29,21.26,64.6,2015,December
2015-12,Jowar,Amaravathi,Anajngaon Surji,13.31,12.44,14.49,89.2,2015,December
2015-12,Jowar,Jalna,Ashti (Jalna),16.65,16.03,17.55,6.3,2015,December
2015-12,Jowar,Sangli,Atpadi,19.5,18.5,20.5,2.6,2015,December
2015-12,Jowar,Latur,Aurad Shahajani,15.42,14.97,15.86,41.0,2015,December
2015-12,Jowar,Latur,Ausa,19.21,16.86,20.59,111.0,2015,December
2015-12,Jowar,Akola,Balapur,14.63,11.75,15.5,70.1,2015,December
2015-12,Jowar,Pune,Baramati,19.29,16.13,25.32,206.6,2015,December
2015-12,Jowar,Solapur,Barshi,21.9,18.32,25.2,966.9,2015,December
2015-12,Jowar,Solapur,Barshi-Vairag,20.33,18.07,24.57,143.8,2015,December
2015-12,Jowar,Beed,Beed,19.97,16.3,22.0,170.0,2015,December
2015-12,Jowar,Nanded,Bhokar,14.12,13.32,15.41,43.4,2015,December
2015-12,Jowar,Jalna,Bhokardan,12.94,12.5,13.4,10.0,2015,December
2015-12,Jowar,Jalna,Bhokardan-Pimpalgaon Renu,13.0,12.5,13.5,3.2,2015,December
2015-12,Jowar,Jalgaon,Bhusaval,13.38,12.99,13.64,59.2,2015,December
2015-12,Jowar,Buldhana,Buldhana,12.04,11.17,13.13,26.6,2015,December
2015-12,Jowar,Jalgaon,Chalisgaon,13.15,12.22,13.54,367.5,2015,December
2015-12,Jowar,Amaravathi,Chandur Bajar,13.53,12.6,14.0,92.5,2015,December
2015-12,Jowar,Buldhana,Chikhali,12.83,11.9,13.79,22.4,2015,December
2015-12,Jowar,Jalgaon,Chopda,13.55,13.3,13.72,133.2,2015,December
2015-12,Jowar,Amaravathi,Daryapur,15.36,13.86,15.97,82.8,2015,December
2015-12,Jowar,Nasik,Devala,13.11,13.01,13.43,0.9,2015,December
2015-12,Jowar,Latur,Devani,15.35,15.35,15.49,1.8,2015,December
2015-12,Jowar,Dhule,Dhule,15.07,13.9,15.52,470.4,2015,December
2015-12,Jowar,Yewatmal,Digras,15.72,15.72,15.72,1.1,2015,December
2015-12,Jowar,Dhule,Dondaicha,16.28,15.12,17.06,141.8,2015,December
2015-12,Jowar,Dhule,Dondaicha-Sindkheda,13.61,13.51,13.69,5.2,2015,December
2015-12,Jowar,Pune,Dound,21.57,18.46,25.85,364.9,2015,December
2015-12,Jowar,Solapur,Dudhani,20.54,19.8,20.92,9.1,2015,December
2015-12,Jowar,Aurangabad,Gangapur,16.11,14.97,17.15,22.4,2015,December
2015-12,Jowar,Beed,Gevrai,17.8,16.44,20.26,361.5,2015,December
2015-12,Jowar,Jalna,Ghansawangi,17.5,17.0,18.0,2.6,2015,December
2015-12,Jowar,Nanded,Himayatnagar,11.88,10.43,12.5,16.8,2015,December
2015-12,Jowar,Wardha,Hinganghat,11.83,11.83,11.83,1.2,2015,December
2015-12,Jowar,Hingoli,Hingoli,17.0,17.0,17.0,16.0,2015,December
2015-12,Jowar,Pune,Indapur,23.11,19.17,26.04,19.9,2015,December
2015-12,Jowar,Pune,Indapur (Nimgaon Ketki),17.11,15.51,17.75,0.7,2015,December
2015-12,Jowar,Pune,Indapur-Bhigwan,19.88,15.88,28.51,54.0,2015,December
2015-12,Jowar,Jalgaon,Jalgaon,14.0,13.55,14.07,125.4,2015,December
2015-12,Jowar,Buldhana,Jalgaon Jamod,12.75,12.5,13.0,1.0,2015,December
2015-12,Jowar,Buldhana,Jalgaon Jamod-Aasalgaon,12.21,11.43,13.0,19.0,2015,December
2015-12,Jowar,Latur,Jalkot,14.94,14.4,15.26,144.2,2015,December
2015-12,Jowar,Jalna,Jalna,17.33,13.08,23.68,682.9,2015,December
2015-12,Jowar,Jalna,Jalna-Badnapur,13.0,10.5,13.0,0.2,2015,December
2015-12,Jowar,Ahmadnagar,Jamkhed,21.0,16.03,25.98,1299.9,2015,December
2015-12,Jowar,Jalgaon,Jamner,15.7,15.7,15.7,93.6,2015,December
2015-12,Jowar,Parbhani,Jintur,15.41,14.3,17.17,14.1,2015,December
2015-12,Jowar,Parbhani,Jintur-Bori,13.0,13.0,13.0,0.3,2015,December
2015-12,Jowar,Beed,Kada,22.07,16.88,27.01,177.8,2015,December
2015-12,Jowar,Osmanabad,Kalamb (Os),17.8,15.53,19.24,501.9,2015,December
2015-12,Jowar,Thane,Kalyan,18.75,18.13,19.38,1.2,2015,December
2015-12,Jowar,Aurangabad,Kannad,17.51,17.51,17.51,0.4,2015,December
2015-12,Jowar,Wasim,Karanja,13.8,12.9,15.02,49.6,2015,December
2015-12,Jowar,Solapur,Karmala,23.06,16.35,28.0,310.5,2015,December
2015-12,Jowar,Nagpur,Katol,12.45,12.4,12.5,35.2,2015,December
2015-12,Jowar,Beed,Kej,19.36,17.6,20.53,140.0,2015,December
2015-12,Jowar,Buldhana,Khamgaon,13.51,12.56,14.07,210.0,2015,December
2015-12,Jowar,Beed,Kille Dharur,21.81,19.46,22.73,85.0,2015,December
2015-12,Jowar,Kolhapur,Kolhapur-Laxmipuri,25.0,17.12,37.44,401.0,2015,December
2015-12,Jowar,Ahmadnagar,Kopargaon,14.48,13.19,15.4,6.7,2015,December
2015-12,Jowar,Nanded,Kundalwadi,15.8,15.7,15.9,1.2,2015,December
2015-12,Jowar,Solapur,Kurdwadi,19.05,16.48,21.58,21.8,2015,December
2015-12,Jowar,Solapur,Kurdwadi-Modnimb,19.77,15.84,23.61,41.2,2015,December
2015-12,Jowar,Nasik,Lasalgaon,17.63,16.64,18.26,3.4,2015,December
2015-12,Jowar,Aurangabad,Lasur Station,17.24,13.72,19.77,82.2,2015,December
2015-12,Jowar,Latur,Latur,20.9,17.79,22.73,1430.9,2015,December
2015-12,Jowar,Latur,Latur-Murud,18.87,16.79,20.12,38.5,2015,December
2015-12,Jowar,Nanded,Loha,13.71,13.18,14.33,203.0,2015,December
2015-12,Jowar,Osmanabad,Lohara,20.22,19.62,20.28,11.6,2015,December
2015-12,Jowar,Satara,Lonand,18.7,16.0,22.13,12.1,2015,December
2015-12,Jowar,Buldhana,Lonar,12.85,12.47,13.25,19.4,2015,December
2015-12,Jowar,Yewatmal,Mahagaon,15.37,15.0,16.33,50.4,2015,December
2015-12,Jowar,Beed,Majalgaon,19.31,15.66,22.51,30.8,2015,December
2015-12,Jowar,Wasim,Malegaon (Washim),15.75,14.5,17.0,13.4,2015,December
2015-12,Jowar,Buldhana,Malkapur,13.15,12.59,13.78,536.7,2015,December
2015-12,Jowar,Solapur,Mangalwedha,21.2,18.09,23.86,78.1,2015,December
2015-12,Jowar,Wasim,Mangrulpeer,15.56,10.88,15.77,14.7,2015,December
2015-12,Jowar,Jalna,Mantha,16.15,13.9,17.9,27.0,2015,December
2015-12,Jowar,Buldhana,Mehkar,12.64,11.47,13.26,43.5,2015,December
2015-12,Jowar,Solapur,Mohol,21.86,16.5,25.64,11.3,2015,December
2015-12,Jowar,Amaravathi,Morshi,12.71,12.56,13.41,206.4,2015,December
2015-12,Jowar,Nanded,Mudkhed,13.09,11.92,14.23,24.4,2015,December
2015-12,Jowar,Nanded,Mukhed,16.5,16.34,27.17,31.3,2015,December
2015-12,Jowar,Osmanabad,Murum,23.22,22.91,23.52,2.2,2015,December
2015-12,Jowar,Nagpur,Nagpur,17.25,15.0,18.0,3.5,2015,December
2015-12,Jowar,Nanded,Naigaon,13.25,13.0,13.25,1.5,2015,December
2015-12,Jowar,Nanded,Nanded,13.65,13.63,13.84,16.5,2015,December
2015-12,Jowar,Nasik,Nandgaon,11.31,11.31,16.25,0.4,2015,December
2015-12,Jowar,Buldhana,Nandura,14.44,12.09,14.44,194.9,2015,December
2015-12,Jowar,Nandurbar,Nandurbar,13.72,12.23,15.16,1460.4,2015,December
2015-12,Jowar,Nandurbar,Navapur,12.96,12.5,13.36,31.4,2015,December
2015-12,Jowar,Ahmadnagar,Newasa,16.0,16.0,16.0,0.2,2015,December
2015-12,Jowar,Latur,Nilanga,16.72,15.18,17.74,62.5,2015,December
2015-12,Jowar,Pune,Nira-Saswad,20.25,16.1,23.5,87.7,2015,December
2015-12,Jowar,Osmanabad,Osmanabad,19.2,17.83,20.95,29.7,2015,December
2015-12,Jowar,Jalgaon,Pachora,13.3,12.89,13.73,627.6,2015,December
2015-12,Jowar,Aurangabad,Paithan,20.07,19.31,20.85,27.3,2015,December
2015-12,Jowar,Solapur,Pandharpur,22.66,22.13,23.35,38.6,2015,December
2015-12,Jowar,Osmanabad,Paranda,18.32,16.32,22.32,45.0,2015,December
2015-12,Jowar,Beed,Parli-Vaijnath,17.26,16.67,17.83,153.5,2015,December
2015-12,Jowar,Jalgaon,Parola,12.79,12.44,13.2,423.3,2015,December
2015-12,Jowar,Jalna,Partur,16.06,15.07,16.66,7.3,2015,December
2015-12,Jowar,Ahmadnagar,Pathardi,16.84,15.71,18.71,37.4,2015,December
2015-12,Jowar,Parbhani,Pathari,6.9,6.9,18.25,3.9,2015,December
2015-12,Jowar,Akola,Patur,14.67,14.21,16.0,14.4,2015,December
2015-12,Jowar,Satara,Phaltan,20.0,15.7,25.69,68.0,2015,December
2015-12,Jowar,Pune,Pune,27.78,24.75,28.8,747.6,2015,December
2015-12,Jowar,Pune,Pune-Pimpri,27.25,24.75,28.3,246.0,2015,December
2015-12,Jowar,Yewatmal,Pusad,13.78,13.21,14.47,256.5,2015,December
2015-12,Jowar,Ahmadnagar,Rahata,14.31,14.21,14.58,13.9,2015,December
2015-12,Jowar,Ahmadnagar,Rahuri-Vambori,16.19,15.23,17.09,25.2,2015,December
2015-12,Jowar,Jalgaon,Raver,13.19,11.45,13.88,230.5,2015,December
2015-12,Jowar,Parbhani,Sailu,16.24,15.31,16.65,9.2,2015,December
2015-12,Jowar,Dhule,Sakri,11.6,11.6,11.65,2.9,2015,December
2015-12,Jowar,Sangli,Sangali,24.39,17.0,27.82,1055.6,2015,December
2015-12,Jowar,Ahmadnagar,Sangamner,18.35,17.62,19.07,8.3,2015,December
2015-12,Jowar,Buldhana,Sangrampur-Varvatbakal,12.88,10.83,14.0,17.5,2015,December
2015-12,Jowar,Nagpur,Savner,12.73,11.63,13.42,37.8,2015,December
2015-12,Jowar,Hingoli,Sengaon,15.78,15.78,15.78,1.1,2015,December
2015-12,Jowar,Nandurbar,Shahada,14.12,13.46,15.5,299.3,2015,December
2015-12,Jowar,Buldhana,Shegaon,13.23,12.46,14.02,82.3,2015,December
2015-12,Jowar,Ahmadnagar,Shevgaon,19.95,17.09,19.97,161.6,2015,December
2015-12,Jowar,Ahmadnagar,Shevgaon-Bodhegaon,18.9,17.52,18.9,107.3,2015,December
2015-12,Jowar,Dhule,Shirpur,14.7,13.54,15.34,168.6,2015,December
2015-12,Jowar,Pune,Shirur,16.56,15.79,16.87,21.3,2015,December
2015-12,Jowar,Ahmadnagar,Shrigonda,18.25,16.11,21.95,31.6,2015,December
2015-12,Jowar,Ahmadnagar,Shrirampur,21.48,18.69,22.95,17.2,2015,December
2015-12,Jowar,Ahmadnagar,Shrirampur-Belapur,11.8,11.8,11.8,1.7,2015,December
2015-12,Jowar,Aurangabad,Sillod,14.08,13.67,14.5,1.7,2015,December
2015-12,Jowar,Buldhana,Sindkhed Raja,16.7,15.4,18.0,8.1,2015,December
2015-12,Jowar,Nasik,Sinner,18.33,15.12,19.71,4.3,2015,December
2015-12,Jowar,Solapur,Solapur,23.62,21.1,25.53,55.5,2015,December
2015-12,Jowar,Parbhani,Sonpeth,17.86,17.06,18.27,0.6,2015,December
2015-12,Jowar,Nandurbar,Taloda,13.76,11.72,14.13,372.9,2015,December
2015-12,Jowar,Sangli,Tasgaon,16.17,15.83,16.71,130.5,2015,December
2015-12,Jowar,Akola,Telhara,15.0,14.54,15.5,631.0,2015,December
2015-12,Jowar,Osmanabad,Tuljapur,20.51,20.51,20.68,5.8,2015,December
2015-12,Jowar,Latur,Udgir,15.07,13.7,15.07,66.5,2015,December
2015-12,Jowar,Thane,Ulhasnagar,25.98,21.93,30.33,139.3,2015,December
2015-12,Jowar,Nagpur,Umared,16.5,16.0,17.0,0.6,2015,December
2015-12,Jowar,Osmanabad,Umarga,19.73,18.93,20.19,17.0,2015,December
2015-12,Jowar,Nanded,Umari,15.32,14.83,19.96,35.6,2015,December
2015-12,Jowar,Satara,Vaduj,23.0,21.89,24.33,237.0,2015,December
2015-12,Jowar,Aurangabad,Vaijapur,16.04,15.35,16.3,19.6,2015,December
2015-12,Jowar,Amaravathi,Varud,15.7,15.7,15.7,368.6,2015,December
2015-12,Jowar,Amaravathi,Varud-Rajura Bazar,13.73,13.5,13.83,3.3,2015,December
2015-12,Jowar,Wardha,Wardha,14.17,13.42,14.31,4.1,2015,December
2015-12,Jowar,Osmanabad,Washi(Osmanabad),21.41,20.83,22.17,27.6,2015,December
2015-12,Jowar,Wasim,Washim,13.12,12.06,14.23,57.5,2015,December
2015-12,Jowar,Jalgaon,Yawal,12.6,12.07,13.3,465.6,2015,December
2015-12,Onion,Ahmadnagar,Ahmednagar,13.9,1.3,22.18,33203.8,2015,December
2015-12,Onion,Solapur,Akluj,23.53,9.0,23.53,98.1,2015,December
2015-12,Onion,Ahmadnagar,Akole,9.29,1.48,16.15,195.7,2015,December
2015-12,Onion,Amaravathi,Amarawati,16.61,13.22,19.94,488.0,2015,December
2015-12,Onion,Aurangabad,Aurangabad,9.86,4.91,15.11,684.9,2015,December
2015-12,Onion,Pune,Baramati,14.18,4.45,17.98,434.1,2015,December
2015-12,Onion,Solapur,Barshi,16.76,1.55,19.76,748.6,2015,December
2015-12,Onion,Thane,Bhivandi,18.29,15.85,20.64,66.6,2015,December
2015-12,Onion,Chandrapur,Chandrapur-Ganjwad,14.79,10.75,18.68,740.7,2015,December
2015-12,Onion,Nasik,Chandvad,11.42,5.53,14.95,21469.9,2015,December
2015-12,Onion,Nasik,Devala,11.6,8.13,15.29,12586.6,2015,December
2015-12,Onion,Dhule,Dhule,13.3,4.2,16.22,15024.6,2015,December
2015-12,Onion,Nasik,Dindori-Vani,11.01,7.68,15.99,8660.7,2015,December
2015-12,Onion,Pune,Indapur,7.03,1.12,14.47,62.6,2015,December
2015-12,Onion,Jalgaon,Jalgaon,10.6,5.4,13.81,1658.5,2015,December
2015-12,Onion,Jalna,Jalna,41.0,41.0,41.0,6.3,2015,December
2015-12,Onion,Ahmadnagar,Jamkhed,11.89,2.06,21.72,1112.1,2015,December
2015-12,Onion,Pune,Junnar,14.78,9.44,20.26,844.6,2015,December
2015-12,Onion,Beed,Kada,14.88,2.25,21.38,655.8,2015,December
2015-12,Onion,Nasik,Kalvan,11.37,3.3,15.43,7511.0,2015,December
2015-12,Onion,Thane,Kalyan,13.49,11.36,15.4,10.5,2015,December
2015-12,Onion,Nagpur,Kamthi,17.94,9.0,24.89,9.7,2015,December
2015-12,Onion,Satara,Karad,21.43,15.43,21.43,310.5,2015,December
2015-12,Onion,Pune,Khed-Chakan,12.79,9.0,16.64,2381.4,2015,December
2015-12,Onion,Kolhapur,Kolhapur,14.33,4.96,23.48,12423.4,2015,December
2015-12,Onion,Ahmadnagar,Kopargaon,13.88,4.66,15.88,1272.9,2015,December
2015-12,Onion,Satara,Koregaon,11.5,6.25,16.75,69.4,2015,December
2015-12,Onion,Solapur,Kurdwadi,8.47,1.48,15.55,162.6,2015,December
2015-12,Onion,Solapur,Kurdwadi-Modnimb,8.92,0.83,17.05,904.6,2015,December
2015-12,Onion,Nasik,Lasalgaon,12.75,9.19,16.93,39315.2,2015,December
2015-12,Onion,Nasik,Lasalgaon-Niphad,10.69,6.32,13.05,4594.4,2015,December
2015-12,Onion,Aurangabad,Lasur Station,9.5,3.0,15.5,516.3,2015,December
2015-12,Onion,Satara,Lonand,11.31,6.72,14.68,1874.3,2015,December
2015-12,Onion,Nasik,Malegaon,10.96,4.13,15.88,19212.5,2015,December
2015-12,Onion,Buldhana,Malkapur,11.25,7.75,12.68,1059.1,2015,December
2015-12,Onion,Pune,Manchar,15.01,10.28,19.79,484.5,2015,December
2015-12,Onion,Nasik,Manmad,11.88,6.19,14.91,25571.9,2015,December
2015-12,Onion,Mumbai,Mumbai,15.61,10.32,18.72,30850.9,2015,December
2015-12,Onion,Nagpur,Nagpur,14.8,10.71,16.13,12332.4,2015,December
2015-12,Onion,Nasik,Nandgaon,11.64,5.3,14.85,14221.5,2015,December
2015-12,Onion,Buldhana,Nandura,18.55,10.87,18.55,141.6,2015,December
2015-12,Onion,Nasik,Nashik,11.5,7.68,15.51,6870.7,2015,December
2015-12,Onion,Nandurbar,Navapur,13.49,13.0,14.07,12.2,2015,December
2015-12,Onion,Ahmadnagar,Newasa-Ghodegaon,15.31,2.46,19.62,28430.5,2015,December
2015-12,Onion,Osmanabad,Osmanabad,13.75,8.87,18.63,61.7,2015,December
2015-12,Onion,Thane,Palghar(Bevur),14.75,14.67,14.97,92.5,2015,December
2015-12,Onion,Solapur,Pandharpur,12.75,2.13,21.73,707.2,2015,December
2015-12,Onion,Osmanabad,Paranda,10.77,2.32,18.03,775.0,2015,December
2015-12,Onion,Ahmadnagar,Parner,14.6,5.67,19.29,9202.8,2015,December
2015-12,Onion,Ahmadnagar,Pathardi,13.33,3.69,18.94,421.2,2015,December
2015-12,Onion,Satara,Phaltan,11.1,4.4,16.5,664.4,2015,December
2015-12,Onion,Nasik,Pimpalgaon (B)-Saykheda,9.8,4.45,13.57,12237.6,2015,December
2015-12,Onion,Nasik,Pimpalgaon Basawant,10.79,3.72,17.11,52317.3,2015,December
2015-12,Onion,Pune,Pune,16.5,5.91,19.64,27596.8,2015,December
2015-12,Onion,Pune,Pune-Manjri,10.86,7.19,16.67,13.2,2015,December
2015-12,Onion,Pune,Pune-Pimpri,20.25,14.0,23.4,12.2,2015,December
2015-12,Onion,Ahmadnagar,Rahata,13.42,4.42,21.73,8915.1,2015,December
2015-12,Onion,Ahmadnagar,Rahuri,11.23,1.92,18.9,11788.7,2015,December
2015-12,Onion,Ahmadnagar,Rahuri-Vambori,13.0,2.23,18.85,8533.5,2015,December
2015-12,Onion,Nagpur,Ramtek,22.85,21.38,24.77,10.3,2015,December
2015-12,Onion,Ahmadnagar,Sangamner,15.61,5.0,22.16,14233.6,2015,December
2015-12,Onion,Sangli,Sangli-Phale Bhajipalam,15.23,5.0,23.77,4253.1,2015,December
2015-12,Onion,Nasik,Satana,11.45,3.82,16.7,13823.6,2015,December
2015-12,Onion,Satara,Satara,12.88,7.5,18.5,550.2,2015,December
2015-12,Onion,Dhule,Shirpur,10.72,2.97,13.88,814.8,2015,December
2015-12,Onion,Ahmadnagar,Shrigonda,14.18,3.07,18.33,3014.6,2015,December
2015-12,Onion,Ahmadnagar,Shrirampur,13.44,3.69,19.0,2011.2,2015,December
2015-12,Onion,Nasik,Sinner,10.23,2.11,15.45,10935.8,2015,December
2015-12,Onion,Solapur,Solapur,10.62,1.2,23.82,61092.3,2015,December
2015-12,Onion,Thane,Ulhasnagar,15.42,11.74,19.05,305.2,2015,December
2015-12,Onion,Nasik,Umrane,12.39,9.45,15.81,22978.4,2015,December
2015-12,Onion,Aurangabad,Vaijapur,11.86,5.18,16.71,4092.5,2015,December
2015-12,Onion,Thane,Vasai,15.23,11.6,19.47,88.0,2015,December
2015-12,Onion,Jalgaon,Yawal,10.29,9.19,11.1,4461.5,2015,December
2015-12,Onion,Nasik,Yeola,11.48,6.03,14.5,29877.5,2015,December
2015-12,Rice,Gondiya,Aamgaon,15.64,15.29,16.0,1464.5,2015,December
2015-12,Rice,Gadchiroli,Aheri,17.3189,17.3189,17.3189,169.3,2015,December
2015-12,Rice,Latur,Ahmedpur,15.205,15.205,15.205,0.2,2015,December
2015-12,Rice,Ahmadnagar,Akole,16.07,14.75,18.25,35.8,2015,December
2015-12,Rice,Raigad,Alibag,26.3218,24.3834,28.5411,167.8,2015,December
2015-12,Rice,Gondiya,Arjuni Morgaon,17.01,16.62,17.04,1261.6,2015,December
2015-12,Rice,Gadchiroli,Armori,15.95,15.32,17.2,2541.8,2015,December
2015-12,Rice,Gadchiroli,Armori-Desaiganj,16.41,15.12,16.68,8324.7,2015,December
2015-12,Rice,Latur,Ausa,7.01,6.01,8.02,0.2,2015,December
2015-12,Rice,Solapur,Barshi,15.51,15.24,15.85,19.8,2015,December
2015-12,Rice,Bhandara,Bhandara,27.22,26.01,28.52,60.3,2015,December
2015-12,Rice,Thane,Bhivandi,26.26,23.23,29.23,74.1,2015,December
2015-12,Rice,Nagpur,Bhiwapur,19.52,19.17,19.86,1205.0,2015,December
2015-12,Rice,Nanded,Bhokar,16.1,16.1,16.1,0.6,2015,December
2015-12,Rice,Pune,Bhor,38.0,36.25,40.0,64.5,2015,December
2015-12,Rice,Chandrapur,Brahmpuri,18.94,18.45,19.39,569.4,2015,December
2015-12,Rice,Jalgaon,Chalisgaon,13.15,13.0,13.36,0.6,2015,December
2015-12,Rice,Gadchiroli,Chamorshi,19.37,18.77,20.03,5762.1,2015,December
2015-12,Rice,Chandrapur,Chimur,20.11,19.66,20.73,3400.0,2015,December
2015-12,Rice,Nasik,Devala,14.0,14.0,14.0,0.1,2015,December
2015-12,Rice,Gadchiroli,Gadchiroli,16.74,16.07,17.14,1939.9,2015,December
2015-12,Rice,Gondiya,Gondiya,15.31,14.72,15.9,7651.0,2015,December
2015-12,Rice,Chandrapur,Gondpimpri,19.14,18.56,19.59,409.7,2015,December
2015-12,Rice,Gondiya,Goregaon,16.19,15.81,16.62,2964.8,2015,December
2015-12,Rice,Pune,Indapur,11.79,11.29,11.79,0.2,2015,December
2015-12,Rice,Pune,Indapur-Bhigwan,15.42,15.18,15.48,22.3,2015,December
2015-12,Rice,Thane,Kalyan,26.57,24.86,30.43,2.1,2015,December
2015-12,Rice,Raigad,Karjat (Raigad),20.8695,15.9969,26.4229,522.0,2015,December
2015-12,Rice,Kolhapur,Kolhapur-Laxmipuri,18.5065,16.8388,21.0227,11130.0,2015,December
2015-12,Rice,Bhandara,Lakhandur,16.18,15.95,16.31,2827.6,2015,December
2015-12,Rice,Nasik,Lasalgaon,16.81,16.81,16.81,0.5,2015,December
2015-12,Rice,Raigad,Mahad,14.56,14.45,14.69,7.2,2015,December
2015-12,Rice,Nagpur,Mandhal,19.81,19.17,20.42,776.5,2015,December
2015-12,Rice,Raigad,Mangaon(Bhadav),20.3407,15.8743,23.8834,47.0,2015,December
2015-12,Rice,Chandrapur,Mul,20.38,18.84,21.25,7955.8,2015,December
2015-12,Rice,Mumbai,Mumbai,53.8,41.6,66.15,57132.2,2015,December
2015-12,Rice,Thane,Murbad,14.64,14.64,22.2,130.2,2015,December
2015-12,Rice,Raigad,Murud,22.0564,19.7654,23.849,163.5,2015,December
2015-12,Rice,Chandrapur,Nagbhid,19.69,17.2,19.69,7146.9,2015,December
2015-12,Rice,Nagpur,Nagpur,20.1224,16.9909,21.0902,9468.7,2015,December
2015-12,Rice,Nandurbar,Nandurbar,30.27,27.39,32.44,4.3,2015,December
2015-12,Rice,Nandurbar,Navapur,15.6683,15.3237,16.3959,112.4,2015,December
2015-12,Rice,Pune,Nira-Saswad,26.67,20.67,32.33,4.8,2015,December
2015-12,Rice,Jalgaon,Pachora,13.8,13.71,13.9,7.6,2015,December
2015-12,Rice,Thane,Palghar(Bevur),27.33,22.17,33.87,895.0,2015,December
2015-12,Rice,Nagpur,Parshiwani,19.5,18.42,20.2,66.9,2015,December
2015-12,Rice,Bhandara,Pavani,18.16,17.67,18.6,410.9,2015,December
2015-12,Rice,Raigad,Pen,23.0067,21.2333,29.8333,32.4,2015,December
2015-12,Rice,Chandrapur,Pombhurni,19.21,18.71,20.17,1639.9,2015,December
2015-12,Rice,Pune,Pune,50.4,42.04,54.09,2051.5,2015,December
2015-12,Rice,Pune,Pune-Pimpri,46.3,38.0,50.05,529.2,2015,December
2015-12,Rice,Yewatmal,Pusad,7.86,7.5,7.86,0.7,2015,December
2015-12,Rice,Nagpur,Ramtek,19.12,18.85,19.76,2811.4,2015,December
2015-12,Rice,Raigad,Roha,14.0,13.92,14.08,751.3,2015,December
2015-12,Rice,Chandrapur,Savali,19.41,18.42,20.37,2112.1,2015,December
2015-12,Rice,Thane,Shahapur,15.04,14.11,15.71,23.9,2015,December
2015-12,Rice,Chandrapur,Sindevahi,17.46,17.46,18.48,757.5,2015,December
2015-12,Rice,Solapur,Solapur,34.66,21.21,51.58,1361.1,2015,December
2015-12,Rice,Gondiya,Tiroda,15.9,15.41,16.4,8652.8,2015,December
2015-12,Rice,Bhandara,Tumsar,16.6355,16.0057,17.1696,11264.4,2015,December
2015-12,Rice,Thane,Ulhasnagar,51.9,37.63,67.03,639.4,2015,December
2015-12,Rice,Nagpur,Umared,29.75,20.0,35.75,463.6,2015,December
2015-12,Rice,Thane,Vasai,26.3793,18.5297,39.6789,627.9,2015,December
2015-12,Soybean,Yewatmal,Aarni,34.81,32.2,36.12,203.0,2015,December
2015-12,Soybean,Amaravathi,Achalpur,35.12,33.21,36.26,723.1,2015,December
2015-12,Soybean,Gadchiroli,Aheri,32.93,32.93,32.93,6.4,2015,December
2015-12,Soybean,Ahmadnagar,Ahmednagar,31.25,27.0,35.5,1.7,2015,December
2015-12,Soybean,Latur,Ahmedpur,36.7,35.93,36.7,302.1,2015,December
2015-12,Soybean,Hingoli,Akhadabalapur,33.57,32.73,34.32,99.8,2015,December
2015-12,Soybean,Akola,Akola,35.16,33.06,36.91,5128.5,2015,December
2015-12,Soybean,Ahmadnagar,Akole,32.5,30.0,35.0,74.1,2015,December
2015-12,Soybean,Akola,Akot,31.44,27.33,35.51,1181.4,2015,December
2015-12,Soybean,Jalgaon,Amalner,32.57,27.44,32.57,5.3,2015,December
2015-12,Soybean,Amaravathi,Amarawati,31.96,28.64,35.92,9604.5,2015,December
2015-12,Soybean,Jalna,Ambad(Vadi Godri),32.57,29.76,35.1,15.3,2015,December
2015-12,Soybean,Beed,Ambejogai,36.3,35.0,37.15,1175.5,2015,December
2015-12,Soybean,Amaravathi,Anajngaon Surji,33.3,31.89,35.32,446.0,2015,December
2015-12,Soybean,Wardha,Arvi,33.47,30.64,36.59,313.5,2015,December
2015-12,Soybean,Jalna,Ashti (Jalna),34.84,33.37,34.99,12.4,2015,December
2015-12,Soybean,Wardha,Ashti-Karanja,34.05,31.14,36.77,434.0,2015,December
2015-12,Soybean,Latur,Aurad Shahajani,35.39,35.18,35.87,75.0,2015,December
2015-12,Soybean,Latur,Ausa,36.7,33.01,37.14,536.3,2015,December
2015-12,Soybean,Yewatmal,Babhulgaon,34.73,31.14,37.46,1015.0,2015,December
2015-12,Soybean,Akola,Balapur,35.06,30.46,35.63,290.6,2015,December
2015-12,Soybean,Pune,Baramati,35.51,30.01,36.15,90.9,2015,December
2015-12,Soybean,Solapur,Barshi-Vairag,35.8,35.34,36.7,22.0,2015,December
2015-12,Soybean,Hingoli,Basmat,36.38,36.25,36.55,6.5,2015,December
2015-12,Soybean,Beed,Beed,35.84,33.82,36.39,87.1,2015,December
2015-12,Soybean,Bhandara,Bhandara,32.8,32.75,32.88,5.4,2015,December
2015-12,Soybean,Nagpur,Bhiwapur,34.5,34.0,35.05,27.0,2015,December
2015-12,Soybean,Nanded,Bhokar,34.76,33.78,35.87,334.8,2015,December
2015-12,Soybean,Jalna,Bhokardan,35.31,34.94,35.81,48.0,2015,December
2015-12,Soybean,Jalna,Bhokardan-Pimpalgaon Renu,35.46,35.0,35.85,24.7,2015,December
2015-12,Soybean,Yewatmal,Bori Arab,34.91,34.81,34.99,375.0,2015,December
2015-12,Soybean,Buldhana,Buldhana,34.93,34.0,36.2,282.5,2015,December
2015-12,Soybean,Buldhana,Buldhana-Dhad,34.83,33.73,36.19,1319.0,2015,December
2015-12,Soybean,Jalgaon,Chalisgaon,29.88,29.88,34.06,11.9,2015,December
2015-12,Soybean,Chandrapur,Chandrapur,34.36,33.07,34.96,133.2,2015,December
2015-12,Soybean,Amaravathi,Chandur Bajar,35.07,31.33,38.16,842.5,2015,December
2015-12,Soybean,Amaravathi,Chandur Rly.,35.06,32.61,36.71,493.6,2015,December
2015-12,Soybean,Buldhana,Chikhali,35.51,33.63,37.42,3118.6,2015,December
2015-12,Soybean,Chandrapur,Chimur,33.44,32.77,34.35,119.1,2015,December
2015-12,Soybean,Jalgaon,Chopda,32.02,24.43,33.2,37.7,2015,December
2015-12,Soybean,Yewatmal,Darwha,35.75,33.83,36.43,22.6,2015,December
2015-12,Soybean,Amaravathi,Daryapur,33.71,27.63,36.33,933.1,2015,December
2015-12,Soybean,Nanded,Deglur,36.62,36.6,37.25,6.0,2015,December
2015-12,Soybean,Latur,Devani,36.9,36.1,37.66,21.8,2015,December
2015-12,Soybean,Amaravathi,Dhamangaon-Rly,34.65,33.02,36.87,1700.0,2015,December
2015-12,Soybean,Nanded,Dharmabad,36.8,36.6,37.2,19.2,2015,December
2015-12,Soybean,Amaravathi,Dharni,31.5,31.0,32.0,44.0,2015,December
2015-12,Soybean,Dhule,Dhule,33.61,27.58,35.32,46.3,2015,December
2015-12,Soybean,Yewatmal,Digras,35.87,34.92,36.39,396.6,2015,December
2015-12,Soybean,Parbhani,Gangakhed,36.51,35.6,37.37,256.7,2015,December
2015-12,Soybean,Beed,Gevrai,34.49,32.77,36.21,55.1,2015,December
2015-12,Soybean,Jalna,Ghansawangi,35.83,35.0,36.61,97.2,2015,December
2015-12,Soybean,Yewatmal,Ghatanji,34.6,33.91,35.51,86.9,2015,December
2015-12,Soybean,Chandrapur,Gondpimpri,33.07,32.57,33.57,347.5,2015,December
2015-12,Soybean,Nanded,Hadgaon,34.16,33.44,35.38,1296.6,2015,December
2015-12,Soybean,Nanded,Hadgaon-Tamsa,34.1,33.36,35.36,522.0,2015,December
2015-12,Soybean,Nanded,Himayatnagar,34.18,31.65,35.34,422.1,2015,December
2015-12,Soybean,Wardha,Hinganghat,33.55,30.1,37.14,4569.8,2015,December
2015-12,Soybean,Nagpur,Hingna,34.0,30.83,35.67,2.8,2015,December
2015-12,Soybean,Hingoli,Hingoli,37.35,35.91,37.35,1742.5,2015,December
2015-12,Soybean,Pune,Indapur,33.11,33.11,33.11,0.1,2015,December
2015-12,Soybean,Pune,Indapur-Bhigwan,32.0,31.2,32.34,0.6,2015,December
2015-12,Soybean,Jalna,Jafrabad,35.0,34.13,35.88,30.4,2015,December
2015-12,Soybean,Buldhana,Jalgaon Jamod,31.33,30.0,32.67,21.4,2015,December
2015-12,Soybean,Buldhana,Jalgaon Jamod-Aasalgaon,32.5,30.22,34.78,540.9,2015,December
2015-12,Soybean,Latur,Jalkot,35.82,34.42,36.66,163.0,2015,December
2015-12,Soybean,Jalna,Jalna,35.36,31.47,36.32,1454.9,2015,December
2015-12,Soybean,Ahmadnagar,Jamkhed,34.24,32.13,36.35,54.7,2015,December
2015-12,Soybean,Hingoli,Jawala-Bajar,36.64,35.9,36.79,285.5,2015,December
2015-12,Soybean,Parbhani,Jintur,35.74,33.7,36.39,158.1,2015,December
2015-12,Soybean,Parbhani,Jintur-Bori,34.65,32.64,35.91,22.3,2015,December
2015-12,Soybean,Beed,Kada,32.69,31.13,34.5,8.9,2015,December
2015-12,Soybean,Osmanabad,Kalamb (Os),36.24,32.46,37.06,848.5,2015,December
2015-12,Soybean,Yewatmal,Kalamb (Yawatmal),34.8,32.98,36.34,179.5,2015,December
2015-12,Soybean,Hingoli,Kalamnuri,35.0,35.0,35.05,218.5,2015,December
2015-12,Soybean,Nagpur,Kalmeshwar,33.48,30.03,34.5,91.6,2015,December
2015-12,Soybean,Nasik,Kalvan,36.68,35.63,37.17,54.0,2015,December
2015-12,Soybean,Wasim,Karanja,35.28,33.74,36.44,5142.5,2015,December
2015-12,Soybean,Nagpur,Katol,34.39,30.19,36.69,1025.0,2015,December
2015-12,Soybean,Beed,Kej,34.79,28.85,36.31,166.8,2015,December
2015-12,Soybean,Buldhana,Khamgaon,35.24,31.75,37.2,7872.7,2015,December
2015-12,Soybean,Beed,Kille Dharur,36.12,33.16,36.56,140.4,2015,December
2015-12,Soybean,Nanded,Kinwat,34.42,33.88,34.96,56.7,2015,December
2015-12,Soybean,Ahmadnagar,Kopargaon,35.94,30.65,36.26,54.2,2015,December
2015-12,Soybean,Nanded,Kundalwadi,35.91,35.35,36.47,41.4,2015,December
2015-12,Soybean,Nasik,Lasalgaon,36.74,24.1,37.12,452.8,2015,December
2015-12,Soybean,Nasik,Lasalgaon-Vinchur,36.28,16.42,37.7,331.2,2015,December
2015-12,Soybean,Aurangabad,Lasur Station,40.51,38.61,41.51,34.9,2015,December
2015-12,Soybean,Latur,Latur,36.98,33.59,38.41,11665.0,2015,December
2015-12,Soybean,Latur,Latur-Murud,35.48,31.36,36.91,63.9,2015,December
2015-12,Soybean,Osmanabad,Lohara,36.19,34.22,36.7,17.7,2015,December
2015-12,Soybean,Buldhana,Lonar,36.22,35.53,36.91,2340.0,2015,December
2015-12,Soybean,Yewatmal,Mahagaon,35.0,34.0,36.0,5.6,2015,December
2015-12,Soybean,Nanded,Mahur,34.0,32.91,35.0,186.0,2015,December
2015-12,Soybean,Beed,Majalgaon,34.74,28.33,36.44,244.5,2015,December
2015-12,Soybean,Nasik,Malegaon,36.54,34.51,37.77,6.4,2015,December
2015-12,Soybean,Wasim,Malegaon (Washim),35.71,34.22,36.84,2040.0,2015,December
2015-12,Soybean,Buldhana,Malkapur,34.15,28.7,36.68,1095.5,2015,December
2015-12,Soybean,Nagpur,Mandhal,33.34,32.5,34.43,51.2,2015,December
2015-12,Soybean,Wasim,Mangrulpeer,36.2,31.86,37.14,2277.4,2015,December
2015-12,Soybean,Wasim,Manora,35.93,34.18,37.76,1262.8,2015,December
2015-12,Soybean,Jalna,Mantha,35.59,33.0,36.18,57.0,2015,December
2015-12,Soybean,Buldhana,Mehkar,37.34,34.24,38.42,2760.5,2015,December
2015-12,Soybean,Amaravathi,Morshi,31.96,30.71,34.86,430.6,2015,December
2015-12,Soybean,Nanded,Mukhed,36.35,35.99,36.62,25.9,2015,December
2015-12,Soybean,Akola,Murtizapur,35.23,32.41,36.82,2340.0,2015,December
2015-12,Soybean,Osmanabad,Murum,36.31,36.23,36.45,7.6,2015,December
2015-12,Soybean,Nagpur,Nagpur,35.44,31.34,36.8,1437.0,2015,December
2015-12,Soybean,Nanded,Naigaon,37.24,37.06,37.32,14.4,2015,December
2015-12,Soybean,Nanded,Nanded,36.0,36.0,36.0,2.5,2015,December
2015-12,Soybean,Nasik,Nandgaon,36.24,32.55,37.11,6.6,2015,December
2015-12,Soybean,Amaravathi,Nandgaon Khandeshwar,32.54,28.8,36.46,2235.0,2015,December
2015-12,Soybean,Buldhana,Nandura,37.0,30.8,37.0,757.4,2015,December
2015-12,Soybean,Nandurbar,Nandurbar,35.64,34.75,36.29,139.9,2015,December
2015-12,Soybean,Nandurbar,Navapur,35.0,35.0,35.0,1.5,2015,December
2015-12,Soybean,Yewatmal,Ner Parasopant,34.62,33.51,35.67,786.9,2015,December
2015-12,Soybean,Latur,Nilanga,36.9,34.13,37.68,465.3,2015,December
2015-12,Soybean,Osmanabad,Osmanabad,35.5,35.14,36.01,3.5,2015,December
2015-12,Soybean,Jalgaon,Pachora,32.7,30.71,35.69,214.8,2015,December
2015-12,Soybean,Aurangabad,Paithan,35.71,35.71,35.71,0.9,2015,December
2015-12,Soybean,Parbhani,Palam,35.26,34.76,35.51,6.1,2015,December
2015-12,Soybean,Yewatmal,Pandharkawada,34.37,32.93,34.94,77.1,2015,December
2015-12,Soybean,Parbhani,Parbhani,35.72,34.64,36.1,126.3,2015,December
2015-12,Soybean,Beed,Parli-Vaijnath,36.6,33.84,37.04,639.6,2015,December
2015-12,Soybean,Jalna,Partur,34.94,34.17,35.91,52.5,2015,December
2015-12,Soybean,Parbhani,Pathari,34.19,27.36,35.64,44.2,2015,December
2015-12,Soybean,Akola,Patur,35.84,34.75,36.75,320.0,2015,December
2015-12,Soybean,Chandrapur,Pombhurni,31.0,30.0,32.0,11.0,2015,December
2015-12,Soybean,Wardha,Pulgaon,34.74,31.38,35.98,173.3,2015,December
2015-12,Soybean,Parbhani,Purna,35.57,35.08,36.36,41.0,2015,December
2015-12,Soybean,Yewatmal,Pusad,36.15,32.76,36.95,525.1,2015,December
2015-12,Soybean,Ahmadnagar,Rahata,35.42,35.15,35.81,7.8,2015,December
2015-12,Soybean,Ahmadnagar,Rahuri-Vambori,36.17,36.0,36.34,6.1,2015,December
2015-12,Soybean,Chandrapur,Rajura,35.15,34.17,35.62,355.7,2015,December
2015-12,Soybean,Wasim,Risod,36.19,34.71,37.66,3002.0,2015,December
2015-12,Soybean,Parbhani,Sailu,35.29,33.91,36.37,57.6,2015,December
2015-12,Soybean,Dhule,Sakri,34.75,34.41,35.41,3.0,2015,December
2015-12,Soybean,Wardha,Samudrapur,33.18,31.79,37.19,125.6,2015,December
2015-12,Soybean,Sangli,Sangali,36.77,33.25,37.92,1218.5,2015,December
2015-12,Soybean,Ahmadnagar,Sangamner,34.68,33.99,35.01,8.0,2015,December
2015-12,Soybean,Buldhana,Sangrampur-Varvatbakal,32.13,21.21,34.29,72.4,2015,December
2015-12,Soybean,Nagpur,Savner,32.65,30.3,33.41,57.1,2015,December
2015-12,Soybean,Hingoli,Sengaon,35.85,33.81,36.58,1016.8,2015,December
2015-12,Soybean,Nandurbar,Shahada,35.79,30.54,37.19,62.2,2015,December
2015-12,Soybean,Buldhana,Shegaon,33.91,31.5,36.33,402.9,2015,December
2015-12,Soybean,Dhule,Shirpur,32.64,19.6,35.42,37.5,2015,December
2015-12,Soybean,Pune,Shirur,30.0,30.0,30.0,1.6,2015,December
2015-12,Soybean,Ahmadnagar,Shrirampur,34.89,33.98,35.35,6.2,2015,December
2015-12,Soybean,Ahmadnagar,Shrirampur-Belapur,34.6,34.4,34.8,3.7,2015,December
2015-12,Soybean,Aurangabad,Sillod,34.87,34.0,35.73,95.3,2015,December
2015-12,Soybean,Aurangabad,Sillod-Bharadi,34.25,33.5,35.0,1.2,2015,December
2015-12,Soybean,Wardha,Sindi,33.74,30.3,36.3,128.0,2015,December
2015-12,Soybean,Wardha,Sindi (Selu),34.0,29.78,37.23,103.5,2015,December
2015-12,Soybean,Buldhana,Sindkhed Raja,36.11,35.05,36.64,147.4,2015,December
2015-12,Soybean,Nasik,Sinner,36.66,33.73,37.34,13.2,2015,December
2015-12,Soybean,Parbhani,Sonpeth,34.08,31.51,36.72,9.2,2015,December
2015-12,Soybean,Sangli,Tasgaon,35.44,33.17,36.75,27.0,2015,December
2015-12,Soybean,Akola,Telhara,33.67,31.92,35.46,347.5,2015,December
2015-12,Soybean,Osmanabad,Tuljapur,35.81,35.42,35.95,5.3,2015,December
2015-12,Soybean,Latur,Udgir,37.17,36.94,37.17,3370.0,2015,December
2015-12,Soybean,Nagpur,Umared,34.38,32.0,37.04,1030.2,2015,December
2015-12,Soybean,Osmanabad,Umarga,35.76,31.77,36.36,48.5,2015,December
2015-12,Soybean,Nanded,Umari,36.06,36.06,50.58,155.6,2015,December
2015-12,Soybean,Yewatmal,Umarkhed,35.41,34.82,36.0,110.0,2015,December
2015-12,Soybean,Yewatmal,Umarkhed-Danki,35.31,34.62,36.0,143.0,2015,December
2015-12,Soybean,Satara,Vaduj,35.33,34.33,36.33,40.5,2015,December
2015-12,Soybean,Aurangabad,Vaijapur,36.33,36.1,36.42,10.8,2015,December
2015-12,Soybean,Yewatmal,Vani,35.38,33.22,36.51,324.0,2015,December
2015-12,Soybean,Chandrapur,Varora,33.29,30.35,35.66,760.0,2015,December
2015-12,Soybean,Amaravathi,Varud-Rajura Bazar,34.25,31.95,36.2,20.0,2015,December
2015-12,Soybean,Wardha,Wardha,37.96,34.11,38.35,1385.5,2015,December
2015-12,Soybean,Osmanabad,Washi(Osmanabad),35.18,34.52,35.72,17.8,2015,December
2015-12,Soybean,Wasim,Washim,36.94,35.39,38.23,6979.5,2015,December
2015-12,Soybean,Jalgaon,Yawal,31.69,30.88,33.25,28.9,2015,December
2015-12,Soybean,Yewatmal,Yeotmal,35.51,33.65,37.0,1877.5,2015,December
2015-12,Sugarcane,Thane,Ulhasnagar,10.28,8.66,11.72,320.1,2015,December
2016-01,Bajra,Amaravathi,Achalpur,17.0,17.0,17.0,0.2,2016,January
2016-01,Bajra,Ahmadnagar,Ahmednagar,16.12,15.22,16.55,37.7,2016,January
2016-01,Bajra,Latur,Ahmedpur,13.34,13.08,13.34,2.2,2016,January
2016-01,Bajra,Akola,Akola,16.55,15.63,17.93,8.5,2016,January
2016-01,Bajra,Ahmadnagar,Akole,15.75,14.3,18.6,6.4,2016,January
2016-01,Bajra,Jalgaon,Amalner,15.12,13.79,15.12,12.7,2016,January
2016-01,Bajra,Amaravathi,Amarawati,20.7,19.44,22.5,5.7,2016,January
2016-01,Bajra,Jalna,Ambad(Vadi Godri),14.0,12.0,16.33,9.6,2016,January
2016-01,Bajra,Beed,Ambejogai,15.72,15.72,15.72,0.3,2016,January
2016-01,Bajra,Jalna,Ashti (Jalna),13.95,13.56,14.19,4.0,2016,January
2016-01,Bajra,Latur,Ausa,16.04,15.07,16.39,1.3,2016,January
2016-01,Bajra,Pune,Baramati,17.13,15.56,19.56,130.5,2016,January
2016-01,Bajra,Solapur,Barshi,16.3,15.81,16.59,14.8,2016,January
2016-01,Bajra,Beed,Beed,15.38,13.97,16.36,133.0,2016,January
2016-01,Bajra,Jalna,Bhokardan,13.02,12.79,13.59,11.5,2016,January
2016-01,Bajra,Jalna,Bhokardan-Pimpalgaon Renu,13.33,12.85,13.75,2.8,2016,January
2016-01,Bajra,Jalgaon,Chalisgaon,14.68,13.43,15.76,308.0,2016,January
2016-01,Bajra,Jalgaon,Chopda,15.34,14.84,15.35,16.0,2016,January
2016-01,Bajra,Nasik,Devala,14.77,13.51,16.47,32.8,2016,January
2016-01,Bajra,Dhule,Dhule,15.22,13.55,16.44,180.3,2016,January
2016-01,Bajra,Yewatmal,Digras,13.95,13.95,13.95,0.2,2016,January
2016-01,Bajra,Dhule,Dondaicha,14.25,13.19,15.35,67.5,2016,January
2016-01,Bajra,Dhule,Dondaicha-Sindkheda,13.43,13.21,13.77,30.6,2016,January
2016-01,Bajra,Pune,Dound,17.02,15.0,18.84,77.4,2016,January
2016-01,Bajra,Solapur,Dudhani,14.66,14.21,14.92,14.5,2016,January
2016-01,Bajra,Aurangabad,Gangapur,15.93,15.24,16.54,17.4,2016,January
2016-01,Bajra,Beed,Gevrai,14.46,13.7,15.96,229.2,2016,January
2016-01,Bajra,Pune,Indapur,16.71,16.11,16.71,1.0,2016,January
2016-01,Bajra,Pune,Indapur (Nimgaon Ketki),15.43,15.43,15.43,0.3,2016,January
2016-01,Bajra,Pune,Indapur-Bhigwan,15.94,14.3,21.0,36.9,2016,January
2016-01,Bajra,Jalgaon,Jalgaon,14.75,14.67,14.79,7.2,2016,January
2016-01,Bajra,Jalna,Jalna,14.84,13.58,18.38,460.7,2016,January
2016-01,Bajra,Jalna,Jalna-Badnapur,14.11,14.11,14.11,0.2,2016,January
2016-01,Bajra,Ahmadnagar,Jamkhed,15.36,14.28,16.45,16.0,2016,January
2016-01,Bajra,Parbhani,Jintur,14.5,14.5,14.5,0.4,2016,January
2016-01,Bajra,Parbhani,Jintur-Bori,13.61,13.61,13.61,0.2,2016,January
2016-01,Bajra,Beed,Kada,14.75,12.56,17.5,20.2,2016,January
2016-01,Bajra,Beed,Kada (Ashti),14.5,12.88,15.5,1.0,2016,January
2016-01,Bajra,Osmanabad,Kalamb (Os),14.14,13.58,14.66,8.5,2016,January
2016-01,Bajra,Nasik,Kalvan,14.85,14.05,15.33,18.1,2016,January
2016-01,Bajra,Thane,Kalyan,18.75,17.5,19.33,1.8,2016,January
2016-01,Bajra,Aurangabad,Kannad,14.64,13.37,15.45,19.8,2016,January
2016-01,Bajra,Wasim,Karanja,16.25,16.25,16.25,0.6,2016,January
2016-01,Bajra,Beed,Kej,13.64,12.95,16.08,25.2,2016,January
2016-01,Bajra,Buldhana,Khamgaon,13.14,12.66,13.33,11.9,2016,January
2016-01,Bajra,Beed,Kille Dharur,18.41,16.94,19.79,21.4,2016,January
2016-01,Bajra,Kolhapur,Kolhapur-Laxmipuri,21.94,19.38,23.1,11.9,2016,January
2016-01,Bajra,Ahmadnagar,Kopargaon,15.31,14.27,15.82,12.6,2016,January
2016-01,Bajra,Nasik,Lasalgaon,16.31,14.41,17.41,20.0,2016,January
2016-01,Bajra,Nasik,Lasalgaon-Vinchur,15.86,14.51,16.0,2.8,2016,January
2016-01,Bajra,Aurangabad,Lasur Station,15.03,13.72,16.86,131.8,2016,January
2016-01,Bajra,Latur,Latur,14.68,13.51,16.81,379.9,2016,January
2016-01,Bajra,Osmanabad,Lohara,13.18,12.7,13.7,1.3,2016,January
2016-01,Bajra,Satara,Lonand,14.88,13.25,16.55,25.3,2016,January
2016-01,Bajra,Beed,Majalgaon,19.69,17.11,21.75,117.8,2016,January
2016-01,Bajra,Nasik,Malegaon,15.94,14.32,17.73,97.7,2016,January
2016-01,Bajra,Buldhana,Malkapur,12.95,12.59,13.42,5.4,2016,January
2016-01,Bajra,Solapur,Mangalwedha,12.0,12.0,12.0,1.2,2016,January
2016-01,Bajra,Nasik,Manmad,15.89,15.56,16.75,5.7,2016,January
2016-01,Bajra,Jalna,Mantha,15.39,15.3,15.84,3.9,2016,January
2016-01,Bajra,Osmanabad,Murum,15.07,15.07,15.07,3.6,2016,January
2016-01,Bajra,Nasik,Nandgaon,16.09,14.81,17.34,28.8,2016,January
2016-01,Bajra,Buldhana,Nandura,13.89,12.07,13.89,24.6,2016,January
2016-01,Bajra,Nandurbar,Nandurbar,13.91,11.31,16.21,77.5,2016,January
2016-01,Bajra,Nandurbar,Navapur,15.0,15.0,15.0,1.0,2016,January
2016-01,Bajra,Ahmadnagar,Newasa,14.17,13.92,14.5,1.4,2016,January
2016-01,Bajra,Pune,Nira-Saswad,18.19,15.75,20.84,39.0,2016,January
2016-01,Bajra,Jalgaon,Pachora,14.08,13.36,16.45,162.6,2016,January
2016-01,Bajra,Aurangabad,Paithan,14.78,13.41,16.24,52.5,2016,January
2016-01,Bajra,Beed,Parli-Vaijnath,14.23,13.76,14.83,18.4,2016,January
2016-01,Bajra,Jalgaon,Parola,13.6,12.57,14.66,71.4,2016,January
2016-01,Bajra,Jalna,Partur,12.92,11.79,13.86,7.9,2016,January
2016-01,Bajra,Ahmadnagar,Pathardi,13.92,12.7,15.32,25.1,2016,January
2016-01,Bajra,Parbhani,Pathari,14.54,6.75,15.22,2.5,2016,January
2016-01,Bajra,Satara,Phaltan,16.5,12.75,18.5,109.4,2016,January
2016-01,Bajra,Pune,Pune,19.88,17.6,20.7,112.9,2016,January
2016-01,Bajra,Pune,Pune-Pimpri,20.86,18.36,21.79,62.2,2016,January
2016-01,Bajra,Yewatmal,Pusad,16.67,15.89,17.17,6.7,2016,January
2016-01,Bajra,Ahmadnagar,Rahata,14.0,14.0,14.0,2.6,2016,January
2016-01,Bajra,Ahmadnagar,Rahuri-Vambori,14.54,13.73,15.26,4.3,2016,January
2016-01,Bajra,Jalgaon,Raver,13.78,13.78,13.78,0.2,2016,January
2016-01,Bajra,Parbhani,Sailu,15.5,15.0,15.5,2.0,2016,January
2016-01,Bajra,Dhule,Sakri,14.24,14.2,14.67,11.1,2016,January
2016-01,Bajra,Sangli,Sangali,17.07,14.44,18.01,295.4,2016,January
2016-01,Bajra,Ahmadnagar,Sangamner,15.7,14.51,16.52,76.1,2016,January
2016-01,Bajra,Nasik,Satana,15.9,13.94,17.36,27.6,2016,January
2016-01,Bajra,Nandurbar,Shahada,14.93,14.93,15.31,2.8,2016,January
2016-01,Bajra,Buldhana,Shegaon,12.91,12.7,13.18,3.5,2016,January
2016-01,Bajra,Ahmadnagar,Shevgaon,15.9,13.65,15.9,108.4,2016,January
2016-01,Bajra,Ahmadnagar,Shevgaon-Bodhegaon,15.49,13.9,15.49,106.9,2016,January
2016-01,Bajra,Dhule,Shirpur,14.83,12.85,15.71,40.4,2016,January
2016-01,Bajra,Pune,Shirur,13.91,13.42,14.53,14.2,2016,January
2016-01,Bajra,Ahmadnagar,Shrigonda,14.67,14.0,15.59,1.7,2016,January
2016-01,Bajra,Ahmadnagar,Shrirampur,15.72,15.11,16.48,5.8,2016,January
2016-01,Bajra,Ahmadnagar,Shrirampur-Belapur,13.0,13.0,13.0,0.4,2016,January
2016-01,Bajra,Aurangabad,Sillod,12.42,12.0,12.83,2.0,2016,January
2016-01,Bajra,Aurangabad,Sillod-Bharadi,13.01,13.01,13.01,1.0,2016,January
2016-01,Bajra,Nasik,Sinner,15.51,13.99,16.98,79.6,2016,January
2016-01,Bajra,Solapur,Solapur,15.4,15.13,15.4,1.1,2016,January
2016-01,Bajra,Parbhani,Sonpeth,14.6,14.05,15.15,1.5,2016,January
2016-01,Bajra,Nandurbar,Taloda,15.0,15.0,15.0,2.0,2016,January
2016-01,Bajra,Thane,Ulhasnagar,23.33,18.83,27.83,167.7,2016,January
2016-01,Bajra,Osmanabad,Umarga,13.25,12.98,13.86,6.2,2016,January
2016-01,Bajra,Satara,Vaduj,15.81,15.25,16.38,4.8,2016,January
2016-01,Bajra,Aurangabad,Vaijapur,16.13,14.27,16.86,25.8,2016,January
2016-01,Bajra,Nasik,Yeola,14.67,13.69,15.81,3.2,2016,January
2016-01,Cotton,Gadchiroli,Aheri,41.0,41.0,41.0,122.5,2016,January
2016-01,Cotton,Hingoli,Akhadabalapur,44.6,43.67,45.53,96.7,2016,January
2016-01,Cotton,Akola,Akot,47.92,47.49,48.34,2177.5,2016,January
2016-01,Cotton,Amaravathi,Amarawati,47.0,46.77,47.27,3181.5,2016,January
2016-01,Cotton,Wardha,Arvi,46.25,45.99,46.49,14660.6,2016,January
2016-01,Cotton,Wardha,Ashti (Wardha),46.3,46.04,46.44,2006.5,2016,January
2016-01,Cotton,Yewatmal,Babhulgaon,46.16,45.75,46.5,14.0,2016,January
2016-01,Cotton,Akola,Barshi Takli,44.28,41.72,45.68,1045.5,2016,January
2016-01,Cotton,Nagpur,Bhiwapur,45.17,44.73,45.58,514.6,2016,January
2016-01,Cotton,Nanded,Bhokar,44.06,42.4,45.55,3603.5,2016,January
2016-01,Cotton,Jalna,Bhokardan,42.82,41.99,43.77,731.8,2016,January
2016-01,Cotton,Chandrapur,Chandrapur,45.0,45.0,45.5,20.0,2016,January
2016-01,Cotton,Amaravathi,Chandur Rly.,46.17,45.73,46.17,24.3,2016,January
2016-01,Cotton,Chandrapur,Chimur,44.12,42.77,46.19,863.1,2016,January
2016-01,Cotton,Yewatmal,Darwha,45.59,45.06,46.12,173.1,2016,January
2016-01,Cotton,Buldhana,Deulgaon Raja,44.68,42.37,46.61,1410.0,2016,January
2016-01,Cotton,Amaravathi,Dhamangaon-Rly,45.94,45.63,46.57,1843.0,2016,January
2016-01,Cotton,Amaravathi,Dharni,44.4,43.86,44.95,59.8,2016,January
2016-01,Cotton,Yewatmal,Digras,44.5,44.5,44.5,25.0,2016,January
2016-01,Cotton,Aurangabad,Fulambri,47.06,46.09,48.49,344.6,2016,January
2016-01,Cotton,Parbhani,Gangakhed,45.27,41.0,46.23,1172.5,2016,January
2016-01,Cotton,Beed,Gevrai,43.08,38.2,44.48,4966.2,2016,January
2016-01,Cotton,Jalna,Ghansawangi,44.75,43.25,45.75,85.6,2016,January
2016-01,Cotton,Yewatmal,Ghatanji,45.39,43.99,46.76,5829.6,2016,January
2016-01,Cotton,Nanded,Hadgaon,45.08,43.52,46.42,441.3,2016,January
2016-01,Cotton,Nanded,Hadgaon-Tamsa,44.68,42.72,45.98,476.3,2016,January
2016-01,Cotton,Nanded,Himayatnagar,44.55,43.29,45.27,51.7,2016,January
2016-01,Cotton,Wardha,Hinganghat,43.17,41.16,47.12,25414.2,2016,January
2016-01,Cotton,Hingoli,Hingoli,46.32,45.5,46.32,160.0,2016,January
2016-01,Cotton,Jalna,Jafrabad,42.74,41.79,43.77,903.8,2016,January
2016-01,Cotton,Jalna,Jalna,42.59,41.43,44.04,49.6,2016,January
2016-01,Cotton,Jalna,Jalna-Badnapur,42.94,42.27,43.41,216.5,2016,January
2016-01,Cotton,Jalgaon,Jamner,46.51,45.83,47.08,72.9,2016,January
2016-01,Cotton,Jalgaon,Jamner-Neri,46.4,45.76,47.0,33.1,2016,January
2016-01,Cotton,Hingoli,Jawala-Bajar,45.35,44.17,45.7,17.4,2016,January
2016-01,Cotton,Parbhani,Jintur,45.66,42.98,46.59,6762.9,2016,January
2016-01,Cotton,Yewatmal,Kalamb (Yawatmal),45.08,43.63,46.58,330.8,2016,January
2016-01,Cotton,Hingoli,Kalamnuri,45.0,45.0,45.0,465.1,2016,January
2016-01,Cotton,Nagpur,Kalmeshwar,45.38,42.73,46.24,5656.7,2016,January
2016-01,Cotton,Nagpur,Katol,45.32,44.32,46.18,777.0,2016,January
2016-01,Cotton,Buldhana,Khamgaon,44.73,41.0,46.54,1029.5,2016,January
2016-01,Cotton,Aurangabad,Khultabad,42.42,41.46,43.38,150.1,2016,January
2016-01,Cotton,Beed,Kille Dharur,46.69,46.33,47.12,2129.6,2016,January
2016-01,Cotton,Nanded,Kinwat,43.77,43.17,44.35,693.6,2016,January
2016-01,Cotton,Yewatmal,Mahagaon,45.5,44.33,46.5,78.4,2016,January
2016-01,Cotton,Nanded,Mahur,44.32,43.14,45.55,421.5,2016,January
2016-01,Cotton,Beed,Majalgaon,45.5,41.0,46.94,64.3,2016,January
2016-01,Cotton,Nagpur,Mandhal,44.15,43.67,44.91,30.1,2016,January
2016-01,Cotton,Jalna,Mantha,45.01,44.26,45.53,2793.9,2016,January
2016-01,Cotton,Parbhani,Manwat,46.21,44.49,46.7,1990.0,2016,January
2016-01,Cotton,Yewatmal,Maregaon,45.42,44.42,46.36,3675.9,2016,January
2016-01,Cotton,Nagpur,Narkhed,45.47,44.97,46.13,996.1,2016,January
2016-01,Cotton,Parbhani,Parbhani,46.45,43.8,46.82,2648.0,2016,January
2016-01,Cotton,Nagpur,Parshiwani,45.43,45.05,45.75,612.0,2016,January
2016-01,Cotton,Jalna,Partur,45.44,42.74,45.93,1354.6,2016,January
2016-01,Cotton,Ahmadnagar,Pathardi,44.83,41.83,46.67,143.6,2016,January
2016-01,Cotton,Chandrapur,Pombhurni,39.75,38.0,40.95,71.3,2016,January
2016-01,Cotton,Wardha,Pulgaon,46.25,44.5,47.49,7778.3,2016,January
2016-01,Cotton,Chandrapur,Rajura,44.98,43.7,45.33,1933.7,2016,January
2016-01,Cotton,Yewatmal,Ralegaon,46.21,45.05,46.77,11437.7,2016,January
2016-01,Cotton,Parbhani,Sailu,46.57,41.72,47.16,2620.0,2016,January
2016-01,Cotton,Wardha,Samudrapur,45.65,44.73,46.46,4914.3,2016,January
2016-01,Cotton,Nagpur,Savner,44.68,44.22,44.88,493.0,2016,January
2016-01,Cotton,Ahmadnagar,Shrigonda-Ghogargaon,45.86,45.86,45.86,32.4,2016,January
2016-01,Cotton,Wardha,Sindi,46.28,45.4,46.95,746.6,2016,January
2016-01,Cotton,Wardha,Sindi (Selu),45.25,44.24,46.12,5327.2,2016,January
2016-01,Cotton,Parbhani,Sonpeth,45.64,44.23,45.95,1238.0,2016,January
2016-01,Cotton,Aurangabad,Soygaon,45.15,44.0,45.5,27.3,2016,January
2016-01,Cotton,Akola,Telhara,43.68,42.29,45.07,1022.0,2016,January
2016-01,Cotton,Nagpur,Umared,45.78,45.31,46.22,622.5,2016,January
2016-01,Cotton,Yewatmal,Vani,44.96,43.81,45.59,4491.7,2016,January
2016-01,Cotton,Chandrapur,Varora,44.47,42.03,46.06,11770.6,2016,January
2016-01,Cotton,Amaravathi,Varud,44.03,43.53,46.19,1350.4,2016,January
2016-01,Cotton,Wardha,Wardha,46.35,44.58,46.39,3241.6,2016,January
2016-01,Cotton,Jalgaon,Yawal,42.03,40.42,43.46,1066.2,2016,January
2016-01,Cotton,Yewatmal,Yeotmal,44.62,43.0,45.99,1975.1,2016,January
2016-01,Cotton,Yewatmal,Zarijamini,44.46,44.05,45.13,31.0,2016,January
2016-01,Jowar,Amaravathi,Achalpur,13.5,13.08,13.92,491.9,2016,January
2016-01,Jowar,Ahmadnagar,Ahmednagar,19.46,16.37,21.03,370.5,2016,January
2016-01,Jowar,Latur,Ahmedpur,17.87,16.18,17.87,98.7,2016,January
2016-01,Jowar,Hingoli,Akhadabalapur,14.83,14.5,15.13,11.7,2016,January
2016-01,Jowar,Akola,Akola,14.04,13.21,14.85,131.2,2016,January
2016-01,Jowar,Akola,Akot,13.17,12.74,13.61,165.5,2016,January
2016-01,Jowar,Jalgaon,Amalner,14.88,13.95,14.88,54.1,2016,January
2016-01,Jowar,Amaravathi,Amarawati,16.89,15.48,18.49,28.2,2016,January
2016-01,Jowar,Jalna,Ambad(Vadi Godri),14.5,12.8,16.83,12.7,2016,January
2016-01,Jowar,Beed,Ambejogai,18.83,18.4,19.13,27.9,2016,January
2016-01,Jowar,Amaravathi,Anajngaon Surji,13.19,12.38,14.39,39.7,2016,January
2016-01,Jowar,Jalna,Ashti (Jalna),14.49,14.36,15.4,4.5,2016,January
2016-01,Jowar,Sangli,Atpadi,19.5,17.5,21.5,1.1,2016,January
2016-01,Jowar,Latur,Aurad Shahajani,14.55,14.25,14.84,16.3,2016,January
2016-01,Jowar,Latur,Ausa,18.28,15.94,20.17,45.2,2016,January
2016-01,Jowar,Akola,Balapur,16.2,11.6,16.2,29.7,2016,January
2016-01,Jowar,Pune,Baramati,18.75,15.8,24.13,46.1,2016,January
2016-01,Jowar,Solapur,Barshi,19.79,16.73,23.48,836.0,2016,January
2016-01,Jowar,Solapur,Barshi-Vairag,20.01,17.4,23.41,199.8,2016,January
2016-01,Jowar,Beed,Beed,18.12,16.33,19.58,124.5,2016,January
2016-01,Jowar,Nanded,Bhokar,14.2,13.25,15.0,10.6,2016,January
2016-01,Jowar,Jalna,Bhokardan,12.99,12.5,13.53,25.0,2016,January
2016-01,Jowar,Jalna,Bhokardan-Pimpalgaon Renu,13.0,12.5,13.5,5.3,2016,January
2016-01,Jowar,Jalgaon,Bhusaval,12.68,12.4,12.95,36.5,2016,January
2016-01,Jowar,Buldhana,Buldhana,12.83,11.83,14.23,29.6,2016,January
2016-01,Jowar,Latur,Chakur,18.63,18.63,19.22,2.2,2016,January
2016-01,Jowar,Jalgaon,Chalisgaon,13.18,12.69,13.54,253.5,2016,January
2016-01,Jowar,Amaravathi,Chandur Bajar,13.21,12.13,14.0,67.5,2016,January
2016-01,Jowar,Buldhana,Chikhali,12.5,11.48,13.53,15.7,2016,January
2016-01,Jowar,Jalgaon,Chopda,13.84,13.34,14.02,137.7,2016,January
2016-01,Jowar,Amaravathi,Daryapur,14.12,13.97,14.28,11.4,2016,January
2016-01,Jowar,Nasik,Devala,13.47,13.45,13.47,1.1,2016,January
2016-01,Jowar,Latur,Devani,12.0,12.0,12.0,0.4,2016,January
2016-01,Jowar,Nandurbar,Dhadgaon,12.05,11.5,18.52,231.4,2016,January
2016-01,Jowar,Amaravathi,Dharni,12.94,12.44,13.44,148.0,2016,January
2016-01,Jowar,Dhule,Dhule,14.85,13.96,15.16,289.7,2016,January
2016-01,Jowar,Yewatmal,Digras,15.8,15.8,15.8,0.8,2016,January
2016-01,Jowar,Dhule,Dondaicha,16.2,14.92,16.59,50.7,2016,January
2016-01,Jowar,Dhule,Dondaicha-Sindkheda,14.69,14.49,14.98,5.5,2016,January
2016-01,Jowar,Pune,Dound,19.51,17.55,22.16,216.4,2016,January
2016-01,Jowar,Solapur,Dudhani,20.49,19.58,20.65,15.4,2016,January
2016-01,Jowar,Aurangabad,Gangapur,15.66,14.73,16.62,25.1,2016,January
2016-01,Jowar,Beed,Gevrai,17.24,16.28,18.88,288.1,2016,January
2016-01,Jowar,Wardha,Hinganghat,11.25,11.25,11.25,1.1,2016,January
2016-01,Jowar,Hingoli,Hingoli,16.5,16.5,16.5,2.5,2016,January
2016-01,Jowar,Pune,Indapur,22.25,19.21,25.67,19.7,2016,January
2016-01,Jowar,Pune,Indapur (Nimgaon Ketki),13.04,11.29,13.04,0.7,2016,January
2016-01,Jowar,Pune,Indapur-Bhigwan,20.4,16.4,28.3,131.0,2016,January
2016-01,Jowar,Jalgaon,Jalgaon,13.54,13.5,13.88,50.9,2016,January
2016-01,Jowar,Buldhana,Jalgaon Jamod,12.0,11.67,12.33,1.4,2016,January
2016-01,Jowar,Buldhana,Jalgaon Jamod-Aasalgaon,12.25,11.5,13.0,3.6,2016,January
2016-01,Jowar,Latur,Jalkot,15.06,15.06,15.06,75.5,2016,January
2016-01,Jowar,Jalna,Jalna,16.69,13.12,22.06,715.4,2016,January
2016-01,Jowar,Ahmadnagar,Jamkhed,19.45,16.12,22.77,1288.1,2016,January
2016-01,Jowar,Parbhani,Jintur,13.64,12.45,15.45,31.8,2016,January
2016-01,Jowar,Parbhani,Jintur-Bori,12.88,12.79,13.63,1.8,2016,January
2016-01,Jowar,Beed,Kada,19.71,16.07,22.86,231.9,2016,January
2016-01,Jowar,Beed,Kada (Ashti),19.8,16.35,23.85,37.3,2016,January
2016-01,Jowar,Osmanabad,Kalamb (Os),17.1,15.58,18.3,237.7,2016,January
2016-01,Jowar,Thane,Kalyan,17.83,17.0,18.17,1.8,2016,January
2016-01,Jowar,Aurangabad,Kannad,17.5,17.5,17.5,0.3,2016,January
2016-01,Jowar,Wasim,Karanja,14.98,14.15,15.88,38.6,2016,January
2016-01,Jowar,Solapur,Karmala,24.0,16.5,29.0,15.0,2016,January
2016-01,Jowar,Nagpur,Katol,12.76,12.73,12.78,29.3,2016,January
2016-01,Jowar,Beed,Kej,19.39,18.28,20.43,64.6,2016,January
2016-01,Jowar,Buldhana,Khamgaon,13.64,12.6,14.25,135.7,2016,January
2016-01,Jowar,Beed,Kille Dharur,20.42,18.6,20.9,43.0,2016,January
2016-01,Jowar,Kolhapur,Kolhapur-Laxmipuri,26.88,17.52,37.21,649.0,2016,January
2016-01,Jowar,Ahmadnagar,Kopargaon,14.32,12.74,14.83,66.0,2016,January
2016-01,Jowar,Solapur,Kurdwadi,17.51,14.56,20.22,21.2,2016,January
2016-01,Jowar,Solapur,Kurdwadi-Modnimb,17.21,14.03,21.31,36.8,2016,January
2016-01,Jowar,Nasik,Lasalgaon,16.02,13.35,17.83,5.5,2016,January
2016-01,Jowar,Aurangabad,Lasur Station,17.1,13.18,27.63,144.2,2016,January
2016-01,Jowar,Latur,Latur,20.92,17.94,23.21,564.9,2016,January
2016-01,Jowar,Latur,Latur-Murud,16.7,15.63,18.05,33.0,2016,January
2016-01,Jowar,Nanded,Loha,13.89,13.42,14.47,82.0,2016,January
2016-01,Jowar,Osmanabad,Lohara,19.0,18.87,19.68,2.9,2016,January
2016-01,Jowar,Satara,Lonand,18.63,15.98,20.88,11.3,2016,January
2016-01,Jowar,Buldhana,Lonar,12.05,11.55,12.54,6.5,2016,January
2016-01,Jowar,Beed,Majalgaon,16.87,14.31,19.94,52.5,2016,January
2016-01,Jowar,Nasik,Malegaon,16.81,15.7,16.91,0.9,2016,January
2016-01,Jowar,Wasim,Malegaon (Washim),15.5,14.0,16.0,8.0,2016,January
2016-01,Jowar,Buldhana,Malkapur,13.15,12.66,13.35,335.9,2016,January
2016-01,Jowar,Solapur,Mangalwedha,18.83,16.34,22.3,90.5,2016,January
2016-01,Jowar,Wasim,Mangrulpeer,13.04,11.98,13.04,5.6,2016,January
2016-01,Jowar,Jalna,Mantha,15.92,12.93,16.98,57.7,2016,January
2016-01,Jowar,Buldhana,Mehkar,12.44,11.54,12.96,17.1,2016,January
2016-01,Jowar,Solapur,Mohol,20.77,17.45,22.78,19.3,2016,January
2016-01,Jowar,Amaravathi,Morshi,13.08,12.83,14.08,70.0,2016,January
2016-01,Jowar,Nanded,Mudkhed,13.18,12.68,13.93,3.6,2016,January
2016-01,Jowar,Nanded,Mukhed,16.0,16.0,16.0,1.5,2016,January
2016-01,Jowar,Osmanabad,Murum,21.4,20.9,21.91,2.5,2016,January
2016-01,Jowar,Nagpur,Nagpur,18.54,15.0,19.71,8.2,2016,January
2016-01,Jowar,Nanded,Naigaon,13.88,13.88,13.88,1.3,2016,January
2016-01,Jowar,Nanded,Nanded,13.45,13.36,13.63,9.1,2016,January
2016-01,Jowar,Amaravathi,Nandgaon Khandeshwar,13.5,12.0,15.0,1.2,2016,January
2016-01,Jowar,Buldhana,Nandura,14.37,12.3,14.37,109.7,2016,January
2016-01,Jowar,Nandurbar,Nandurbar,13.84,12.16,15.59,423.7,2016,January
2016-01,Jowar,Nandurbar,Navapur,12.93,12.75,13.05,6.3,2016,January
2016-01,Jowar,Ahmadnagar,Newasa,16.98,16.98,16.98,1.8,2016,January
2016-01,Jowar,Latur,Nilanga,14.98,13.76,16.06,26.9,2016,January
2016-01,Jowar,Pune,Nira-Saswad,18.5,15.93,21.81,55.0,2016,January
2016-01,Jowar,Osmanabad,Osmanabad,19.19,18.17,20.55,14.1,2016,January
2016-01,Jowar,Jalgaon,Pachora,13.68,13.18,14.17,670.4,2016,January
2016-01,Jowar,Aurangabad,Paithan,16.41,16.25,16.91,25.9,2016,January
2016-01,Jowar,Solapur,Pandharpur,19.76,19.58,20.24,21.5,2016,January
2016-01,Jowar,Osmanabad,Paranda,16.85,14.65,19.4,48.7,2016,January
2016-01,Jowar,Beed,Parli-Vaijnath,16.28,15.88,16.58,130.4,2016,January
2016-01,Jowar,Jalgaon,Parola,12.94,12.55,13.48,218.4,2016,January
2016-01,Jowar,Jalna,Partur,14.15,12.84,14.57,6.6,2016,January
2016-01,Jowar,Ahmadnagar,Pathardi,16.45,15.78,17.44,52.4,2016,January
2016-01,Jowar,Parbhani,Pathari,16.17,16.17,16.17,1.7,2016,January
2016-01,Jowar,Akola,Patur,15.52,14.03,17.25,9.6,2016,January
2016-01,Jowar,Satara,Phaltan,19.5,15.7,24.38,62.3,2016,January
2016-01,Jowar,Pune,Pune,26.2,22.85,27.24,699.2,2016,January
2016-01,Jowar,Pune,Pune-Pimpri,26.9,24.04,28.29,378.3,2016,January
2016-01,Jowar,Parbhani,Purna,14.73,13.84,16.06,8.0,2016,January
2016-01,Jowar,Yewatmal,Pusad,13.66,13.05,14.47,124.1,2016,January
2016-01,Jowar,Ahmadnagar,Rahata,12.44,12.44,13.13,13.7,2016,January
2016-01,Jowar,Ahmadnagar,Rahuri-Vambori,15.22,14.29,16.23,30.6,2016,January
2016-01,Jowar,Jalgaon,Raver,12.98,12.33,13.6,90.2,2016,January
2016-01,Jowar,Parbhani,Sailu,13.88,13.63,14.95,4.8,2016,January
2016-01,Jowar,Dhule,Sakri,11.39,11.39,11.39,1.1,2016,January
2016-01,Jowar,Sangli,Sangali,23.66,17.02,26.73,1039.8,2016,January
2016-01,Jowar,Ahmadnagar,Sangamner,18.87,18.7,19.08,16.6,2016,January
2016-01,Jowar,Buldhana,Sangrampur-Varvatbakal,12.3,10.5,12.8,11.0,2016,January
2016-01,Jowar,Nagpur,Savner,11.51,11.26,11.67,13.4,2016,January
2016-01,Jowar,Nandurbar,Shahada,14.44,13.23,19.22,524.2,2016,January
2016-01,Jowar,Buldhana,Shegaon,12.9,12.1,13.51,31.7,2016,January
2016-01,Jowar,Ahmadnagar,Shevgaon,17.63,15.23,17.65,164.2,2016,January
2016-01,Jowar,Ahmadnagar,Shevgaon-Bodhegaon,18.61,17.15,18.61,115.8,2016,January
2016-01,Jowar,Dhule,Shirpur,15.14,14.05,16.22,72.1,2016,January
2016-01,Jowar,Pune,Shirur,15.42,14.54,15.81,28.9,2016,January
2016-01,Jowar,Ahmadnagar,Shrigonda,18.2,16.0,22.3,20.7,2016,January
2016-01,Jowar,Ahmadnagar,Shrirampur,19.85,16.54,21.15,21.8,2016,January
2016-01,Jowar,Ahmadnagar,Shrirampur-Belapur,13.67,13.67,13.67,2.3,2016,January
2016-01,Jowar,Aurangabad,Sillod-Bharadi,12.51,12.51,12.51,0.1,2016,January
2016-01,Jowar,Buldhana,Sindkhed Raja,13.67,12.67,15.0,3.4,2016,January
2016-01,Jowar,Nasik,Sinner,16.33,13.86,17.53,22.5,2016,January
2016-01,Jowar,Solapur,Solapur,21.47,19.05,22.17,20.3,2016,January
2016-01,Jowar,Parbhani,Sonpeth,17.46,15.9,19.38,4.6,2016,January
2016-01,Jowar,Nandurbar,Taloda,13.87,12.21,14.16,113.2,2016,January
2016-01,Jowar,Sangli,Tasgaon,16.58,16.27,16.8,85.5,2016,January
2016-01,Jowar,Akola,Telhara,14.65,14.11,15.28,414.7,2016,January
2016-01,Jowar,Osmanabad,Tuljapur,17.35,17.35,17.35,3.8,2016,January
2016-01,Jowar,Latur,Udgir,14.52,13.13,14.6,42.0,2016,January
2016-01,Jowar,Thane,Ulhasnagar,25.08,20.32,29.84,167.9,2016,January
2016-01,Jowar,Nagpur,Umared,17.5,17.5,17.5,0.4,2016,January
2016-01,Jowar,Osmanabad,Umarga,17.76,17.57,18.47,9.7,2016,January
2016-01,Jowar,Nanded,Umari,13.08,12.55,13.59,26.3,2016,January
2016-01,Jowar,Yewatmal,Umarkhed,14.5,14.0,15.0,7.0,2016,January
2016-01,Jowar,Satara,Vaduj,22.56,22.0,23.11,284.0,2016,January
2016-01,Jowar,Satara,Vai,13.0,12.0,15.0,4.2,2016,January
2016-01,Jowar,Aurangabad,Vaijapur,16.07,15.12,16.55,11.5,2016,January
2016-01,Jowar,Amaravathi,Varud,15.7,15.7,15.7,641.1,2016,January
2016-01,Jowar,Wardha,Wardha,12.5,12.25,12.5,0.9,2016,January
2016-01,Jowar,Osmanabad,Washi(Osmanabad),20.5,20.0,21.25,3.0,2016,January
2016-01,Jowar,Wasim,Washim,13.44,11.65,15.41,46.5,2016,January
2016-01,Jowar,Jalgaon,Yawal,13.55,12.79,14.16,613.7,2016,January
2016-01,Jowar,Nasik,Yeola,16.01,16.01,16.01,0.2,2016,January
2016-01,Jowar,Yewatmal,Zarijamini,15.5,15.5,15.5,1.8,2016,January
2016-01,Onion,Ahmadnagar,Ahmednagar,13.13,2.0,19.47,20875.1,2016,January
2016-01,Onion,Solapur,Akluj,21.35,9.18,21.35,91.8,2016,January
2016-01,Onion,Ahmadnagar,Akole,8.02,1.13,14.18,122.5,2016,January
2016-01,Onion,Amaravathi,Amarawati,11.6,9.41,14.11,505.3,2016,January
2016-01,Onion,Amaravathi,Amarawati-Fruit And Vegetables,10.29,7.71,12.86,170.0,2016,January
2016-01,Onion,Aurangabad,Aurangabad,8.65,3.37,13.93,590.4,2016,January
2016-01,Onion,Pune,Baramati,14.13,3.25,21.14,116.0,2016,January
2016-01,Onion,Solapur,Barshi,10.93,1.06,15.9,973.0,2016,January
2016-01,Onion,Thane,Bhivandi,18.89,16.93,21.27,134.6,2016,January
2016-01,Onion,Chandrapur,Chandrapur,10.0,5.0,15.0,10.9,2016,January
2016-01,Onion,Chandrapur,Chandrapur-Ganjwad,11.0,6.32,15.56,658.9,2016,January
2016-01,Onion,Nasik,Chandvad,10.7,4.98,13.32,21903.9,2016,January
2016-01,Onion,Nasik,Devala,10.75,8.28,13.32,13057.8,2016,January
2016-01,Onion,Dhule,Dhule,10.41,3.31,12.95,11884.8,2016,January
2016-01,Onion,Nasik,Dindori,10.21,8.0,13.7,269.8,2016,January
2016-01,Onion,Nasik,Dindori-Vani,10.17,7.75,13.43,10671.0,2016,January
2016-01,Onion,Pune,Indapur,7.02,1.02,12.63,59.8,2016,January
2016-01,Onion,Jalgaon,Jalgaon,10.07,4.84,12.81,1446.0,2016,January
2016-01,Onion,Ahmadnagar,Jamkhed,10.64,2.44,18.83,943.3,2016,January
2016-01,Onion,Pune,Junnar,12.44,7.78,16.29,1065.1,2016,January
2016-01,Onion,Beed,Kada,11.0,3.0,18.0,555.0,2016,January
2016-01,Onion,Nasik,Kalvan,10.03,3.9,13.23,9975.2,2016,January
2016-01,Onion,Thane,Kalyan,12.16,10.57,13.19,13.2,2016,January
2016-01,Onion,Nagpur,Kamthi,15.8,6.75,22.85,10.2,2016,January
2016-01,Onion,Satara,Karad,18.8,12.84,18.8,406.5,2016,January
2016-01,Onion,Pune,Khed-Chakan,13.28,8.61,16.25,8373.5,2016,January
2016-01,Onion,Kolhapur,Kolhapur,13.04,4.88,20.42,9733.7,2016,January
2016-01,Onion,Ahmadnagar,Kopargaon,12.31,4.28,15.35,3044.7,2016,January
2016-01,Onion,Satara,Koregaon,12.4,8.6,16.6,79.1,2016,January
2016-01,Onion,Solapur,Kurdwadi,7.43,1.44,13.42,96.7,2016,January
2016-01,Onion,Solapur,Kurdwadi-Modnimb,6.96,0.71,13.38,399.7,2016,January
2016-01,Onion,Nasik,Lasalgaon,11.56,7.11,14.7,48298.7,2016,January
2016-01,Onion,Nasik,Lasalgaon-Niphad,10.08,5.15,11.53,8010.0,2016,January
2016-01,Onion,Aurangabad,Lasur Station,9.35,2.1,14.66,686.8,2016,January
2016-01,Onion,Satara,Lonand,11.46,6.93,14.39,2126.1,2016,January
2016-01,Onion,Nasik,Malegaon,9.49,3.25,13.38,22954.7,2016,January
2016-01,Onion,Buldhana,Malkapur,10.47,7.79,12.19,1475.9,2016,January
2016-01,Onion,Pune,Manchar,12.38,8.67,16.7,977.1,2016,January
2016-01,Onion,Nasik,Manmad,11.04,5.84,13.55,26310.5,2016,January
2016-01,Onion,Mumbai,Mumbai,12.16,6.58,14.68,38329.2,2016,January
2016-01,Onion,Nagpur,Nagpur,13.41,10.1,14.5,11770.9,2016,January
2016-01,Onion,Nasik,Nandgaon,10.26,4.93,13.88,18432.0,2016,January
2016-01,Onion,Buldhana,Nandura,29.37,17.56,30.01,216.5,2016,January
2016-01,Onion,Nasik,Nashik,11.6,3.72,14.76,7338.0,2016,January
2016-01,Onion,Nandurbar,Navapur,10.33,10.0,10.67,5.8,2016,January
2016-01,Onion,Ahmadnagar,Newasa-Ghodegaon,14.54,2.38,17.62,31620.3,2016,January
2016-01,Onion,Osmanabad,Osmanabad,11.24,6.88,15.59,45.2,2016,January
2016-01,Onion,Thane,Palghar(Bevur),11.85,11.85,11.85,45.6,2016,January
2016-01,Onion,Solapur,Pandharpur,10.0,1.57,18.83,1641.0,2016,January
2016-01,Onion,Osmanabad,Paranda,7.77,1.16,15.33,637.7,2016,January
2016-01,Onion,Ahmadnagar,Parner,13.79,5.5,18.2,12362.9,2016,January
2016-01,Onion,Ahmadnagar,Pathardi,13.32,2.82,17.87,463.4,2016,January
2016-01,Onion,Satara,Phaltan,11.17,4.33,16.84,266.2,2016,January
2016-01,Onion,Nasik,Pimpalgaon (B)-Saykheda,9.34,3.91,12.88,15968.8,2016,January
2016-01,Onion,Nasik,Pimpalgaon Basawant,10.01,3.64,14.51,51898.2,2016,January
2016-01,Onion,Pune,Pune,15.04,6.04,17.29,32747.2,2016,January
2016-01,Onion,Pune,Pune-Pimpri,13.2,13.2,13.2,0.8,2016,January
2016-01,Onion,Ahmadnagar,Rahata,12.23,4.27,19.86,14928.6,2016,January
2016-01,Onion,Ahmadnagar,Rahuri,10.37,2.0,17.58,12804.4,2016,January
2016-01,Onion,Ahmadnagar,Rahuri-Vambori,11.92,2.31,17.08,8839.2,2016,January
2016-01,Onion,Nagpur,Ramtek,16.08,14.38,18.15,14.7,2016,January
2016-01,Onion,Ahmadnagar,Sangamner,13.12,5.0,18.53,11747.1,2016,January
2016-01,Onion,Sangli,Sangli-Phale Bhajipalam,11.85,3.25,19.29,4549.4,2016,January
2016-01,Onion,Nasik,Satana,9.77,4.3,13.6,14339.2,2016,January
2016-01,Onion,Satara,Satara,13.56,9.11,18.22,668.3,2016,January
2016-01,Onion,Dhule,Shirpur,9.94,2.42,12.3,849.4,2016,January
2016-01,Onion,Ahmadnagar,Shrigonda,13.17,2.22,15.83,1385.0,2016,January
2016-01,Onion,Ahmadnagar,Shrirampur,13.13,2.63,17.51,2747.9,2016,January
2016-01,Onion,Nasik,Sinner,10.02,1.58,14.26,16262.8,2016,January
2016-01,Onion,Solapur,Solapur,9.63,1.08,22.82,41371.4,2016,January
2016-01,Onion,Thane,Ulhasnagar,12.89,8.72,16.94,367.6,2016,January
2016-01,Onion,Nasik,Umrane,10.56,8.39,13.87,36288.5,2016,January
2016-01,Onion,Aurangabad,Vaijapur,10.59,4.19,14.83,7500.9,2016,January
2016-01,Onion,Thane,Vasai,14.79,11.1,18.23,74.0,2016,January
2016-01,Onion,Jalgaon,Yawal,10.06,9.55,12.04,3616.0,2016,January
2016-01,Onion,Nasik,Yeola,10.34,4.37,12.72,43743.2,2016,January
2016-01,Rice,Gondiya,Aamgaon,15.23,14.89,15.58,953.9,2016,January
2016-01,Rice,Gadchiroli,Aheri,16.8547,16.8547,16.8547,126.6,2016,January
2016-01,Rice,Latur,Ahmedpur,14.25,14.25,14.25,0.1,2016,January
2016-01,Rice,Ahmadnagar,Akole,16.25,14.9,19.0,33.8,2016,January
2016-01,Rice,Raigad,Alibag,26.29,24.77,27.81,150.0,2016,January
2016-01,Rice,Gondiya,Arjuni Morgaon,16.33,15.97,16.33,482.8,2016,January
2016-01,Rice,Gadchiroli,Armori,15.69,15.16,16.06,1926.9,2016,January
2016-01,Rice,Gadchiroli,Armori-Desaiganj,16.2,15.11,16.39,4113.8,2016,January
2016-01,Rice,Solapur,Barshi,16.32,15.83,16.41,31.8,2016,January
2016-01,Rice,Bhandara,Bhandara,26.73,26.0,27.75,77.0,2016,January
2016-01,Rice,Thane,Bhivandi,33.24,23.75,41.95,195.6,2016,January
2016-01,Rice,Nagpur,Bhiwapur,19.17,18.67,19.58,556.5,2016,January
2016-01,Rice,Nanded,Bhokar,16.51,16.51,16.51,0.6,2016,January
2016-01,Rice,Pune,Bhor,39.0,35.33,41.33,128.0,2016,January
2016-01,Rice,Chandrapur,Brahmpuri,19.08,18.74,19.34,400.0,2016,January
2016-01,Rice,Gadchiroli,Chamorshi,19.32,18.69,19.88,5132.1,2016,January
2016-01,Rice,Chandrapur,Chimur,19.33,18.57,19.97,1994.4,2016,January
2016-01,Rice,Nasik,Devala,13.73,13.73,13.73,0.3,2016,January
2016-01,Rice,Gadchiroli,Gadchiroli,16.35,15.82,16.69,1732.2,2016,January
2016-01,Rice,Gondiya,Gondiya,15.04,14.58,16.78,3428.1,2016,January
2016-01,Rice,Chandrapur,Gondpimpri,18.77,18.48,19.11,187.4,2016,January
2016-01,Rice,Gondiya,Goregaon,15.18,14.77,15.6,1154.2,2016,January
2016-01,Rice,Pune,Indapur,11.25,11.25,11.25,0.1,2016,January
2016-01,Rice,Pune,Indapur-Bhigwan,16.0,15.37,16.17,17.9,2016,January
2016-01,Rice,Thane,Kalyan,28.68,26.45,30.1,6.0,2016,January
2016-01,Rice,Raigad,Karjat (Raigad),20.7393,15.9812,26.7599,324.5,2016,January
2016-01,Rice,Kolhapur,Kolhapur-Laxmipuri,21.4106,18.4256,25.3841,3546.0,2016,January
2016-01,Rice,Bhandara,Lakhandur,16.32,16.22,16.39,1043.5,2016,January
2016-01,Rice,Raigad,Mahad,14.33,14.21,14.5,2.1,2016,January
2016-01,Rice,Nagpur,Mandhal,18.17,17.43,18.95,117.3,2016,January
2016-01,Rice,Raigad,Mangaon(Bhadav),20.7616,15.9306,24.4629,58.8,2016,January
2016-01,Rice,Chandrapur,Mul,19.64,18.26,20.39,7012.3,2016,January
2016-01,Rice,Mumbai,Mumbai,56.76,44.8,69.0,57599.7,2016,January
2016-01,Rice,Thane,Murbad,15.46,14.5,16.5,175.6,2016,January
2016-01,Rice,Raigad,Murud,21.4676,19.9114,23.0092,148.0,2016,January
2016-01,Rice,Chandrapur,Nagbhid,18.86,16.69,18.86,3475.8,2016,January
2016-01,Rice,Nagpur,Nagpur,20.3096,18.4846,20.9324,6196.7,2016,January
2016-01,Rice,Nandurbar,Nandurbar,30.41,29.59,30.41,4.0,2016,January
2016-01,Rice,Nandurbar,Navapur,12.7019,11.8158,13.1498,65.8,2016,January
2016-01,Rice,Pune,Nira-Saswad,32.21,28.34,36.09,34.7,2016,January
2016-01,Rice,Thane,Palghar(Bevur),29.02,24.31,35.16,683.2,2016,January
2016-01,Rice,Bhandara,Pavani,17.99,17.56,18.33,230.0,2016,January
2016-01,Rice,Raigad,Pen,22.3246,20.6846,28.66,31.2,2016,January
2016-01,Rice,Chandrapur,Pombhurni,20.0,19.5,21.0,627.1,2016,January
2016-01,Rice,Pune,Pune,52.62,44.14,56.43,1512.9,2016,January
2016-01,Rice,Pune,Pune-Pimpri,46.04,37.96,49.54,795.1,2016,January
2016-01,Rice,Yewatmal,Pusad,7.0,7.0,7.0,0.4,2016,January
2016-01,Rice,Nagpur,Ramtek,17.9377,17.6781,18.2765,1328.9,2016,January
2016-01,Rice,Raigad,Roha,14.15,14.1,14.2,1017.9,2016,January
2016-01,Rice,Dhule,Sakri,20.0,20.0,31.0,1.8,2016,January
2016-01,Rice,Sangli,Sangali,42.33,20.0,56.67,199.1,2016,January
2016-01,Rice,Chandrapur,Savali,18.51,18.06,18.95,3129.8,2016,January
2016-01,Rice,Thane,Shahapur,15.56,14.75,16.19,9.6,2016,January
2016-01,Rice,Chandrapur,Sindevahi,16.93,16.91,17.85,520.4,2016,January
2016-01,Rice,Solapur,Solapur,33.61,21.43,50.66,507.6,2016,January
2016-01,Rice,Gondiya,Tiroda,16.09,15.62,16.55,3020.2,2016,January
2016-01,Rice,Bhandara,Tumsar,16.0376,15.3616,16.5908,5624.4,2016,January
2016-01,Rice,Thane,Ulhasnagar,49.95,36.0,64.35,610.9,2016,January
2016-01,Rice,Nagpur,Umared,30.17,20.0,35.33,461.1,2016,January
2016-01,Rice,Osmanabad,Umarga,13.0,13.0,13.0,0.1,2016,January
2016-01,Rice,Thane,Vasai,27.0229,18.3322,40.6208,607.7,2016,January
2016-01,Soybean,Yewatmal,Aarni,34.0,30.75,36.98,231.5,2016,January
2016-01,Soybean,Amaravathi,Achalpur,35.68,34.55,36.88,1801.5,2016,January
2016-01,Soybean,Gadchiroli,Aheri,33.5,33.5,33.5,17.7,2016,January
2016-01,Soybean,Ahmadnagar,Ahmednagar,34.54,33.63,35.13,1.6,2016,January
2016-01,Soybean,Latur,Ahmedpur,36.99,36.54,36.99,223.2,2016,January
2016-01,Soybean,Hingoli,Akhadabalapur,34.52,33.67,35.33,35.0,2016,January
2016-01,Soybean,Akola,Akola,34.99,32.81,37.02,4875.5,2016,January
2016-01,Soybean,Ahmadnagar,Akole,33.0,30.0,35.4,75.3,2016,January
2016-01,Soybean,Akola,Akot,32.83,30.46,35.2,811.4,2016,January
2016-01,Soybean,Jalgaon,Amalner,40.0,30.0,40.0,0.3,2016,January
2016-01,Soybean,Amaravathi,Amarawati,32.34,28.35,36.43,8088.2,2016,January
2016-01,Soybean,Beed,Ambejogai,37.17,36.14,37.71,1002.0,2016,January
2016-01,Soybean,Amaravathi,Anajngaon Surji,33.5,31.86,35.25,175.4,2016,January
2016-01,Soybean,Wardha,Arvi,33.44,31.46,36.34,232.0,2016,January
2016-01,Soybean,Jalna,Ashti (Jalna),33.9,33.29,33.93,2.5,2016,January
2016-01,Soybean,Wardha,Ashti-Karanja,34.72,30.96,37.59,462.8,2016,January
2016-01,Soybean,Latur,Aurad Shahajani,37.12,36.43,37.62,238.0,2016,January
2016-01,Soybean,Latur,Ausa,36.89,34.02,37.48,186.4,2016,January
2016-01,Soybean,Yewatmal,Babhulgaon,35.09,32.39,37.34,922.5,2016,January
2016-01,Soybean,Akola,Balapur,35.4,33.95,35.9,248.7,2016,January
2016-01,Soybean,Pune,Baramati,35.56,29.2,36.78,40.8,2016,January
2016-01,Soybean,Solapur,Barshi-Vairag,36.81,35.28,36.94,16.0,2016,January
2016-01,Soybean,Hingoli,Basmat,35.8,35.59,35.9,12.3,2016,January
2016-01,Soybean,Beed,Beed,36.82,35.44,37.12,90.1,2016,January
2016-01,Soybean,Bhandara,Bhandara,30.0,30.0,30.0,2.3,2016,January
2016-01,Soybean,Nagpur,Bhiwapur,35.25,35.0,35.5,16.0,2016,January
2016-01,Soybean,Nanded,Bhokar,35.05,34.42,35.7,128.0,2016,January
2016-01,Soybean,Jalna,Bhokardan,35.68,35.27,36.09,64.9,2016,January
2016-01,Soybean,Jalna,Bhokardan-Pimpalgaon Renu,35.94,35.5,36.33,17.5,2016,January
2016-01,Soybean,Nanded,Biloli,36.0,36.0,36.0,0.2,2016,January
2016-01,Soybean,Yewatmal,Bori Arab,35.08,35.0,35.14,9.3,2016,January
2016-01,Soybean,Buldhana,Buldhana,35.85,35.15,36.57,297.0,2016,January
2016-01,Soybean,Buldhana,Buldhana-Dhad,35.75,35.14,36.45,1024.0,2016,January
2016-01,Soybean,Latur,Chakur,36.98,36.26,37.49,50.9,2016,January
2016-01,Soybean,Jalgaon,Chalisgaon,32.75,30.62,34.09,15.6,2016,January
2016-01,Soybean,Chandrapur,Chandrapur,34.58,33.44,35.42,79.1,2016,January
2016-01,Soybean,Amaravathi,Chandur Bajar,34.52,30.6,36.74,580.6,2016,January
2016-01,Soybean,Amaravathi,Chandur Rly.,38.0,35.57,39.49,316.0,2016,January
2016-01,Soybean,Buldhana,Chikhali,35.54,33.78,37.16,1802.8,2016,January
2016-01,Soybean,Chandrapur,Chimur,33.57,33.03,34.35,25.3,2016,January
2016-01,Soybean,Jalgaon,Chopda,33.18,30.73,33.85,8.8,2016,January
2016-01,Soybean,Amaravathi,Daryapur,33.27,29.88,34.81,340.1,2016,January
2016-01,Soybean,Latur,Devani,37.14,36.66,37.63,83.1,2016,January
2016-01,Soybean,Amaravathi,Dhamangaon-Rly,35.7,34.22,37.12,3064.5,2016,January
2016-01,Soybean,Amaravathi,Dharni,33.17,32.67,33.67,31.0,2016,January
2016-01,Soybean,Dhule,Dhule,34.04,32.81,34.66,10.2,2016,January
2016-01,Soybean,Yewatmal,Digras,36.33,35.49,37.04,281.0,2016,January
2016-01,Soybean,Dhule,Dondaicha,34.69,34.69,34.69,0.4,2016,January
2016-01,Soybean,Parbhani,Gangakhed,36.7,35.68,37.31,101.0,2016,January
2016-01,Soybean,Beed,Gevrai,34.24,33.13,34.89,15.7,2016,January
2016-01,Soybean,Jalna,Ghansawangi,35.33,34.0,37.0,41.9,2016,January
2016-01,Soybean,Yewatmal,Ghatanji,34.78,33.89,35.57,18.5,2016,January
2016-01,Soybean,Chandrapur,Gondpimpri,33.1,32.63,33.58,264.1,2016,January
2016-01,Soybean,Nanded,Hadgaon,34.46,33.35,35.4,384.1,2016,January
2016-01,Soybean,Nanded,Hadgaon-Tamsa,34.29,33.35,35.43,406.3,2016,January
2016-01,Soybean,Nanded,Himayatnagar,34.02,33.11,34.27,32.4,2016,January
2016-01,Soybean,Wardha,Hinganghat,33.79,30.0,37.83,5114.4,2016,January
2016-01,Soybean,Nagpur,Hingna,32.88,32.63,35.5,1.9,2016,January
2016-01,Soybean,Hingoli,Hingoli,37.53,35.99,37.53,301.5,2016,January
2016-01,Soybean,Pune,Indapur,33.34,33.34,33.34,1.1,2016,January
2016-01,Soybean,Pune,Indapur-Bhigwan,25.34,25.34,25.34,0.3,2016,January
2016-01,Soybean,Jalna,Jafrabad,34.75,34.0,35.5,9.8,2016,January
2016-01,Soybean,Buldhana,Jalgaon Jamod,32.0,31.33,32.67,13.5,2016,January
2016-01,Soybean,Buldhana,Jalgaon Jamod-Aasalgaon,32.0,30.42,33.58,223.7,2016,January
2016-01,Soybean,Latur,Jalkot,36.69,35.92,37.15,168.4,2016,January
2016-01,Soybean,Jalna,Jalna,35.58,32.86,36.49,602.4,2016,January
2016-01,Soybean,Ahmadnagar,Jamkhed,33.53,31.95,35.11,32.1,2016,January
2016-01,Soybean,Hingoli,Jawala-Bajar,36.24,35.44,36.38,172.9,2016,January
2016-01,Soybean,Parbhani,Jintur,35.67,33.98,36.65,302.7,2016,January
2016-01,Soybean,Parbhani,Jintur-Bori,34.79,33.44,35.55,9.8,2016,January
2016-01,Soybean,Beed,Kada,32.67,31.34,34.17,4.6,2016,January
2016-01,Soybean,Beed,Kada (Ashti),32.51,32.51,32.51,0.2,2016,January
2016-01,Soybean,Osmanabad,Kalamb (Os),37.07,33.86,37.61,427.7,2016,January
2016-01,Soybean,Yewatmal,Kalamb (Yawatmal),34.92,33.46,36.31,169.3,2016,January
2016-01,Soybean,Hingoli,Kalamnuri,36.36,35.56,36.81,179.7,2016,January
2016-01,Soybean,Nagpur,Kalmeshwar,34.73,30.84,35.62,71.2,2016,January
2016-01,Soybean,Nasik,Kalvan,37.18,35.39,37.58,62.0,2016,January
2016-01,Soybean,Wasim,Karanja,36.07,34.97,37.02,6226.0,2016,January
2016-01,Soybean,Nagpur,Katol,34.84,30.09,37.56,1240.0,2016,January
2016-01,Soybean,Beed,Kej,35.51,31.89,36.81,72.7,2016,January
2016-01,Soybean,Buldhana,Khamgaon,35.62,32.7,37.2,5993.8,2016,January
2016-01,Soybean,Beed,Kille Dharur,36.49,31.54,36.97,87.4,2016,January
2016-01,Soybean,Nanded,Kinwat,34.67,34.0,35.33,29.0,2016,January
2016-01,Soybean,Ahmadnagar,Kopargaon,35.91,30.32,36.47,36.4,2016,January
2016-01,Soybean,Nanded,Kundalwadi,36.4,36.32,36.51,2.7,2016,January
2016-01,Soybean,Nanded,Kuntur,36.75,36.5,37.25,2.5,2016,January
2016-01,Soybean,Nasik,Lasalgaon,37.31,28.46,37.71,202.0,2016,January
2016-01,Soybean,Nasik,Lasalgaon-Niphad,37.62,35.44,37.89,113.4,2016,January
2016-01,Soybean,Nasik,Lasalgaon-Vinchur,37.07,19.19,38.31,210.9,2016,January
2016-01,Soybean,Aurangabad,Lasur Station,36.37,34.3,36.57,9.7,2016,January
2016-01,Soybean,Latur,Latur,37.21,33.87,38.31,6594.7,2016,January
2016-01,Soybean,Latur,Latur-Murud,35.96,31.08,37.24,27.3,2016,January
2016-01,Soybean,Osmanabad,Lohara,35.63,35.32,35.92,2.5,2016,January
2016-01,Soybean,Buldhana,Lonar,36.56,35.64,37.35,1326.0,2016,January
2016-01,Soybean,Beed,Majalgaon,35.74,30.64,36.84,128.7,2016,January
2016-01,Soybean,Nasik,Malegaon,35.65,34.36,36.18,5.5,2016,January
2016-01,Soybean,Wasim,Malegaon (Washim),36.78,35.76,37.54,1730.0,2016,January
2016-01,Soybean,Buldhana,Malkapur,34.18,29.6,36.54,1069.4,2016,January
2016-01,Soybean,Nagpur,Mandhal,33.37,33.01,33.92,37.9,2016,January
2016-01,Soybean,Wasim,Mangrulpeer,36.2,34.37,37.13,1818.9,2016,January
2016-01,Soybean,Wasim,Manora,36.44,35.38,37.61,1104.2,2016,January
2016-01,Soybean,Jalna,Mantha,35.41,32.98,36.37,48.5,2016,January
2016-01,Soybean,Buldhana,Mehkar,37.18,34.81,38.55,1393.1,2016,January
2016-01,Soybean,Amaravathi,Morshi,32.08,31.0,34.94,178.3,2016,January
2016-01,Soybean,Nanded,Mukhed,36.84,36.78,36.89,8.3,2016,January
2016-01,Soybean,Akola,Murtizapur,35.42,32.78,37.09,1565.0,2016,January
2016-01,Soybean,Osmanabad,Murum,36.92,36.88,36.97,5.9,2016,January
2016-01,Soybean,Nagpur,Nagpur,35.23,31.55,36.53,909.4,2016,January
2016-01,Soybean,Nanded,Naigaon,38.08,38.08,38.08,22.9,2016,January
2016-01,Soybean,Nanded,Nanded,36.51,36.51,36.51,10.6,2016,January
2016-01,Soybean,Nasik,Nandgaon,35.29,32.84,35.34,0.9,2016,January
2016-01,Soybean,Amaravathi,Nandgaon Khandeshwar,31.7,26.72,36.68,1715.7,2016,January
2016-01,Soybean,Buldhana,Nandura,36.6,30.72,36.6,412.4,2016,January
2016-01,Soybean,Nandurbar,Nandurbar,35.65,34.44,36.54,75.8,2016,January
2016-01,Soybean,Nandurbar,Navapur,36.0,36.0,36.0,0.3,2016,January
2016-01,Soybean,Yewatmal,Ner Parasopant,35.15,34.03,36.31,725.5,2016,January
2016-01,Soybean,Latur,Nilanga,37.45,35.15,38.66,269.1,2016,January
2016-01,Soybean,Pune,Nira-Saswad,32.25,31.5,33.0,0.6,2016,January
2016-01,Soybean,Osmanabad,Osmanabad,37.0,37.0,37.0,2.6,2016,January
2016-01,Soybean,Jalgaon,Pachora,33.51,30.96,35.99,111.4,2016,January
2016-01,Soybean,Aurangabad,Paithan,42.0,42.0,42.0,0.5,2016,January
2016-01,Soybean,Parbhani,Palam,36.0,35.51,36.0,2.3,2016,January
2016-01,Soybean,Yewatmal,Pandharkawada,33.27,33.17,33.5,5.5,2016,January
2016-01,Soybean,Parbhani,Parbhani,35.89,35.18,36.24,85.9,2016,January
2016-01,Soybean,Beed,Parli-Vaijnath,37.21,34.41,37.49,628.0,2016,January
2016-01,Soybean,Jalna,Partur,35.04,34.19,35.66,14.6,2016,January
2016-01,Soybean,Parbhani,Pathari,33.12,17.5,34.61,14.1,2016,January
2016-01,Soybean,Akola,Patur,35.83,34.43,36.53,164.5,2016,January
2016-01,Soybean,Chandrapur,Pombhurni,31.0,30.0,32.0,12.0,2016,January
2016-01,Soybean,Wardha,Pulgaon,33.56,31.58,34.2,1198.0,2016,January
2016-01,Soybean,Parbhani,Purna,35.61,33.62,36.06,89.0,2016,January
2016-01,Soybean,Yewatmal,Pusad,36.81,32.9,37.65,437.3,2016,January
2016-01,Soybean,Ahmadnagar,Rahata,35.36,35.28,35.68,6.1,2016,January
2016-01,Soybean,Ahmadnagar,Rahuri-Vambori,36.29,36.1,36.48,5.0,2016,January
2016-01,Soybean,Chandrapur,Rajura,35.21,34.48,35.58,220.3,2016,January
2016-01,Soybean,Nagpur,Ramtek,29.0,29.0,29.0,1.0,2016,January
2016-01,Soybean,Wasim,Risod,36.34,35.04,37.6,2908.0,2016,January
2016-01,Soybean,Parbhani,Sailu,32.55,32.36,33.23,16.7,2016,January
2016-01,Soybean,Dhule,Sakri,34.23,34.23,34.23,0.4,2016,January
2016-01,Soybean,Wardha,Samudrapur,33.7,32.33,36.74,77.3,2016,January
2016-01,Soybean,Sangli,Sangali,36.8,33.62,37.92,1343.8,2016,January
2016-01,Soybean,Ahmadnagar,Sangamner,34.59,34.0,35.0,9.4,2016,January
2016-01,Soybean,Buldhana,Sangrampur-Varvatbakal,32.81,29.08,33.75,14.6,2016,January
2016-01,Soybean,Nagpur,Savner,31.63,30.26,32.14,24.8,2016,January
2016-01,Soybean,Hingoli,Sengaon,36.19,34.57,36.86,389.1,2016,January
2016-01,Soybean,Nandurbar,Shahada,36.31,34.02,37.2,34.8,2016,January
2016-01,Soybean,Buldhana,Shegaon,33.53,31.41,35.66,177.8,2016,January
2016-01,Soybean,Dhule,Shirpur,32.44,21.03,34.01,8.6,2016,January
2016-01,Soybean,Pune,Shirur,32.15,32.15,32.15,0.6,2016,January
2016-01,Soybean,Ahmadnagar,Shrirampur,34.73,32.52,35.44,8.4,2016,January
2016-01,Soybean,Ahmadnagar,Shrirampur-Belapur,34.83,34.83,34.83,1.0,2016,January
2016-01,Soybean,Aurangabad,Sillod,34.95,34.0,35.9,38.0,2016,January
2016-01,Soybean,Aurangabad,Sillod-Bharadi,34.0,32.0,36.0,1.5,2016,January
2016-01,Soybean,Wardha,Sindi,33.65,30.68,35.59,69.9,2016,January
2016-01,Soybean,Wardha,Sindi (Selu),33.6,29.92,37.22,56.8,2016,January
2016-01,Soybean,Buldhana,Sindkhed Raja,36.23,35.0,37.21,29.3,2016,January
2016-01,Soybean,Nasik,Sinner,36.88,33.37,37.18,21.7,2016,January
2016-01,Soybean,Parbhani,Sonpeth,35.12,32.44,36.5,14.3,2016,January
2016-01,Soybean,Akola,Telhara,33.43,31.79,35.15,200.0,2016,January
2016-01,Soybean,Osmanabad,Tuljapur,36.88,36.81,36.9,0.7,2016,January
2016-01,Soybean,Latur,Udgir,37.44,37.26,37.44,2630.0,2016,January
2016-01,Soybean,Nagpur,Umared,34.83,33.0,37.12,833.6,2016,January
2016-01,Soybean,Osmanabad,Umarga,35.91,33.38,36.48,23.8,2016,January
2016-01,Soybean,Nanded,Umari,38.65,37.74,39.57,65.7,2016,January
2016-01,Soybean,Yewatmal,Umarkhed,34.73,33.47,35.73,161.0,2016,January
2016-01,Soybean,Yewatmal,Umarkhed-Danki,34.91,33.73,35.91,106.0,2016,January
2016-01,Soybean,Satara,Vaduj,35.39,34.56,36.22,16.5,2016,January
2016-01,Soybean,Aurangabad,Vaijapur,35.06,35.06,35.06,3.5,2016,January
2016-01,Soybean,Yewatmal,Vani,35.1,33.2,36.18,356.8,2016,January
2016-01,Soybean,Chandrapur,Varora,34.01,30.6,36.11,629.0,2016,January
2016-01,Soybean,Amaravathi,Varud-Rajura Bazar,33.62,31.38,34.93,11.1,2016,January
2016-01,Soybean,Wardha,Wardha,37.6,33.15,37.7,1288.4,2016,January
2016-01,Soybean,Osmanabad,Washi(Osmanabad),35.0,34.0,35.5,2.3,2016,January
2016-01,Soybean,Wasim,Washim,36.7,35.17,38.03,6471.4,2016,January
2016-01,Soybean,Yewatmal,Yeotmal,35.69,33.78,37.31,1552.9,2016,January
2016-01,Soybean,Yewatmal,Zarijamini,32.57,32.21,32.86,6.9,2016,January
2016-01,Sugarcane,Thane,Ulhasnagar,4.29,3.06,5.53,272.5,2016,January
2016-02,Bajra,Amaravathi,Achalpur,17.25,17.25,17.25,0.2,2016,February
2016-02,Bajra,Ahmadnagar,Ahmednagar,16.99,16.45,17.2,9.6,2016,February
2016-02,Bajra,Latur,Ahmedpur,13.78,12.78,13.78,7.4,2016,February
2016-02,Bajra,Solapur,Akluj,16.0,16.0,16.0,0.3,2016,February
2016-02,Bajra,Akola,Akola,15.8,15.75,16.0,1.1,2016,February
2016-02,Bajra,Ahmadnagar,Akole,15.75,14.33,18.33,3.9,2016,February
2016-02,Bajra,Jalgaon,Amalner,15.11,14.17,15.49,4.7,2016,February
2016-02,Bajra,Amaravathi,Amarawati,17.73,16.05,19.45,6.0,2016,February
2016-02,Bajra,Beed,Ambejogai,15.0,15.0,15.0,0.2,2016,February
2016-02,Bajra,Jalna,Ashti (Jalna),12.0,12.0,12.0,0.1,2016,February
2016-02,Bajra,Latur,Ausa,14.0,13.71,15.51,0.8,2016,February
2016-02,Bajra,Pune,Baramati,17.32,15.18,20.5,164.8,2016,February
2016-02,Bajra,Solapur,Barshi,15.78,15.78,15.78,1.9,2016,February
2016-02,Bajra,Beed,Beed,15.08,13.52,16.09,132.9,2016,February
2016-02,Bajra,Jalna,Bhokardan,13.0,12.79,13.71,7.9,2016,February
2016-02,Bajra,Jalna,Bhokardan-Pimpalgaon Renu,13.0,12.8,13.63,1.5,2016,February
2016-02,Bajra,Jalgaon,Chalisgaon,14.82,13.61,15.94,198.0,2016,February
2016-02,Bajra,Jalgaon,Chopda,15.23,14.83,15.25,8.0,2016,February
2016-02,Bajra,Nasik,Devala,15.1,13.8,15.96,37.0,2016,February
2016-02,Bajra,Dhule,Dhule,15.58,13.24,16.48,169.8,2016,February
2016-02,Bajra,Yewatmal,Digras,16.0,16.0,16.0,0.1,2016,February
2016-02,Bajra,Dhule,Dondaicha,14.31,13.3,17.25,41.1,2016,February
2016-02,Bajra,Dhule,Dondaicha-Sindkheda,13.24,12.7,13.62,20.2,2016,February
2016-02,Bajra,Pune,Dound,16.86,15.2,18.34,56.0,2016,February
2016-02,Bajra,Solapur,Dudhani,13.77,13.18,14.19,2.4,2016,February
2016-02,Bajra,Aurangabad,Gangapur,15.59,14.8,16.3,18.3,2016,February
2016-02,Bajra,Beed,Gevrai,14.98,13.98,16.53,209.2,2016,February
2016-02,Bajra,Pune,Indapur,16.32,14.98,17.82,0.7,2016,February
2016-02,Bajra,Pune,Indapur (Nimgaon Ketki),15.67,15.34,16.01,1.2,2016,February
2016-02,Bajra,Pune,Indapur-Bhigwan,16.25,14.13,20.4,19.3,2016,February
2016-02,Bajra,Jalgaon,Jalgaon,14.25,14.25,14.25,1.0,2016,February
2016-02,Bajra,Jalna,Jalna,14.98,13.86,17.82,299.1,2016,February
2016-02,Bajra,Jalna,Jalna-Badnapur,13.25,13.25,14.0,0.3,2016,February
2016-02,Bajra,Ahmadnagar,Jamkhed,15.02,14.25,15.78,7.6,2016,February
2016-02,Bajra,Beed,Kada,14.01,12.81,16.75,13.7,2016,February
2016-02,Bajra,Osmanabad,Kalamb (Os),13.8,13.28,14.19,9.5,2016,February
2016-02,Bajra,Nasik,Kalvan,15.07,14.12,15.96,14.8,2016,February
2016-02,Bajra,Thane,Kalyan,17.25,15.0,18.0,0.6,2016,February
2016-02,Bajra,Aurangabad,Kannad,15.56,14.68,16.38,18.0,2016,February
2016-02,Bajra,Beed,Kej,13.61,13.05,15.88,15.7,2016,February
2016-02,Bajra,Buldhana,Khamgaon,13.21,13.21,13.21,1.7,2016,February
2016-02,Bajra,Beed,Kille Dharur,18.74,16.96,20.17,22.8,2016,February
2016-02,Bajra,Kolhapur,Kolhapur-Laxmipuri,19.35,18.19,21.48,10.8,2016,February
2016-02,Bajra,Ahmadnagar,Kopargaon,16.29,15.23,16.81,12.1,2016,February
2016-02,Bajra,Nasik,Lasalgaon,16.02,13.26,19.87,30.9,2016,February
2016-02,Bajra,Nasik,Lasalgaon-Vinchur,16.36,16.36,16.36,1.0,2016,February
2016-02,Bajra,Aurangabad,Lasur Station,14.53,13.24,16.08,110.7,2016,February
2016-02,Bajra,Latur,Latur,15.07,14.37,17.29,209.3,2016,February
2016-02,Bajra,Osmanabad,Lohara,12.73,12.73,13.07,0.8,2016,February
2016-02,Bajra,Satara,Lonand,15.88,13.81,17.82,11.6,2016,February
2016-02,Bajra,Beed,Majalgaon,17.15,12.74,19.09,84.0,2016,February
2016-02,Bajra,Nasik,Malegaon,15.84,13.55,17.37,92.8,2016,February
2016-02,Bajra,Buldhana,Malkapur,12.5,12.0,14.75,1.0,2016,February
2016-02,Bajra,Solapur,Mangalwedha,16.8,16.8,16.8,0.1,2016,February
2016-02,Bajra,Nasik,Manmad,15.46,14.54,16.25,8.6,2016,February
2016-02,Bajra,Jalna,Mantha,14.5,14.5,14.5,0.6,2016,February
2016-02,Bajra,Osmanabad,Murum,15.01,15.01,15.01,4.1,2016,February
2016-02,Bajra,Nasik,Nampur,14.47,14.09,15.02,2.9,2016,February
2016-02,Bajra,Nasik,Nandgaon,17.15,15.22,18.82,16.0,2016,February
2016-02,Bajra,Buldhana,Nandura,13.64,12.08,13.64,3.3,2016,February
2016-02,Bajra,Nandurbar,Nandurbar,14.12,11.84,15.55,59.5,2016,February
2016-02,Bajra,Ahmadnagar,Newasa,16.0,16.0,16.0,0.2,2016,February
2016-02,Bajra,Pune,Nira-Saswad,17.83,15.75,20.15,38.8,2016,February
2016-02,Bajra,Jalgaon,Pachora,14.58,13.94,15.23,30.5,2016,February
2016-02,Bajra,Aurangabad,Paithan,14.39,13.1,15.9,36.8,2016,February
2016-02,Bajra,Beed,Parli-Vaijnath,14.6,14.04,14.9,12.7,2016,February
2016-02,Bajra,Jalgaon,Parola,13.88,13.26,14.89,7.2,2016,February
2016-02,Bajra,Jalna,Partur,13.31,12.75,13.38,1.2,2016,February
2016-02,Bajra,Ahmadnagar,Pathardi,13.26,12.63,14.33,13.8,2016,February
2016-02,Bajra,Parbhani,Pathari,14.5,13.51,15.5,3.2,2016,February
2016-02,Bajra,Satara,Phaltan,16.5,12.75,18.71,72.1,2016,February
2016-02,Bajra,Pune,Pune,20.44,18.79,21.11,174.2,2016,February
2016-02,Bajra,Pune,Pune-Pimpri,23.0,21.0,23.5,1.8,2016,February
2016-02,Bajra,Yewatmal,Pusad,15.6,14.84,15.9,2.4,2016,February
2016-02,Bajra,Ahmadnagar,Rahata,14.56,14.56,14.58,1.6,2016,February
2016-02,Bajra,Ahmadnagar,Rahuri-Vambori,15.07,15.06,15.08,1.5,2016,February
2016-02,Bajra,Jalgaon,Raver,16.26,16.26,16.26,0.5,2016,February
2016-02,Bajra,Parbhani,Sailu,16.11,16.11,16.11,0.2,2016,February
2016-02,Bajra,Dhule,Sakri,13.49,13.44,13.81,13.7,2016,February
2016-02,Bajra,Sangli,Sangali,17.36,14.18,18.39,184.3,2016,February
2016-02,Bajra,Ahmadnagar,Sangamner,15.5,14.5,16.09,46.1,2016,February
2016-02,Bajra,Nasik,Satana,15.91,14.34,17.66,43.6,2016,February
2016-02,Bajra,Nandurbar,Shahada,14.45,13.97,15.1,2.3,2016,February
2016-02,Bajra,Buldhana,Shegaon,13.83,13.83,13.83,0.3,2016,February
2016-02,Bajra,Ahmadnagar,Shevgaon,15.86,13.95,15.86,54.6,2016,February
2016-02,Bajra,Ahmadnagar,Shevgaon-Bodhegaon,15.46,13.74,15.46,71.5,2016,February
2016-02,Bajra,Dhule,Shirpur,14.39,12.93,15.43,74.2,2016,February
2016-02,Bajra,Pune,Shirur,14.73,13.91,15.04,7.8,2016,February
2016-02,Bajra,Ahmadnagar,Shrirampur,16.16,15.46,16.57,2.0,2016,February
2016-02,Bajra,Ahmadnagar,Shrirampur-Belapur,14.0,14.0,14.0,0.1,2016,February
2016-02,Bajra,Aurangabad,Sillod,13.0,12.5,13.5,3.6,2016,February
2016-02,Bajra,Aurangabad,Sillod-Bharadi,13.0,12.5,13.5,6.3,2016,February
2016-02,Bajra,Nasik,Sinner,15.8,14.34,18.08,57.3,2016,February
2016-02,Bajra,Parbhani,Sonpeth,14.48,14.48,14.48,2.3,2016,February
2016-02,Bajra,Nandurbar,Taloda,15.51,15.0,16.0,2.2,2016,February
2016-02,Bajra,Thane,Ulhasnagar,24.13,19.5,28.75,54.8,2016,February
2016-02,Bajra,Osmanabad,Umarga,12.28,12.28,12.8,1.8,2016,February
2016-02,Bajra,Satara,Vaduj,15.6,15.0,16.2,3.3,2016,February
2016-02,Bajra,Aurangabad,Vaijapur,16.53,15.49,17.39,30.8,2016,February
2016-02,Bajra,Nasik,Yeola,14.38,13.84,14.77,1.5,2016,February
2016-02,Cotton,Gadchiroli,Aheri,41.25,41.25,41.25,48.0,2016,February
2016-02,Cotton,Hingoli,Akhadabalapur,44.39,43.56,45.22,53.2,2016,February
2016-02,Cotton,Akola,Akot,46.5,45.91,47.09,4267.5,2016,February
2016-02,Cotton,Amaravathi,Amarawati,45.01,44.63,45.4,2219.7,2016,February
2016-02,Cotton,Wardha,Arvi,45.16,44.9,45.42,14799.9,2016,February
2016-02,Cotton,Wardha,Ashti (Wardha),44.87,44.76,44.97,1212.5,2016,February
2016-02,Cotton,Akola,Barshi Takli,43.35,41.8,45.25,267.0,2016,February
2016-02,Cotton,Nagpur,Bhiwapur,44.27,43.5,44.78,425.3,2016,February
2016-02,Cotton,Nanded,Bhokar,40.9,39.5,44.59,3611.4,2016,February
2016-02,Cotton,Jalna,Bhokardan,42.32,41.57,43.04,521.9,2016,February
2016-02,Cotton,Chandrapur,Chandrapur,43.6,41.73,44.69,477.5,2016,February
2016-02,Cotton,Chandrapur,Chimur,44.14,42.82,45.23,613.8,2016,February
2016-02,Cotton,Buldhana,Deulgaon Raja,43.27,41.18,45.91,2030.0,2016,February
2016-02,Cotton,Amaravathi,Dhamangaon-Rly,44.43,43.8,45.36,925.0,2016,February
2016-02,Cotton,Amaravathi,Dharni,45.5,45.0,46.0,14.5,2016,February
2016-02,Cotton,Yewatmal,Digras,43.25,43.25,43.25,17.5,2016,February
2016-02,Cotton,Aurangabad,Fulambri,47.95,46.41,49.01,632.5,2016,February
2016-02,Cotton,Parbhani,Gangakhed,43.86,41.0,44.83,1075.0,2016,February
2016-02,Cotton,Beed,Gevrai,42.79,40.11,43.96,4447.4,2016,February
2016-02,Cotton,Jalna,Ghansawangi,41.13,39.75,42.75,42.2,2016,February
2016-02,Cotton,Yewatmal,Ghatanji,44.34,42.65,45.83,4524.9,2016,February
2016-02,Cotton,Nanded,Hadgaon,44.76,43.42,45.84,443.1,2016,February
2016-02,Cotton,Nanded,Hadgaon-Tamsa,45.02,43.64,46.18,541.2,2016,February
2016-02,Cotton,Nanded,Himayatnagar,42.44,41.79,43.03,14.4,2016,February
2016-02,Cotton,Wardha,Hinganghat,42.71,40.88,46.37,27000.0,2016,February
2016-02,Cotton,Hingoli,Hingoli,45.56,44.43,45.56,590.5,2016,February
2016-02,Cotton,Jalna,Jafrabad,42.83,41.79,43.79,530.0,2016,February
2016-02,Cotton,Jalna,Jalna-Badnapur,43.0,42.11,43.25,33.8,2016,February
2016-02,Cotton,Jalgaon,Jamner,44.41,43.82,44.98,95.6,2016,February
2016-02,Cotton,Jalgaon,Jamner-Neri,44.37,43.78,44.89,48.8,2016,February
2016-02,Cotton,Parbhani,Jintur,44.07,41.77,45.38,5615.3,2016,February
2016-02,Cotton,Nagpur,Kalmeshwar,44.42,42.84,44.91,6060.8,2016,February
2016-02,Cotton,Nagpur,Katol,43.2,41.34,44.88,977.0,2016,February
2016-02,Cotton,Buldhana,Khamgaon,43.99,41.0,45.98,1499.1,2016,February
2016-02,Cotton,Aurangabad,Khultabad,42.0,40.5,43.5,122.1,2016,February
2016-02,Cotton,Beed,Kille Dharur,45.27,41.66,45.76,2915.2,2016,February
2016-02,Cotton,Nanded,Kinwat,40.59,39.89,41.29,302.2,2016,February
2016-02,Cotton,Yewatmal,Mahagaon,42.29,40.33,44.13,1750.5,2016,February
2016-02,Cotton,Nanded,Mahur,42.26,41.04,43.52,183.0,2016,February
2016-02,Cotton,Nagpur,Mandhal,41.86,41.7,42.5,11.3,2016,February
2016-02,Cotton,Jalna,Mantha,43.6,42.95,44.3,4441.0,2016,February
2016-02,Cotton,Yewatmal,Maregaon,43.68,42.7,44.81,3089.2,2016,February
2016-02,Cotton,Nagpur,Narkhed,43.62,43.08,44.31,848.7,2016,February
2016-02,Cotton,Parbhani,Parbhani,45.29,41.23,45.62,1570.0,2016,February
2016-02,Cotton,Nagpur,Parshiwani,44.31,44.03,44.56,869.5,2016,February
2016-02,Cotton,Jalna,Partur,44.98,42.0,45.0,385.2,2016,February
2016-02,Cotton,Ahmadnagar,Pathardi,41.0,40.0,43.0,20.0,2016,February
2016-02,Cotton,Chandrapur,Pombhurni,40.0,38.0,41.0,62.4,2016,February
2016-02,Cotton,Wardha,Pulgaon,44.96,42.7,46.21,6440.7,2016,February
2016-02,Cotton,Chandrapur,Rajura,44.08,42.42,44.64,1654.1,2016,February
2016-02,Cotton,Yewatmal,Ralegaon,44.92,43.46,45.84,8967.9,2016,February
2016-02,Cotton,Parbhani,Sailu,44.89,36.99,45.57,2512.5,2016,February
2016-02,Cotton,Wardha,Samudrapur,44.69,43.52,45.71,5607.8,2016,February
2016-02,Cotton,Nagpur,Savner,43.99,43.66,44.26,624.0,2016,February
2016-02,Cotton,Wardha,Sindi,44.33,42.68,45.35,781.8,2016,February
2016-02,Cotton,Wardha,Sindi (Selu),43.45,41.95,44.6,4804.8,2016,February
2016-02,Cotton,Parbhani,Sonpeth,43.66,39.33,44.67,792.9,2016,February
2016-02,Cotton,Aurangabad,Soygaon,44.33,43.67,45.0,74.4,2016,February
2016-02,Cotton,Akola,Telhara,43.67,42.47,44.8,1550.0,2016,February
2016-02,Cotton,Nagpur,Umared,44.6,44.0,45.16,347.9,2016,February
2016-02,Cotton,Yewatmal,Vani,44.24,42.88,44.93,4161.4,2016,February
2016-02,Cotton,Chandrapur,Varora,43.11,41.07,45.22,10686.7,2016,February
2016-02,Cotton,Amaravathi,Varud,43.61,41.93,44.53,2409.5,2016,February
2016-02,Cotton,Wardha,Wardha,45.14,42.4,45.14,3200.0,2016,February
2016-02,Cotton,Jalgaon,Yawal,42.49,40.82,43.89,498.3,2016,February
2016-02,Cotton,Yewatmal,Yeotmal,43.85,42.61,45.19,2009.5,2016,February
2016-02,Cotton,Yewatmal,Zarijamini,44.42,41.0,45.7,52.9,2016,February
2016-02,Jowar,Amaravathi,Achalpur,13.55,13.22,13.93,125.5,2016,February
2016-02,Jowar,Gadchiroli,Aheri,12.83,12.83,12.83,4.8,2016,February
2016-02,Jowar,Ahmadnagar,Ahmednagar,21.63,16.36,23.77,653.4,2016,February
2016-02,Jowar,Latur,Ahmedpur,18.26,16.4,18.26,95.3,2016,February
2016-02,Jowar,Hingoli,Akhadabalapur,15.13,15.0,15.25,12.1,2016,February
2016-02,Jowar,Nandurbar,Akkalkuwa,13.6,13.0,14.0,131.2,2016,February
2016-02,Jowar,Solapur,Akluj,16.01,16.01,16.01,0.7,2016,February
2016-02,Jowar,Akola,Akola,13.65,12.85,14.48,64.1,2016,February
2016-02,Jowar,Akola,Akot,13.56,13.18,13.94,160.5,2016,February
2016-02,Jowar,Jalgaon,Amalner,18.21,15.11,19.14,107.4,2016,February
2016-02,Jowar,Amaravathi,Amarawati,16.86,15.48,18.27,62.7,2016,February
2016-02,Jowar,Beed,Ambejogai,19.9,19.32,20.35,27.5,2016,February
2016-02,Jowar,Amaravathi,Anajngaon Surji,13.75,12.13,15.13,19.3,2016,February
2016-02,Jowar,Jalna,Ashti (Jalna),13.86,13.86,13.86,0.3,2016,February
2016-02,Jowar,Latur,Aurad Shahajani,15.88,15.7,16.05,1.7,2016,February
2016-02,Jowar,Latur,Ausa,18.03,16.0,19.35,41.7,2016,February
2016-02,Jowar,Akola,Balapur,15.38,11.5,15.5,13.2,2016,February
2016-02,Jowar,Pune,Baramati,18.35,15.62,21.9,572.2,2016,February
2016-02,Jowar,Solapur,Barshi,22.95,17.19,27.18,1654.2,2016,February
2016-02,Jowar,Solapur,Barshi-Vairag,19.54,16.8,23.44,115.0,2016,February
2016-02,Jowar,Hingoli,Basmat,11.97,11.95,12.0,0.4,2016,February
2016-02,Jowar,Beed,Beed,18.76,16.05,21.2,694.5,2016,February
2016-02,Jowar,Nanded,Bhokar,14.5,13.5,15.5,5.4,2016,February
2016-02,Jowar,Jalna,Bhokardan,12.91,12.5,13.31,32.3,2016,February
2016-02,Jowar,Jalna,Bhokardan-Pimpalgaon Renu,13.0,12.5,13.5,7.5,2016,February
2016-02,Jowar,Jalgaon,Bhusaval,12.8,12.55,13.12,18.1,2016,February
2016-02,Jowar,Buldhana,Buldhana,13.27,12.18,14.45,140.9,2016,February
2016-02,Jowar,Latur,Chakur,19.88,19.88,19.88,1.3,2016,February
2016-02,Jowar,Jalgaon,Chalisgaon,13.45,13.06,13.92,174.7,2016,February
2016-02,Jowar,Amaravathi,Chandur Bajar,13.13,12.08,14.08,41.6,2016,February
2016-02,Jowar,Buldhana,Chikhali,12.95,11.86,14.06,31.4,2016,February
2016-02,Jowar,Jalgaon,Chopda,16.72,14.94,17.8,607.0,2016,February
2016-02,Jowar,Amaravathi,Daryapur,8.0,8.0,8.0,0.6,2016,February
2016-02,Jowar,Nasik,Devala,14.81,14.49,14.81,0.6,2016,February
2016-02,Jowar,Nandurbar,Dhadgaon,12.39,12.04,12.77,126.3,2016,February
2016-02,Jowar,Amaravathi,Dharni,13.73,13.23,14.23,190.0,2016,February
2016-02,Jowar,Dhule,Dhule,14.54,13.82,15.26,245.3,2016,February
2016-02,Jowar,Yewatmal,Digras,15.85,15.85,15.85,4.1,2016,February
2016-02,Jowar,Dhule,Dondaicha,16.33,14.48,17.91,528.9,2016,February
2016-02,Jowar,Dhule,Dondaicha-Sindkheda,16.1,14.58,17.13,103.7,2016,February
2016-02,Jowar,Pune,Dound,19.66,16.21,22.1,634.2,2016,February
2016-02,Jowar,Solapur,Dudhani,26.22,24.34,27.23,60.9,2016,February
2016-02,Jowar,Aurangabad,Gangapur,15.84,14.49,17.61,163.4,2016,February
2016-02,Jowar,Beed,Gevrai,17.22,16.33,19.3,1408.8,2016,February
2016-02,Jowar,Nanded,Himayatnagar,13.8,12.5,15.1,3.3,2016,February
2016-02,Jowar,Hingoli,Hingoli,16.75,16.75,16.75,12.5,2016,February
2016-02,Jowar,Pune,Indapur,21.23,17.65,25.53,76.9,2016,February
2016-02,Jowar,Pune,Indapur (Nimgaon Ketki),17.65,15.04,18.59,1.7,2016,February
2016-02,Jowar,Pune,Indapur-Bhigwan,20.25,15.94,26.67,122.1,2016,February
2016-02,Jowar,Jalgaon,Jalgaon,16.77,15.64,21.35,613.2,2016,February
2016-02,Jowar,Buldhana,Jalgaon Jamod-Aasalgaon,11.75,11.17,12.33,6.6,2016,February
2016-02,Jowar,Latur,Jalkot,15.19,15.19,15.19,39.8,2016,February
2016-02,Jowar,Jalna,Jalna,17.64,13.14,26.19,4327.0,2016,February
2016-02,Jowar,Jalna,Jalna-Badnapur,15.23,14.88,15.23,1.5,2016,February
2016-02,Jowar,Ahmadnagar,Jamkhed,19.48,16.13,22.82,3774.9,2016,February
2016-02,Jowar,Hingoli,Jawala-Bajar,16.35,15.85,16.5,16.6,2016,February
2016-02,Jowar,Parbhani,Jintur,15.17,13.74,17.37,67.5,2016,February
2016-02,Jowar,Parbhani,Jintur-Bori,13.66,13.47,13.66,2.5,2016,February
2016-02,Jowar,Beed,Kada,19.67,16.0,24.5,574.4,2016,February
2016-02,Jowar,Beed,Kada (Ashti),21.0,16.0,27.25,44.2,2016,February
2016-02,Jowar,Osmanabad,Kalamb (Os),17.17,15.95,18.05,285.3,2016,February
2016-02,Jowar,Thane,Kalyan,21.5,18.5,23.5,1.2,2016,February
2016-02,Jowar,Aurangabad,Kannad,18.32,17.89,18.95,3.1,2016,February
2016-02,Jowar,Wasim,Karanja,14.07,13.93,14.95,19.0,2016,February
2016-02,Jowar,Ahmadnagar,Karjat (A- Nagar),22.87,18.0,27.75,82.9,2016,February
2016-02,Jowar,Solapur,Karmala,25.4,16.64,32.87,1609.0,2016,February
2016-02,Jowar,Nagpur,Katol,13.0,12.92,13.06,27.7,2016,February
2016-02,Jowar,Beed,Kej,18.98,17.59,19.84,67.6,2016,February
2016-02,Jowar,Buldhana,Khamgaon,13.56,12.68,14.05,130.8,2016,February
2016-02,Jowar,Beed,Kille Dharur,19.89,17.85,20.6,63.9,2016,February
2016-02,Jowar,Kolhapur,Kolhapur-Laxmipuri,30.0,17.08,35.21,657.0,2016,February
2016-02,Jowar,Ahmadnagar,Kopargaon,16.39,13.3,17.4,714.4,2016,February
2016-02,Jowar,Satara,Koregaon,18.04,16.36,20.36,4.9,2016,February
2016-02,Jowar,Nanded,Kundalwadi,17.02,17.02,17.02,0.4,2016,February
2016-02,Jowar,Solapur,Kurdwadi,18.36,13.42,23.3,46.5,2016,February
2016-02,Jowar,Solapur,Kurdwadi-Modnimb,17.06,12.89,22.99,57.6,2016,February
2016-02,Jowar,Nasik,Lasalgaon,15.44,12.16,16.58,200.4,2016,February
2016-02,Jowar,Nasik,Lasalgaon-Vinchur,15.35,13.66,15.92,71.7,2016,February
2016-02,Jowar,Aurangabad,Lasur Station,17.0,13.57,25.02,1769.7,2016,February
2016-02,Jowar,Latur,Latur,17.98,16.33,19.84,657.1,2016,February
2016-02,Jowar,Latur,Latur-Murud,16.11,14.77,16.97,60.8,2016,February
2016-02,Jowar,Nanded,Loha,14.01,13.39,14.88,29.6,2016,February
2016-02,Jowar,Osmanabad,Lohara,18.25,18.25,19.34,2.2,2016,February
2016-02,Jowar,Satara,Lonand,18.38,16.0,19.94,12.5,2016,February
2016-02,Jowar,Buldhana,Lonar,11.94,11.52,12.41,16.4,2016,February
2016-02,Jowar,Beed,Majalgaon,16.65,13.08,18.05,372.2,2016,February
2016-02,Jowar,Nasik,Malegaon,18.01,17.47,18.8,0.6,2016,February
2016-02,Jowar,Buldhana,Malkapur,13.24,12.81,13.68,301.3,2016,February
2016-02,Jowar,Solapur,Mangalwedha,19.85,16.22,23.64,133.0,2016,February
2016-02,Jowar,Wasim,Mangrulpeer,13.77,11.91,14.08,8.9,2016,February
2016-02,Jowar,Nasik,Manmad,15.21,14.44,16.09,10.0,2016,February
2016-02,Jowar,Jalna,Mantha,15.38,13.13,16.03,23.7,2016,February
2016-02,Jowar,Buldhana,Mehkar,12.1,11.14,13.16,27.6,2016,February
2016-02,Jowar,Solapur,Mohol,19.7,16.65,21.39,50.5,2016,February
2016-02,Jowar,Amaravathi,Morshi,13.83,13.5,14.75,43.9,2016,February
2016-02,Jowar,Osmanabad,Murum,20.63,20.63,20.63,0.9,2016,February
2016-02,Jowar,Nagpur,Nagpur,18.75,15.0,20.0,6.4,2016,February
2016-02,Jowar,Nanded,Naigaon,14.1,14.1,14.1,1.7,2016,February
2016-02,Jowar,Nanded,Nanded,12.99,12.83,12.99,17.9,2016,February
2016-02,Jowar,Nasik,Nandgaon,17.41,12.67,19.32,2.0,2016,February
2016-02,Jowar,Buldhana,Nandura,14.29,12.35,14.29,83.8,2016,February
2016-02,Jowar,Nandurbar,Nandurbar,16.44,14.12,18.92,1494.5,2016,February
2016-02,Jowar,Nandurbar,Navapur,18.48,18.19,18.69,5.9,2016,February
2016-02,Jowar,Ahmadnagar,Newasa,16.4,16.2,16.6,5.1,2016,February
2016-02,Jowar,Latur,Nilanga,13.5,12.58,14.55,6.7,2016,February
2016-02,Jowar,Pune,Nira-Saswad,18.95,15.94,22.4,50.3,2016,February
2016-02,Jowar,Osmanabad,Osmanabad,14.82,13.46,17.53,14.8,2016,February
2016-02,Jowar,Jalgaon,Pachora,14.46,13.57,15.35,383.6,2016,February
2016-02,Jowar,Aurangabad,Paithan,16.0,15.65,16.68,130.9,2016,February
2016-02,Jowar,Solapur,Pandharpur,18.57,17.87,18.85,42.4,2016,February
2016-02,Jowar,Osmanabad,Paranda,18.64,14.68,24.68,59.7,2016,February
2016-02,Jowar,Parbhani,Parbhani,15.98,15.9,16.5,4.0,2016,February
2016-02,Jowar,Beed,Parli-Vaijnath,16.75,16.37,16.95,153.8,2016,February
2016-02,Jowar,Jalgaon,Parola,13.12,12.82,13.84,45.3,2016,February
2016-02,Jowar,Jalna,Partur,16.04,15.75,16.32,82.8,2016,February
2016-02,Jowar,Ahmadnagar,Pathardi,16.51,15.86,17.56,302.7,2016,February
2016-02,Jowar,Akola,Patur,16.6,15.64,17.36,9.1,2016,February
2016-02,Jowar,Satara,Phaltan,19.3,15.7,24.26,144.0,2016,February
2016-02,Jowar,Pune,Pune,26.18,23.9,27.1,1313.5,2016,February
2016-02,Jowar,Pune,Pune-Pimpri,26.75,25.0,27.5,58.1,2016,February
2016-02,Jowar,Parbhani,Purna,13.68,13.17,15.19,7.8,2016,February
2016-02,Jowar,Yewatmal,Pusad,13.85,12.99,14.6,87.9,2016,February
2016-02,Jowar,Ahmadnagar,Rahata,14.24,13.31,15.36,98.8,2016,February
2016-02,Jowar,Ahmadnagar,Rahuri-Vambori,15.88,13.84,17.5,86.9,2016,February
2016-02,Jowar,Jalgaon,Raver,13.22,12.73,13.66,48.7,2016,February
2016-02,Jowar,Parbhani,Sailu,15.29,13.27,42.02,39.9,2016,February
2016-02,Jowar,Dhule,Sakri,10.91,10.91,11.19,1.2,2016,February
2016-02,Jowar,Sangli,Sangali,23.17,16.86,25.62,1089.9,2016,February
2016-02,Jowar,Ahmadnagar,Sangamner,18.63,17.6,19.06,37.5,2016,February
2016-02,Jowar,Buldhana,Sangrampur-Varvatbakal,13.25,11.4,14.2,7.1,2016,February
2016-02,Jowar,Nasik,Satana,17.0,17.0,17.0,0.3,2016,February
2016-02,Jowar,Nagpur,Savner,11.73,11.52,11.84,8.4,2016,February
2016-02,Jowar,Nandurbar,Shahada,16.68,14.17,18.89,532.5,2016,February
2016-02,Jowar,Buldhana,Shegaon,12.95,12.45,13.49,30.7,2016,February
2016-02,Jowar,Ahmadnagar,Shevgaon,19.26,15.9,19.33,602.8,2016,February
2016-02,Jowar,Ahmadnagar,Shevgaon-Bodhegaon,16.38,15.26,16.38,376.8,2016,February
2016-02,Jowar,Dhule,Shirpur,17.31,13.32,19.33,1918.0,2016,February
2016-02,Jowar,Pune,Shirur,15.83,14.4,16.91,85.2,2016,February
2016-02,Jowar,Ahmadnagar,Shrirampur,16.46,14.96,17.69,146.2,2016,February
2016-02,Jowar,Ahmadnagar,Shrirampur-Belapur,15.46,15.46,15.46,7.2,2016,February
2016-02,Jowar,Aurangabad,Sillod,12.5,12.0,13.0,5.0,2016,February
2016-02,Jowar,Aurangabad,Sillod-Bharadi,12.5,12.5,12.5,1.0,2016,February
2016-02,Jowar,Buldhana,Sindkhed Raja,14.8,13.7,15.9,11.9,2016,February
2016-02,Jowar,Nasik,Sinner,14.81,12.54,16.5,87.1,2016,February
2016-02,Jowar,Solapur,Solapur,19.18,18.03,20.85,38.7,2016,February
2016-02,Jowar,Parbhani,Sonpeth,16.86,15.78,17.62,26.6,2016,February
2016-02,Jowar,Nandurbar,Taloda,17.98,16.25,18.82,214.5,2016,February
2016-02,Jowar,Sangli,Tasgaon,17.13,16.74,17.54,201.5,2016,February
2016-02,Jowar,Akola,Telhara,12.7,12.29,13.09,64.0,2016,February
2016-02,Jowar,Osmanabad,Tuljapur,26.38,26.38,26.38,2.0,2016,February
2016-02,Jowar,Latur,Udgir,15.15,13.29,15.15,48.4,2016,February
2016-02,Jowar,Thane,Ulhasnagar,23.6,18.8,28.4,73.0,2016,February
2016-02,Jowar,Nagpur,Umared,13.0,13.0,13.0,0.3,2016,February
2016-02,Jowar,Osmanabad,Umarga,19.37,19.0,20.6,2.4,2016,February
2016-02,Jowar,Nanded,Umari,12.96,12.67,13.29,19.8,2016,February
2016-02,Jowar,Satara,Vaduj,22.0,21.0,23.0,280.0,2016,February
2016-02,Jowar,Aurangabad,Vaijapur,15.66,14.57,16.76,153.7,2016,February
2016-02,Jowar,Amaravathi,Varud,15.7,15.7,15.7,476.6,2016,February
2016-02,Jowar,Wardha,Wardha,12.88,12.88,12.88,0.8,2016,February
2016-02,Jowar,Wasim,Washim,11.83,10.94,13.13,24.1,2016,February
2016-02,Jowar,Jalgaon,Yawal,14.14,13.43,14.68,369.2,2016,February
2016-02,Jowar,Nasik,Yeola,15.79,15.79,15.82,9.2,2016,February
2016-02,Onion,Ahmadnagar,Ahmednagar,8.67,1.0,14.25,6786.3,2016,February
2016-02,Onion,Solapur,Akluj,17.38,6.75,17.38,92.8,2016,February
2016-02,Onion,Ahmadnagar,Akole,7.68,1.2,12.4,1692.9,2016,February
2016-02,Onion,Amaravathi,Amarawati,9.0,6.55,11.55,274.9,2016,February
2016-02,Onion,Amaravathi,Amarawati-Fruit And Vegetables,8.99,6.59,11.41,484.0,2016,February
2016-02,Onion,Aurangabad,Aurangabad,5.65,1.98,9.32,480.6,2016,February
2016-02,Onion,Pune,Baramati,8.07,1.93,11.19,246.9,2016,February
2016-02,Onion,Solapur,Barshi,7.08,0.6,9.64,394.0,2016,February
2016-02,Onion,Thane,Bhivandi,14.12,13.2,15.29,125.2,2016,February
2016-02,Onion,Chandrapur,Chandrapur,9.0,5.0,12.0,45.0,2016,February
2016-02,Onion,Chandrapur,Chandrapur-Ganjwad,8.59,5.64,11.68,681.0,2016,February
2016-02,Onion,Nasik,Chandvad,7.31,4.38,9.13,16282.0,2016,February
2016-02,Onion,Nasik,Devala,7.32,4.77,8.96,12557.1,2016,February
2016-02,Onion,Dhule,Dhule,7.08,2.81,9.0,9709.3,2016,February
2016-02,Onion,Nasik,Dindori-Vani,6.77,5.08,9.71,8711.9,2016,February
2016-02,Onion,Aurangabad,Gangapur,7.07,2.36,9.83,88.3,2016,February
2016-02,Onion,Pune,Indapur,6.13,1.5,10.83,29.2,2016,February
2016-02,Onion,Jalgaon,Jalgaon,6.68,3.37,9.12,667.5,2016,February
2016-02,Onion,Ahmadnagar,Jamkhed,7.03,1.06,13.0,496.2,2016,February
2016-02,Onion,Pune,Junnar,10.71,5.57,12.17,1585.5,2016,February
2016-02,Onion,Pune,Junnar (Alephata),10.95,6.7,13.06,11688.9,2016,February
2016-02,Onion,Pune,Junnar-Otur,10.25,7.4,11.05,1587.7,2016,February
2016-02,Onion,Nasik,Kalvan,7.11,2.79,9.44,8712.4,2016,February
2016-02,Onion,Thane,Kalyan,9.48,8.45,10.61,8.4,2016,February
2016-02,Onion,Nagpur,Kamthi,12.6,6.4,16.8,14.3,2016,February
2016-02,Onion,Satara,Karad,14.36,7.92,14.36,427.5,2016,February
2016-02,Onion,Pune,Khed-Chakan,8.69,5.38,12.44,13071.8,2016,February
2016-02,Onion,Kolhapur,Kolhapur,7.94,3.04,11.92,14601.2,2016,February
2016-02,Onion,Ahmadnagar,Kopargaon,8.56,3.83,10.75,2201.9,2016,February
2016-02,Onion,Satara,Koregaon,6.73,4.25,9.18,52.3,2016,February
2016-02,Onion,Solapur,Kurdwadi,5.0,0.97,9.0,97.4,2016,February
2016-02,Onion,Solapur,Kurdwadi-Modnimb,6.33,0.67,9.64,441.2,2016,February
2016-02,Onion,Nasik,Lasalgaon,7.95,4.83,10.41,38157.3,2016,February
2016-02,Onion,Nasik,Lasalgaon-Niphad,7.03,3.89,8.35,9649.2,2016,February
2016-02,Onion,Aurangabad,Lasur Station,6.31,1.88,10.15,649.2,2016,February
2016-02,Onion,Satara,Lonand,8.06,4.0,10.13,7647.9,2016,February
2016-02,Onion,Nasik,Malegaon,6.67,2.31,9.55,17615.0,2016,February
2016-02,Onion,Buldhana,Malkapur,6.65,4.75,7.94,312.8,2016,February
2016-02,Onion,Pune,Manchar,8.11,4.25,10.84,3163.2,2016,February
2016-02,Onion,Nasik,Manmad,7.16,4.06,9.23,21765.7,2016,February
2016-02,Onion,Mumbai,Mumbai,10.72,8.09,12.98,23525.0,2016,February
2016-02,Onion,Nagpur,Nagpur,9.72,7.39,14.27,10641.1,2016,February
2016-02,Onion,Nasik,Nampur,7.75,4.56,10.09,11881.4,2016,February
2016-02,Onion,Nasik,Nandgaon,7.15,3.23,9.86,18600.8,2016,February
2016-02,Onion,Buldhana,Nandura,7.94,5.13,7.94,95.5,2016,February
2016-02,Onion,Nasik,Nashik,7.05,1.87,10.65,5535.2,2016,February
2016-02,Onion,Nandurbar,Navapur,7.68,7.5,7.79,7.4,2016,February
2016-02,Onion,Ahmadnagar,Newasa-Ghodegaon,8.86,1.07,11.79,22107.4,2016,February
2016-02,Onion,Osmanabad,Osmanabad,9.35,6.57,12.16,33.5,2016,February
2016-02,Onion,Thane,Palghar(Bevur),11.02,10.71,11.41,71.7,2016,February
2016-02,Onion,Solapur,Pandharpur,7.91,0.71,13.9,263.9,2016,February
2016-02,Onion,Osmanabad,Paranda,4.35,0.9,8.22,303.2,2016,February
2016-02,Onion,Ahmadnagar,Parner,9.54,3.58,11.96,10217.8,2016,February
2016-02,Onion,Ahmadnagar,Pathardi,8.93,1.88,10.94,492.9,2016,February
2016-02,Onion,Satara,Phaltan,7.38,3.0,10.09,833.1,2016,February
2016-02,Onion,Nasik,Pimpalgaon (B)-Saykheda,6.28,3.19,8.04,13148.6,2016,February
2016-02,Onion,Nasik,Pimpalgaon Basawant,6.93,3.73,10.44,38051.7,2016,February
2016-02,Onion,Pune,Pune,9.02,4.61,11.07,42719.8,2016,February
2016-02,Onion,Pune,Pune-Pimpri,8.14,6.84,8.81,15.9,2016,February
2016-02,Onion,Ahmadnagar,Rahata,8.75,2.08,12.92,9703.4,2016,February
2016-02,Onion,Ahmadnagar,Rahuri,8.01,2.0,13.65,4674.0,2016,February
2016-02,Onion,Ahmadnagar,Rahuri-Vambori,6.0,1.54,10.54,4875.3,2016,February
2016-02,Onion,Nagpur,Ramtek,13.94,11.89,16.0,11.0,2016,February
2016-02,Onion,Ratnagiri,Ratanagari,16.0,15.0,20.0,4.5,2016,February
2016-02,Onion,Ahmadnagar,Sangamner,10.28,4.25,12.76,13391.3,2016,February
2016-02,Onion,Sangli,Sangli-Phale Bhajipalam,8.29,2.04,13.31,6888.8,2016,February
2016-02,Onion,Nasik,Satana,7.67,2.48,10.53,17170.4,2016,February
2016-02,Onion,Satara,Satara,8.25,5.5,11.0,755.3,2016,February
2016-02,Onion,Ahmadnagar,Shevgaon,7.68,5.08,7.68,1235.8,2016,February
2016-02,Onion,Dhule,Shirpur,6.85,1.51,8.89,269.1,2016,February
2016-02,Onion,Ahmadnagar,Shrirampur,8.61,1.78,12.08,4780.3,2016,February
2016-02,Onion,Nasik,Sinner,6.79,0.88,10.16,12263.0,2016,February
2016-02,Onion,Solapur,Solapur,5.08,0.96,14.43,40538.9,2016,February
2016-02,Onion,Thane,Ulhasnagar,11.58,8.5,14.67,242.3,2016,February
2016-02,Onion,Nasik,Umrane,7.63,5.2,10.26,28753.0,2016,February
2016-02,Onion,Aurangabad,Vaijapur,6.88,2.29,9.95,3717.8,2016,February
2016-02,Onion,Thane,Vasai,14.16,10.53,17.66,59.5,2016,February
2016-02,Onion,Jalgaon,Yawal,7.52,7.0,8.58,1541.0,2016,February
2016-02,Onion,Nasik,Yeola,7.2,3.44,9.42,35142.1,2016,February
2016-02,Rice,Gondiya,Aamgaon,15.58,15.26,15.91,688.3,2016,February
2016-02,Rice,Gadchiroli,Aheri,14.9,14.9,14.9,168.8,2016,February
2016-02,Rice,Latur,Ahmedpur,15.23,14.8,15.23,1.2,2016,February
2016-02,Rice,Ahmadnagar,Akole,16.69,14.75,19.75,45.2,2016,February
2016-02,Rice,Raigad,Alibag,26.535,24.7145,28.6444,144.5,2016,February
2016-02,Rice,Gondiya,Arjuni Morgaon,17.23,16.88,17.23,1032.2,2016,February
2016-02,Rice,Gadchiroli,Armori,15.94,15.5,16.21,936.4,2016,February
2016-02,Rice,Gadchiroli,Armori-Desaiganj,16.51,15.48,16.67,3007.2,2016,February
2016-02,Rice,Solapur,Barshi,16.01,15.59,16.19,20.2,2016,February
2016-02,Rice,Bhandara,Bhandara,26.65,25.98,27.46,61.2,2016,February
2016-02,Rice,Thane,Bhivandi,26.21,21.76,31.0,145.6,2016,February
2016-02,Rice,Nagpur,Bhiwapur,18.85,18.4,19.31,555.0,2016,February
2016-02,Rice,Nanded,Bhokar,16.0,16.0,16.0,0.1,2016,February
2016-02,Rice,Chandrapur,Brahmpuri,18.45,18.21,18.71,309.7,2016,February
2016-02,Rice,Gadchiroli,Chamorshi,19.74,19.24,20.32,4701.3,2016,February
2016-02,Rice,Chandrapur,Chimur,18.85,18.34,19.39,1215.4,2016,February
2016-02,Rice,Gadchiroli,Gadchiroli,16.59,16.12,16.85,1026.2,2016,February
2016-02,Rice,Gondiya,Gondiya,15.17,14.67,15.62,1938.0,2016,February
2016-02,Rice,Chandrapur,Gondpimpri,18.81,18.36,19.21,155.5,2016,February
2016-02,Rice,Gondiya,Goregaon,14.56,14.18,14.94,188.4,2016,February
2016-02,Rice,Pune,Indapur-Bhigwan,15.95,15.5,16.06,9.4,2016,February
2016-02,Rice,Thane,Kalyan,39.0,16.0,50.0,1.2,2016,February
2016-02,Rice,Raigad,Karjat (Raigad),19.345,15.3761,24.1642,654.8,2016,February
2016-02,Rice,Raigad,Khalapur(Shil-Phata),20.0625,15.6875,25.5,40.0,2016,February
2016-02,Rice,Kolhapur,Kolhapur-Laxmipuri,30.0251,20.2591,47.1616,695.0,2016,February
2016-02,Rice,Bhandara,Lakhandur,16.68,16.63,16.72,277.2,2016,February
2016-02,Rice,Bhandara,Lakhani,16.94,16.65,16.99,17.4,2016,February
2016-02,Rice,Nasik,Lasalgaon,16.46,16.46,17.01,0.2,2016,February
2016-02,Rice,Nagpur,Mandhal,18.16,17.7,18.67,58.8,2016,February
2016-02,Rice,Raigad,Mangaon(Bhadav),16.6239,14.7961,18.4804,79.0,2016,February
2016-02,Rice,Chandrapur,Mul,20.03,18.49,20.78,4582.1,2016,February
2016-02,Rice,Mumbai,Mumbai,55.62,41.96,68.76,53516.8,2016,February
2016-02,Rice,Thane,Murbad,15.43,14.5,16.5,184.5,2016,February
2016-02,Rice,Raigad,Murud,24.6158,22.2551,26.9835,239.8,2016,February
2016-02,Rice,Chandrapur,Nagbhid,18.52,16.41,18.52,3413.9,2016,February
2016-02,Rice,Nagpur,Nagpur,20.6422,19.0243,21.1789,3783.5,2016,February
2016-02,Rice,Nandurbar,Nandurbar,34.02,32.94,34.02,3.3,2016,February
2016-02,Rice,Nandurbar,Navapur,12.4247,12.2099,12.7176,42.4,2016,February
2016-02,Rice,Pune,Nira-Saswad,32.14,27.75,36.28,30.7,2016,February
2016-02,Rice,Thane,Palghar(Bevur),29.1,22.69,34.62,996.6,2016,February
2016-02,Rice,Bhandara,Pavani,18.16,17.87,18.42,182.5,2016,February
2016-02,Rice,Raigad,Pen,21.7371,20.2143,27.6429,8.4,2016,February
2016-02,Rice,Chandrapur,Pombhurni,20.0,19.5,21.0,605.4,2016,February
2016-02,Rice,Pune,Pune,52.06,43.61,56.58,3564.9,2016,February
2016-02,Rice,Pune,Pune-Pimpri,43.5,39.0,46.0,110.1,2016,February
2016-02,Rice,Nagpur,Ramtek,20.61,20.5,20.89,140.8,2016,February
2016-02,Rice,Raigad,Roha,14.15,14.1,14.2,788.8,2016,February
2016-02,Rice,Chandrapur,Savali,19.24,18.69,19.79,1330.1,2016,February
2016-02,Rice,Chandrapur,Sindevahi,17.25,17.23,18.19,492.5,2016,February
2016-02,Rice,Nasik,Sinner,14.25,13.21,15.01,0.2,2016,February
2016-02,Rice,Solapur,Solapur,33.99,22.18,50.73,1739.4,2016,February
2016-02,Rice,Gondiya,Tiroda,16.11,15.73,16.49,2494.2,2016,February
2016-02,Rice,Bhandara,Tumsar,16.0388,15.4295,16.602,4442.2,2016,February
2016-02,Rice,Thane,Ulhasnagar,44.67,31.5,57.93,457.9,2016,February
2016-02,Rice,Nagpur,Umared,32.63,21.25,35.13,507.3,2016,February
2016-02,Rice,Thane,Vasai,26.8785,18.1585,41.3421,589.0,2016,February
2016-02,Rice,Wasim,Washim,12.07,12.0,12.47,2.8,2016,February
2016-02,Soybean,Yewatmal,Aarni,34.0,30.67,36.74,115.0,2016,February
2016-02,Soybean,Amaravathi,Achalpur,35.35,34.32,36.35,1300.6,2016,February
2016-02,Soybean,Gadchiroli,Aheri,35.0,35.0,35.0,22.5,2016,February
2016-02,Soybean,Ahmadnagar,Ahmednagar,34.9,33.0,36.5,0.8,2016,February
2016-02,Soybean,Latur,Ahmedpur,37.17,36.83,37.17,250.5,2016,February
2016-02,Soybean,Hingoli,Akhadabalapur,34.88,34.0,35.76,58.8,2016,February
2016-02,Soybean,Akola,Akola,34.9,32.94,36.77,4508.0,2016,February
2016-02,Soybean,Ahmadnagar,Akole,33.75,30.0,36.0,33.5,2016,February
2016-02,Soybean,Akola,Akot,32.95,30.24,35.66,1007.7,2016,February
2016-02,Soybean,Jalgaon,Amalner,33.95,32.0,34.7,0.8,2016,February
2016-02,Soybean,Amaravathi,Amarawati,32.75,29.12,36.14,4038.5,2016,February
2016-02,Soybean,Beed,Ambejogai,37.06,36.13,37.65,943.0,2016,February
2016-02,Soybean,Amaravathi,Anajngaon Surji,33.19,30.29,35.48,135.7,2016,February
2016-02,Soybean,Wardha,Arvi,33.66,31.44,36.32,308.8,2016,February
2016-02,Soybean,Wardha,Ashti-Karanja,34.45,30.37,36.93,385.1,2016,February
2016-02,Soybean,Latur,Aurad Shahajani,37.0,36.5,37.5,19.0,2016,February
2016-02,Soybean,Latur,Ausa,37.13,34.29,37.49,113.0,2016,February
2016-02,Soybean,Yewatmal,Babhulgaon,35.01,32.42,37.24,1397.0,2016,February
2016-02,Soybean,Akola,Balapur,35.13,34.56,35.75,144.9,2016,February
2016-02,Soybean,Pune,Baramati,35.59,30.2,36.13,53.5,2016,February
2016-02,Soybean,Solapur,Barshi-Vairag,36.12,35.31,36.88,6.6,2016,February
2016-02,Soybean,Hingoli,Basmat,36.01,35.78,36.39,22.4,2016,February
2016-02,Soybean,Beed,Beed,36.3,35.17,36.7,38.9,2016,February
2016-02,Soybean,Bhandara,Bhandara,31.5,31.5,31.5,1.0,2016,February
2016-02,Soybean,Nagpur,Bhiwapur,34.06,33.25,35.2,39.0,2016,February
2016-02,Soybean,Nanded,Bhokar,35.07,34.15,35.84,107.4,2016,February
2016-02,Soybean,Jalna,Bhokardan,35.53,35.13,35.94,47.7,2016,February
2016-02,Soybean,Jalna,Bhokardan-Pimpalgaon Renu,35.63,35.13,36.13,22.7,2016,February
2016-02,Soybean,Yewatmal,Bori Arab,36.0,36.0,36.0,0.8,2016,February
2016-02,Soybean,Buldhana,Buldhana,35.49,34.73,36.32,398.0,2016,February
2016-02,Soybean,Buldhana,Buldhana-Dhad,34.98,34.18,35.8,1469.7,2016,February
2016-02,Soybean,Latur,Chakur,36.79,35.65,37.29,33.0,2016,February
2016-02,Soybean,Jalgaon,Chalisgaon,33.11,29.45,34.57,10.0,2016,February
2016-02,Soybean,Chandrapur,Chandrapur,34.19,33.13,35.04,162.4,2016,February
2016-02,Soybean,Amaravathi,Chandur Bajar,33.64,31.63,35.87,366.2,2016,February
2016-02,Soybean,Amaravathi,Chandur Rly.,35.3,32.87,36.35,332.7,2016,February
2016-02,Soybean,Buldhana,Chikhali,35.46,34.19,36.77,1718.6,2016,February
2016-02,Soybean,Chandrapur,Chimur,32.45,31.59,33.3,17.1,2016,February
2016-02,Soybean,Jalgaon,Chopda,32.71,30.36,33.0,7.2,2016,February
2016-02,Soybean,Amaravathi,Daryapur,32.98,30.12,34.54,193.9,2016,February
2016-02,Soybean,Latur,Devani,37.11,36.65,37.56,100.6,2016,February
2016-02,Soybean,Amaravathi,Dhamangaon-Rly,35.7,34.5,36.99,2036.0,2016,February
2016-02,Soybean,Amaravathi,Dharni,34.0,33.5,34.5,22.0,2016,February
2016-02,Soybean,Dhule,Dhule,34.08,30.92,34.33,6.0,2016,February
2016-02,Soybean,Yewatmal,Digras,36.52,35.75,37.0,261.5,2016,February
2016-02,Soybean,Parbhani,Gangakhed,36.11,35.04,37.16,98.5,2016,February
2016-02,Soybean,Beed,Gevrai,34.01,32.6,34.43,17.5,2016,February
2016-02,Soybean,Yewatmal,Ghatanji,36.01,34.8,37.02,20.5,2016,February
2016-02,Soybean,Chandrapur,Gondpimpri,33.13,32.69,33.63,127.5,2016,February
2016-02,Soybean,Nanded,Hadgaon,34.66,33.29,35.24,345.8,2016,February
2016-02,Soybean,Nanded,Hadgaon-Tamsa,34.44,33.38,35.13,151.2,2016,February
2016-02,Soybean,Nanded,Himayatnagar,33.05,32.05,33.76,9.2,2016,February
2016-02,Soybean,Wardha,Hinganghat,32.6,30.0,37.58,5836.4,2016,February
2016-02,Soybean,Nagpur,Hingna,31.5,31.5,31.5,0.1,2016,February
2016-02,Soybean,Hingoli,Hingoli,37.4,35.59,37.4,1525.9,2016,February
2016-02,Soybean,Pune,Indapur,34.0,34.0,34.0,0.4,2016,February
2016-02,Soybean,Pune,Indapur-Bhigwan,33.67,33.33,33.67,1.4,2016,February
2016-02,Soybean,Jalgaon,Jalgaon,36.0,36.0,36.0,0.6,2016,February
2016-02,Soybean,Buldhana,Jalgaon Jamod,32.0,30.0,34.0,5.0,2016,February
2016-02,Soybean,Buldhana,Jalgaon Jamod-Aasalgaon,33.0,31.29,34.14,203.1,2016,February
2016-02,Soybean,Latur,Jalkot,37.38,37.38,37.38,46.9,2016,February
2016-02,Soybean,Jalna,Jalna,35.89,31.43,36.56,425.4,2016,February
2016-02,Soybean,Ahmadnagar,Jamkhed,32.91,31.96,33.89,10.3,2016,February
2016-02,Soybean,Hingoli,Jawala-Bajar,36.54,36.0,36.69,49.3,2016,February
2016-02,Soybean,Parbhani,Jintur,35.55,33.55,36.58,236.5,2016,February
2016-02,Soybean,Parbhani,Jintur-Bori,31.18,30.49,31.51,4.2,2016,February
2016-02,Soybean,Beed,Kada,32.5,30.0,35.0,1.3,2016,February
2016-02,Soybean,Beed,Kada (Ashti),33.0,33.0,33.0,0.2,2016,February
2016-02,Soybean,Osmanabad,Kalamb (Os),37.3,35.54,37.69,277.4,2016,February
2016-02,Soybean,Yewatmal,Kalamb (Yawatmal),34.45,33.25,35.83,94.7,2016,February
2016-02,Soybean,Hingoli,Kalamnuri,36.95,36.38,37.16,74.4,2016,February
2016-02,Soybean,Nagpur,Kalmeshwar,34.08,33.02,34.52,24.7,2016,February
2016-02,Soybean,Nasik,Kalvan,36.78,34.4,37.4,39.1,2016,February
2016-02,Soybean,Wasim,Karanja,35.59,34.55,36.66,5010.0,2016,February
2016-02,Soybean,Nagpur,Katol,34.3,28.73,36.56,831.5,2016,February
2016-02,Soybean,Beed,Kej,35.6,32.08,36.71,32.0,2016,February
2016-02,Soybean,Buldhana,Khamgaon,35.22,31.55,37.01,6933.9,2016,February
2016-02,Soybean,Beed,Kille Dharur,36.8,32.78,37.16,85.7,2016,February
2016-02,Soybean,Nanded,Kinwat,34.67,33.67,35.67,77.2,2016,February
2016-02,Soybean,Ahmadnagar,Kopargaon,35.94,33.6,36.18,24.6,2016,February
2016-02,Soybean,Nasik,Lasalgaon,37.09,25.25,37.4,243.9,2016,February
2016-02,Soybean,Nasik,Lasalgaon-Niphad,37.52,33.47,37.77,60.9,2016,February
2016-02,Soybean,Nasik,Lasalgaon-Vinchur,36.58,24.46,37.63,99.8,2016,February
2016-02,Soybean,Aurangabad,Lasur Station,36.68,32.98,36.94,17.1,2016,February
2016-02,Soybean,Latur,Latur,37.66,34.57,38.31,5431.7,2016,February
2016-02,Soybean,Latur,Latur-Murud,36.29,33.2,37.25,50.3,2016,February
2016-02,Soybean,Osmanabad,Lohara,37.01,37.01,37.25,0.7,2016,February
2016-02,Soybean,Buldhana,Lonar,36.11,35.3,36.95,1044.5,2016,February
2016-02,Soybean,Beed,Majalgaon,35.39,30.51,36.67,105.3,2016,February
2016-02,Soybean,Wasim,Malegaon (Washim),37.0,36.0,37.5,120.0,2016,February
2016-02,Soybean,Buldhana,Malkapur,35.13,31.08,36.48,854.2,2016,February
2016-02,Soybean,Nagpur,Mandhal,33.35,33.07,33.85,12.3,2016,February
2016-02,Soybean,Wasim,Mangrulpeer,36.03,32.65,37.3,2676.1,2016,February
2016-02,Soybean,Wasim,Manora,36.5,35.42,37.7,1041.2,2016,February
2016-02,Soybean,Jalna,Mantha,35.64,34.57,36.14,11.6,2016,February
2016-02,Soybean,Buldhana,Mehkar,36.48,33.61,37.66,1385.9,2016,February
2016-02,Soybean,Amaravathi,Morshi,32.62,32.05,33.84,103.5,2016,February
2016-02,Soybean,Nanded,Mukhed,36.91,36.82,36.93,6.0,2016,February
2016-02,Soybean,Akola,Murtizapur,35.49,32.96,37.09,2620.0,2016,February
2016-02,Soybean,Osmanabad,Murum,37.06,37.01,37.12,5.4,2016,February
2016-02,Soybean,Nagpur,Nagpur,35.18,31.75,36.34,812.9,2016,February
2016-02,Soybean,Nanded,Naigaon,37.76,37.67,37.88,21.3,2016,February
2016-02,Soybean,Nasik,Nampur,35.25,35.25,35.25,0.1,2016,February
2016-02,Soybean,Nanded,Nanded,36.5,36.5,36.5,12.0,2016,February
2016-02,Soybean,Amaravathi,Nandgaon Khandeshwar,31.44,26.44,36.44,343.0,2016,February
2016-02,Soybean,Buldhana,Nandura,36.11,30.61,36.11,251.1,2016,February
2016-02,Soybean,Nandurbar,Nandurbar,35.94,34.54,36.46,44.9,2016,February
2016-02,Soybean,Nandurbar,Navapur,36.0,36.0,36.0,12.5,2016,February
2016-02,Soybean,Yewatmal,Ner Parasopant,35.59,34.4,36.7,529.0,2016,February
2016-02,Soybean,Latur,Nilanga,36.79,35.23,37.8,137.4,2016,February
2016-02,Soybean,Osmanabad,Osmanabad,36.58,36.0,37.16,2.5,2016,February
2016-02,Soybean,Jalgaon,Pachora,33.91,32.02,35.81,32.5,2016,February
2016-02,Soybean,Parbhani,Palam,36.01,36.01,36.01,2.8,2016,February
2016-02,Soybean,Yewatmal,Pandharkawada,34.13,33.63,34.38,14.3,2016,February
2016-02,Soybean,Parbhani,Parbhani,35.63,35.07,35.96,38.8,2016,February
2016-02,Soybean,Beed,Parli-Vaijnath,37.19,34.96,37.57,471.4,2016,February
2016-02,Soybean,Jalna,Partur,35.09,33.51,35.39,6.8,2016,February
2016-02,Soybean,Parbhani,Pathari,34.55,33.51,35.61,0.6,2016,February
2016-02,Soybean,Akola,Patur,35.49,34.06,36.75,79.5,2016,February
2016-02,Soybean,Chandrapur,Pombhurni,31.0,30.0,32.0,6.6,2016,February
2016-02,Soybean,Wardha,Pulgaon,34.85,33.45,35.38,107.6,2016,February
2016-02,Soybean,Parbhani,Purna,35.04,34.56,35.25,57.8,2016,February
2016-02,Soybean,Yewatmal,Pusad,36.58,33.25,37.46,397.5,2016,February
2016-02,Soybean,Ahmadnagar,Rahata,35.4,35.33,35.71,6.3,2016,February
2016-02,Soybean,Ahmadnagar,Rahuri-Vambori,32.27,31.58,32.97,3.2,2016,February
2016-02,Soybean,Chandrapur,Rajura,35.28,34.56,35.57,217.0,2016,February
2016-02,Soybean,Nagpur,Ramtek,31.01,31.01,31.01,0.3,2016,February
2016-02,Soybean,Wasim,Risod,35.84,34.53,37.11,3093.5,2016,February
2016-02,Soybean,Parbhani,Sailu,35.7,34.4,36.39,21.7,2016,February
2016-02,Soybean,Dhule,Sakri,33.0,33.0,33.0,0.4,2016,February
2016-02,Soybean,Wardha,Samudrapur,33.18,30.49,36.09,62.2,2016,February
2016-02,Soybean,Sangli,Sangali,36.17,32.38,37.26,973.8,2016,February
2016-02,Soybean,Ahmadnagar,Sangamner,35.24,34.27,36.26,13.6,2016,February
2016-02,Soybean,Buldhana,Sangrampur-Varvatbakal,30.25,24.92,32.98,14.4,2016,February
2016-02,Soybean,Nagpur,Savner,33.58,32.02,34.6,101.3,2016,February
2016-02,Soybean,Hingoli,Sengaon,35.96,34.83,36.95,404.6,2016,February
2016-02,Soybean,Nandurbar,Shahada,36.2,34.68,36.63,5.1,2016,February
2016-02,Soybean,Buldhana,Shegaon,33.44,31.09,35.81,113.0,2016,February
2016-02,Soybean,Dhule,Shirpur,31.99,25.51,34.11,6.7,2016,February
2016-02,Soybean,Pune,Shirur,30.5,30.5,30.5,1.0,2016,February
2016-02,Soybean,Ahmadnagar,Shrirampur,35.65,35.64,35.67,3.4,2016,February
2016-02,Soybean,Ahmadnagar,Shrirampur-Belapur,35.17,35.17,35.17,2.1,2016,February
2016-02,Soybean,Aurangabad,Sillod,34.88,33.88,35.88,34.1,2016,February
2016-02,Soybean,Wardha,Sindi,33.75,30.58,36.08,45.3,2016,February
2016-02,Soybean,Wardha,Sindi (Selu),33.67,32.17,35.98,94.1,2016,February
2016-02,Soybean,Buldhana,Sindkhed Raja,36.0,35.0,37.0,1.6,2016,February
2016-02,Soybean,Nasik,Sinner,37.14,32.95,37.38,13.0,2016,February
2016-02,Soybean,Parbhani,Sonpeth,35.58,33.6,36.66,10.6,2016,February
2016-02,Soybean,Akola,Telhara,33.68,32.29,35.28,245.0,2016,February
2016-02,Soybean,Osmanabad,Tuljapur,33.0,33.0,33.0,0.1,2016,February
2016-02,Soybean,Latur,Udgir,39.14,38.84,39.15,2612.0,2016,February
2016-02,Soybean,Nagpur,Umared,35.0,32.63,36.36,802.9,2016,February
2016-02,Soybean,Osmanabad,Umarga,36.29,35.15,36.71,9.0,2016,February
2016-02,Soybean,Nanded,Umari,36.49,36.0,36.8,52.4,2016,February
2016-02,Soybean,Yewatmal,Umarkhed,34.67,32.13,35.87,174.0,2016,February
2016-02,Soybean,Yewatmal,Umarkhed-Danki,34.55,32.0,35.73,177.0,2016,February
2016-02,Soybean,Satara,Vaduj,36.0,35.0,37.0,11.0,2016,February
2016-02,Soybean,Aurangabad,Vaijapur,35.43,35.43,35.43,2.0,2016,February
2016-02,Soybean,Yewatmal,Vani,35.08,33.62,35.96,352.3,2016,February
2016-02,Soybean,Chandrapur,Varora,33.43,31.0,35.93,702.5,2016,February
2016-02,Soybean,Amaravathi,Varud-Rajura Bazar,33.71,25.51,35.91,1.8,2016,February
2016-02,Soybean,Wardha,Wardha,37.53,33.34,37.53,1242.8,2016,February
2016-02,Soybean,Osmanabad,Washi(Osmanabad),34.73,34.33,35.67,3.7,2016,February
2016-02,Soybean,Wasim,Washim,36.12,34.93,38.24,5899.1,2016,February
2016-02,Soybean,Yewatmal,Yeotmal,35.99,34.02,37.48,2215.9,2016,February
2016-02,Soybean,Yewatmal,Zarijamini,33.77,33.5,33.9,4.8,2016,February
2016-02,Sugarcane,Thane,Ulhasnagar,4.05,3.0,5.1,137.7,2016,February
2016-03,Bajra,Ahmadnagar,Ahmednagar,18.0,15.5,20.5,1.6,2016,March
2016-03,Bajra,Latur,Ahmedpur,13.4,12.5,13.4,0.4,2016,March
2016-03,Bajra,Akola,Akola,17.75,16.5,19.0,1.0,2016,March
2016-03,Bajra,Ahmadnagar,Akole,16.0,14.33,18.67,36.9,2016,March
2016-03,Bajra,Jalgaon,Amalner,15.8,14.92,16.5,45.4,2016,March
2016-03,Bajra,Amaravathi,Amarawati,15.69,14.27,17.12,3.9,2016,March
2016-03,Bajra,Jalna,Ambad(Vadi Godri),16.01,15.11,18.17,116.2,2016,March
2016-03,Bajra,Latur,Ausa,12.76,12.76,12.76,0.1,2016,March
2016-03,Bajra,Pune,Baramati,18.08,16.59,21.29,91.6,2016,March
2016-03,Bajra,Solapur,Barshi,15.7,15.6,15.85,4.2,2016,March
2016-03,Bajra,Beed,Beed,15.58,14.44,17.06,95.8,2016,March
2016-03,Bajra,Jalna,Bhokardan,12.4,12.16,12.76,4.7,2016,March
2016-03,Bajra,Jalgaon,Bhusaval,15.0,15.0,15.0,0.5,2016,March
2016-03,Bajra,Jalgaon,Chalisgaon,15.97,13.58,16.97,172.4,2016,March
2016-03,Bajra,Buldhana,Chikhali,14.5,13.0,16.01,0.7,2016,March
2016-03,Bajra,Jalgaon,Chopda,16.2,15.82,16.23,27.2,2016,March
2016-03,Bajra,Nasik,Devala,16.06,14.32,17.07,22.6,2016,March
2016-03,Bajra,Dhule,Dhule,16.51,13.7,17.77,88.9,2016,March
2016-03,Bajra,Yewatmal,Digras,16.05,16.05,16.05,0.1,2016,March
2016-03,Bajra,Dhule,Dondaicha,14.69,13.82,15.4,14.9,2016,March
2016-03,Bajra,Dhule,Dondaicha-Sindkheda,13.65,13.27,14.2,10.6,2016,March
2016-03,Bajra,Pune,Dound,18.35,15.09,20.69,57.6,2016,March
2016-03,Bajra,Solapur,Dudhani,15.54,15.1,15.61,8.2,2016,March
2016-03,Bajra,Aurangabad,Gangapur,16.33,15.16,21.44,15.7,2016,March
2016-03,Bajra,Beed,Gevrai,16.04,15.2,17.34,209.6,2016,March
2016-03,Bajra,Pune,Indapur,16.97,16.63,16.97,0.7,2016,March
2016-03,Bajra,Pune,Indapur (Nimgaon Ketki),16.13,14.0,16.13,0.4,2016,March
2016-03,Bajra,Pune,Indapur-Bhigwan,17.19,14.75,20.94,21.1,2016,March
2016-03,Bajra,Jalgaon,Jalgaon,16.55,16.39,16.55,5.0,2016,March
2016-03,Bajra,Jalna,Jalna,16.04,15.15,18.15,249.7,2016,March
2016-03,Bajra,Jalna,Jalna-Badnapur,14.82,14.79,15.07,3.4,2016,March
2016-03,Bajra,Ahmadnagar,Jamkhed,14.83,14.08,15.58,4.3,2016,March
2016-03,Bajra,Beed,Kada,15.04,13.32,17.14,20.7,2016,March
2016-03,Bajra,Osmanabad,Kalamb (Os),14.58,13.45,15.03,4.9,2016,March
2016-03,Bajra,Nasik,Kalvan,15.77,13.77,16.52,25.2,2016,March
2016-03,Bajra,Thane,Kalyan,19.33,18.33,20.67,0.9,2016,March
2016-03,Bajra,Aurangabad,Kannad,15.89,14.74,16.71,12.2,2016,March
2016-03,Bajra,Beed,Kej,13.73,12.87,16.29,8.6,2016,March
2016-03,Bajra,Buldhana,Khamgaon,13.88,13.83,13.92,3.3,2016,March
2016-03,Bajra,Beed,Kille Dharur,19.62,18.16,20.43,28.4,2016,March
2016-03,Bajra,Kolhapur,Kolhapur-Laxmipuri,19.54,17.0,20.54,12.5,2016,March
2016-03,Bajra,Ahmadnagar,Kopargaon,15.66,14.71,16.57,10.0,2016,March
2016-03,Bajra,Nasik,Lasalgaon,17.15,13.15,20.15,46.1,2016,March
2016-03,Bajra,Aurangabad,Lasur Station,15.78,13.67,17.27,76.6,2016,March
2016-03,Bajra,Latur,Latur,17.06,15.73,19.07,200.5,2016,March
2016-03,Bajra,Satara,Lonand,16.38,14.5,18.28,6.6,2016,March
2016-03,Bajra,Beed,Majalgaon,15.07,12.46,16.97,84.2,2016,March
2016-03,Bajra,Nasik,Malegaon,17.49,14.96,19.03,47.7,2016,March
2016-03,Bajra,Nasik,Manmad,16.46,14.64,17.93,11.4,2016,March
2016-03,Bajra,Jalna,Mantha,16.0,16.0,16.0,0.4,2016,March
2016-03,Bajra,Osmanabad,Murum,16.29,16.02,16.56,1.6,2016,March
2016-03,Bajra,Nasik,Nampur,15.61,14.79,16.01,1.9,2016,March
2016-03,Bajra,Nasik,Nandgaon,16.42,15.78,17.03,10.8,2016,March
2016-03,Bajra,Buldhana,Nandura,14.16,13.09,14.16,2.4,2016,March
2016-03,Bajra,Nandurbar,Nandurbar,15.56,13.47,17.0,46.1,2016,March
2016-03,Bajra,Ahmadnagar,Newasa,16.5,16.5,16.5,1.7,2016,March
2016-03,Bajra,Pune,Nira-Saswad,18.05,15.5,20.8,50.2,2016,March
2016-03,Bajra,Aurangabad,Paithan,14.53,13.49,15.98,30.2,2016,March
2016-03,Bajra,Beed,Parli-Vaijnath,14.36,13.59,14.69,12.5,2016,March
2016-03,Bajra,Jalna,Partur,16.0,15.61,16.0,1.0,2016,March
2016-03,Bajra,Ahmadnagar,Pathardi,13.72,12.83,14.82,53.7,2016,March
2016-03,Bajra,Parbhani,Pathari,13.81,6.54,14.42,3.5,2016,March
2016-03,Bajra,Satara,Phaltan,17.83,12.75,22.34,50.5,2016,March
2016-03,Bajra,Pune,Pune,21.37,19.86,21.93,171.1,2016,March
2016-03,Bajra,Yewatmal,Pusad,15.75,15.32,16.17,0.9,2016,March
2016-03,Bajra,Ahmadnagar,Rahata,15.4,15.4,15.4,0.6,2016,March
2016-03,Bajra,Ahmadnagar,Rahuri-Vambori,14.66,14.5,14.82,1.6,2016,March
2016-03,Bajra,Jalgaon,Raver,15.45,15.18,15.45,2.3,2016,March
2016-03,Bajra,Dhule,Sakri,13.51,13.51,13.51,0.3,2016,March
2016-03,Bajra,Sangli,Sangali,17.36,14.98,18.5,207.4,2016,March
2016-03,Bajra,Ahmadnagar,Sangamner,16.65,14.4,17.9,69.8,2016,March
2016-03,Bajra,Nasik,Satana,16.92,14.63,18.39,30.3,2016,March
2016-03,Bajra,Nandurbar,Shahada,15.0,15.0,15.0,0.1,2016,March
2016-03,Bajra,Buldhana,Shegaon,12.7,12.7,12.7,1.2,2016,March
2016-03,Bajra,Ahmadnagar,Shevgaon,17.22,15.19,17.22,49.1,2016,March
2016-03,Bajra,Ahmadnagar,Shevgaon-Bodhegaon,16.43,14.14,16.43,60.6,2016,March
2016-03,Bajra,Dhule,Shirpur,15.09,13.61,15.75,44.4,2016,March
2016-03,Bajra,Pune,Shirur,15.43,14.16,15.76,9.1,2016,March
2016-03,Bajra,Ahmadnagar,Shrirampur,16.8,16.53,17.13,3.4,2016,March
2016-03,Bajra,Aurangabad,Sillod,13.0,12.5,13.5,1.5,2016,March
2016-03,Bajra,Aurangabad,Sillod-Bharadi,13.75,13.32,14.18,25.8,2016,March
2016-03,Bajra,Nasik,Sinner,16.11,14.79,17.64,42.1,2016,March
2016-03,Bajra,Parbhani,Sonpeth,15.18,14.99,15.28,1.2,2016,March
2016-03,Bajra,Thane,Ulhasnagar,24.42,19.67,29.54,86.0,2016,March
2016-03,Bajra,Osmanabad,Umarga,12.46,12.21,12.71,0.9,2016,March
2016-03,Bajra,Satara,Vaduj,18.11,17.44,18.78,10.2,2016,March
2016-03,Bajra,Aurangabad,Vaijapur,17.06,15.82,17.91,34.7,2016,March
2016-03,Bajra,Wasim,Washim,18.55,18.55,18.55,0.1,2016,March
2016-03,Bajra,Nasik,Yeola,15.6,14.84,17.69,7.2,2016,March
2016-03,Cotton,Gadchiroli,Aheri,41.5,41.5,41.5,37.0,2016,March
2016-03,Cotton,Hingoli,Akhadabalapur,44.0,43.0,45.0,17.9,2016,March
2016-03,Cotton,Akola,Akot,45.86,45.33,46.38,460.0,2016,March
2016-03,Cotton,Amaravathi,Amarawati,44.5,44.0,45.0,232.4,2016,March
2016-03,Cotton,Wardha,Arvi,45.42,45.18,45.73,9414.7,2016,March
2016-03,Cotton,Wardha,Ashti (Wardha),44.86,44.74,44.97,1257.5,2016,March
2016-03,Cotton,Akola,Barshi Takli,43.63,42.78,44.28,205.5,2016,March
2016-03,Cotton,Nagpur,Bhiwapur,42.48,41.71,43.58,582.3,2016,March
2016-03,Cotton,Nanded,Bhokar,40.38,37.39,44.32,2273.7,2016,March
2016-03,Cotton,Jalna,Bhokardan,42.22,41.47,43.22,256.3,2016,March
2016-03,Cotton,Chandrapur,Chimur,44.46,43.16,45.52,493.2,2016,March
2016-03,Cotton,Buldhana,Deulgaon Raja,42.93,40.61,45.01,1295.0,2016,March
2016-03,Cotton,Amaravathi,Dhamangaon-Rly,43.83,43.11,44.92,521.0,2016,March
2016-03,Cotton,Yewatmal,Digras,44.16,44.16,44.16,74.3,2016,March
2016-03,Cotton,Aurangabad,Fulambri,45.23,44.07,46.21,297.5,2016,March
2016-03,Cotton,Parbhani,Gangakhed,43.21,41.0,44.4,572.5,2016,March
2016-03,Cotton,Beed,Gevrai,41.69,39.88,42.88,1459.9,2016,March
2016-03,Cotton,Yewatmal,Ghatanji,44.28,42.33,80.58,4194.7,2016,March
2016-03,Cotton,Nanded,Hadgaon,44.75,42.75,45.75,172.7,2016,March
2016-03,Cotton,Nanded,Hadgaon-Tamsa,44.26,42.21,45.61,361.7,2016,March
2016-03,Cotton,Nanded,Himayatnagar,43.17,42.13,44.0,17.7,2016,March
2016-03,Cotton,Wardha,Hinganghat,42.85,41.0,47.2,18434.2,2016,March
2016-03,Cotton,Hingoli,Hingoli,44.99,44.52,44.99,45.5,2016,March
2016-03,Cotton,Jalgaon,Jamner,44.03,42.48,44.89,103.9,2016,March
2016-03,Cotton,Jalgaon,Jamner-Neri,43.93,42.48,44.76,55.8,2016,March
2016-03,Cotton,Parbhani,Jintur,43.98,42.17,44.92,3419.2,2016,March
2016-03,Cotton,Nagpur,Kalmeshwar,44.39,43.16,44.93,5063.7,2016,March
2016-03,Cotton,Nagpur,Katol,42.56,39.0,44.79,555.1,2016,March
2016-03,Cotton,Buldhana,Khamgaon,43.96,41.16,45.51,1081.3,2016,March
2016-03,Cotton,Aurangabad,Khultabad,42.5,41.0,44.0,49.4,2016,March
2016-03,Cotton,Beed,Kille Dharur,45.15,38.67,45.79,2871.5,2016,March
2016-03,Cotton,Nanded,Kinwat,39.5,39.0,40.0,131.0,2016,March
2016-03,Cotton,Yewatmal,Mahagaon,42.14,40.38,44.1,2402.2,2016,March
2016-03,Cotton,Nanded,Mahur,41.0,40.0,42.0,60.5,2016,March
2016-03,Cotton,Jalna,Mantha,45.08,44.37,45.76,1528.6,2016,March
2016-03,Cotton,Yewatmal,Maregaon,44.14,43.1,45.18,1197.6,2016,March
2016-03,Cotton,Nagpur,Narkhed,43.61,43.0,44.54,844.1,2016,March
2016-03,Cotton,Parbhani,Parbhani,44.88,42.7,45.1,1028.5,2016,March
2016-03,Cotton,Nagpur,Parshiwani,43.63,42.89,44.28,236.0,2016,March
2016-03,Cotton,Chandrapur,Pombhurni,40.0,38.0,41.0,59.2,2016,March
2016-03,Cotton,Wardha,Pulgaon,44.87,41.41,46.38,3812.3,2016,March
2016-03,Cotton,Chandrapur,Rajura,43.03,40.67,45.07,1331.6,2016,March
2016-03,Cotton,Yewatmal,Ralegaon,45.47,43.02,46.14,3830.3,2016,March
2016-03,Cotton,Parbhani,Sailu,45.11,35.98,45.65,1920.0,2016,March
2016-03,Cotton,Wardha,Samudrapur,42.87,40.2,45.26,2213.3,2016,March
2016-03,Cotton,Nagpur,Savner,43.62,43.43,43.78,630.0,2016,March
2016-03,Cotton,Wardha,Sindi,43.27,40.71,44.89,348.9,2016,March
2016-03,Cotton,Wardha,Sindi (Selu),41.47,38.3,44.52,3285.5,2016,March
2016-03,Cotton,Parbhani,Sonpeth,43.01,36.62,44.34,382.5,2016,March
2016-03,Cotton,Aurangabad,Soygaon,43.13,42.38,43.75,53.7,2016,March
2016-03,Cotton,Akola,Telhara,43.03,42.19,43.88,1080.0,2016,March
2016-03,Cotton,Nagpur,Umared,42.81,39.83,45.18,475.4,2016,March
2016-03,Cotton,Yewatmal,Vani,43.32,39.75,45.19,1813.7,2016,March
2016-03,Cotton,Chandrapur,Varora,43.39,41.14,45.66,5009.0,2016,March
2016-03,Cotton,Amaravathi,Varud,43.46,41.77,45.38,1621.4,2016,March
2016-03,Cotton,Wardha,Wardha,45.44,41.3,45.49,2873.8,2016,March
2016-03,Cotton,Jalgaon,Yawal,42.13,41.24,43.24,201.4,2016,March
2016-03,Cotton,Yewatmal,Yeotmal,43.87,42.09,45.5,1265.5,2016,March
2016-03,Jowar,Amaravathi,Achalpur,13.65,13.25,13.78,28.1,2016,March
2016-03,Jowar,Gadchiroli,Aheri,15.0,15.0,15.0,25.8,2016,March
2016-03,Jowar,Ahmadnagar,Ahmednagar,21.34,16.5,24.66,228.1,2016,March
2016-03,Jowar,Latur,Ahmedpur,16.13,14.98,16.26,34.4,2016,March
2016-03,Jowar,Hingoli,Akhadabalapur,14.88,14.75,15.0,11.9,2016,March
2016-03,Jowar,Nandurbar,Akkalkuwa,13.3,13.0,13.5,10.0,2016,March
2016-03,Jowar,Akola,Akola,13.84,12.94,14.59,66.5,2016,March
2016-03,Jowar,Akola,Akot,13.45,13.2,13.68,17.0,2016,March
2016-03,Jowar,Jalgaon,Amalner,18.58,15.81,21.34,1354.4,2016,March
2016-03,Jowar,Amaravathi,Amarawati,17.08,15.44,18.66,6.2,2016,March
2016-03,Jowar,Jalna,Ambad(Vadi Godri),16.04,13.16,21.96,409.9,2016,March
2016-03,Jowar,Beed,Ambejogai,18.65,18.51,18.92,18.6,2016,March
2016-03,Jowar,Amaravathi,Anajngaon Surji,13.47,12.28,14.67,14.0,2016,March
2016-03,Jowar,Latur,Ausa,17.11,14.72,18.43,77.5,2016,March
2016-03,Jowar,Akola,Balapur,15.5,11.88,16.0,13.5,2016,March
2016-03,Jowar,Pune,Baramati,18.88,16.38,25.87,427.3,2016,March
2016-03,Jowar,Solapur,Barshi,23.9,16.79,28.29,2244.1,2016,March
2016-03,Jowar,Solapur,Barshi-Vairag,21.24,18.72,25.63,340.9,2016,March
2016-03,Jowar,Hingoli,Basmat,14.1,14.1,14.1,0.1,2016,March
2016-03,Jowar,Beed,Beed,17.94,16.14,21.61,442.7,2016,March
2016-03,Jowar,Nanded,Bhokar,14.17,13.18,15.17,90.2,2016,March
2016-03,Jowar,Jalna,Bhokardan,12.63,12.25,13.04,20.3,2016,March
2016-03,Jowar,Jalna,Bhokardan-Pimpalgaon Renu,12.72,10.02,13.11,126.0,2016,March
2016-03,Jowar,Jalgaon,Bhusaval,14.09,13.77,14.34,21.1,2016,March
2016-03,Jowar,Buldhana,Buldhana,12.5,11.4,13.6,25.5,2016,March
2016-03,Jowar,Latur,Chakur,20.26,20.26,20.26,0.9,2016,March
2016-03,Jowar,Jalgaon,Chalisgaon,13.58,13.05,14.03,176.0,2016,March
2016-03,Jowar,Amaravathi,Chandur Bajar,13.92,12.8,14.72,7.7,2016,March
2016-03,Jowar,Buldhana,Chikhali,13.7,12.42,14.98,24.9,2016,March
2016-03,Jowar,Jalgaon,Chopda,17.19,15.35,18.01,331.5,2016,March
2016-03,Jowar,Amaravathi,Daryapur,13.07,13.03,13.1,1.7,2016,March
2016-03,Jowar,Buldhana,Deulgaon Raja,17.01,16.0,21.7,6.0,2016,March
2016-03,Jowar,Nasik,Devala,13.99,13.99,13.99,0.5,2016,March
2016-03,Jowar,Nandurbar,Dhadgaon,12.63,12.23,12.85,84.5,2016,March
2016-03,Jowar,Amaravathi,Dharni,13.25,12.75,13.75,48.0,2016,March
2016-03,Jowar,Dhule,Dhule,15.43,14.07,16.13,166.5,2016,March
2016-03,Jowar,Yewatmal,Digras,15.75,15.75,15.75,1.6,2016,March
2016-03,Jowar,Dhule,Dondaicha,16.41,14.29,19.27,811.2,2016,March
2016-03,Jowar,Dhule,Dondaicha-Sindkheda,19.37,15.4,22.48,506.4,2016,March
2016-03,Jowar,Pune,Dound,21.29,17.32,24.34,512.5,2016,March
2016-03,Jowar,Solapur,Dudhani,19.34,17.47,19.69,17.6,2016,March
2016-03,Jowar,Aurangabad,Gangapur,16.6,15.2,17.96,110.5,2016,March
2016-03,Jowar,Beed,Gevrai,18.66,17.08,22.84,1131.4,2016,March
2016-03,Jowar,Jalna,Ghansawangi,17.0,16.0,18.5,7.9,2016,March
2016-03,Jowar,Pune,Indapur,21.63,18.71,27.94,150.6,2016,March
2016-03,Jowar,Pune,Indapur (Nimgaon Ketki),19.61,17.21,22.75,0.4,2016,March
2016-03,Jowar,Pune,Indapur-Bhigwan,21.38,16.72,29.26,89.8,2016,March
2016-03,Jowar,Jalgaon,Jalgaon,18.12,16.41,19.97,710.2,2016,March
2016-03,Jowar,Buldhana,Jalgaon Jamod,13.0,12.0,14.0,0.4,2016,March
2016-03,Jowar,Buldhana,Jalgaon Jamod-Aasalgaon,11.63,11.0,12.25,4.1,2016,March
2016-03,Jowar,Latur,Jalkot,15.0,15.0,15.0,10.5,2016,March
2016-03,Jowar,Jalna,Jalna,17.33,13.05,25.92,5442.4,2016,March
2016-03,Jowar,Jalna,Jalna-Badnapur,15.81,15.48,16.53,7.4,2016,March
2016-03,Jowar,Ahmadnagar,Jamkhed,19.8,16.12,23.48,2073.0,2016,March
2016-03,Jowar,Parbhani,Jintur,16.76,12.89,18.6,187.8,2016,March
2016-03,Jowar,Parbhani,Jintur-Bori,15.63,14.54,16.24,5.7,2016,March
2016-03,Jowar,Beed,Kada,21.57,16.0,26.07,457.3,2016,March
2016-03,Jowar,Osmanabad,Kalamb (Os),17.09,15.3,18.25,303.9,2016,March
2016-03,Jowar,Thane,Kalyan,21.4,19.6,23.2,1.5,2016,March
2016-03,Jowar,Aurangabad,Kannad,15.96,14.27,17.44,6.3,2016,March
2016-03,Jowar,Wasim,Karanja,15.85,15.26,16.72,23.0,2016,March
2016-03,Jowar,Solapur,Karmala,24.53,16.47,32.6,471.0,2016,March
2016-03,Jowar,Nagpur,Katol,13.02,12.91,13.11,17.0,2016,March
2016-03,Jowar,Beed,Kej,18.83,17.0,20.63,51.3,2016,March
2016-03,Jowar,Buldhana,Khamgaon,13.77,12.64,14.51,244.8,2016,March
2016-03,Jowar,Beed,Kille Dharur,18.83,16.88,19.89,57.3,2016,March
2016-03,Jowar,Kolhapur,Kolhapur-Laxmipuri,30.92,17.31,36.27,661.0,2016,March
2016-03,Jowar,Ahmadnagar,Kopargaon,17.47,14.11,19.71,252.4,2016,March
2016-03,Jowar,Satara,Koregaon,18.67,16.0,21.0,4.4,2016,March
2016-03,Jowar,Solapur,Kurdwadi,19.02,13.52,25.16,56.3,2016,March
2016-03,Jowar,Solapur,Kurdwadi-Modnimb,16.17,13.17,25.55,48.9,2016,March
2016-03,Jowar,Nasik,Lasalgaon,15.96,11.74,17.02,83.5,2016,March
2016-03,Jowar,Nasik,Lasalgaon-Vinchur,15.3,14.5,15.8,21.3,2016,March
2016-03,Jowar,Aurangabad,Lasur Station,17.77,14.36,23.56,813.5,2016,March
2016-03,Jowar,Latur,Latur,17.05,15.68,19.39,649.6,2016,March
2016-03,Jowar,Latur,Latur-Murud,15.5,13.93,16.22,44.2,2016,March
2016-03,Jowar,Osmanabad,Lohara,19.55,19.5,20.0,0.5,2016,March
2016-03,Jowar,Satara,Lonand,19.75,16.48,24.25,19.7,2016,March
2016-03,Jowar,Buldhana,Lonar,12.91,12.28,13.54,55.2,2016,March
2016-03,Jowar,Beed,Majalgaon,17.48,13.61,19.17,369.3,2016,March
2016-03,Jowar,Buldhana,Malkapur,13.36,12.78,13.75,244.8,2016,March
2016-03,Jowar,Solapur,Mangalwedha,20.76,16.09,24.4,115.1,2016,March
2016-03,Jowar,Wasim,Mangrulpeer,13.84,11.48,13.84,3.4,2016,March
2016-03,Jowar,Nasik,Manmad,15.51,14.35,17.12,1.5,2016,March
2016-03,Jowar,Jalna,Mantha,17.0,15.6,18.8,29.4,2016,March
2016-03,Jowar,Buldhana,Mehkar,11.96,11.07,12.45,18.6,2016,March
2016-03,Jowar,Solapur,Mohol,20.29,16.5,23.42,25.6,2016,March
2016-03,Jowar,Amaravathi,Morshi,13.37,13.06,14.18,49.7,2016,March
2016-03,Jowar,Osmanabad,Murum,22.42,21.55,23.29,6.4,2016,March
2016-03,Jowar,Nagpur,Nagpur,18.75,15.0,20.0,0.3,2016,March
2016-03,Jowar,Nasik,Nampur,14.0,14.0,14.0,0.2,2016,March
2016-03,Jowar,Nanded,Nanded,13.35,13.32,13.52,20.3,2016,March
2016-03,Jowar,Nasik,Nandgaon,18.34,18.34,18.34,0.3,2016,March
2016-03,Jowar,Buldhana,Nandura,13.82,12.3,13.82,61.9,2016,March
2016-03,Jowar,Nandurbar,Nandurbar,17.34,13.95,19.4,1434.7,2016,March
2016-03,Jowar,Nandurbar,Navapur,16.18,16.1,16.3,10.1,2016,March
2016-03,Jowar,Ahmadnagar,Newasa,16.86,16.75,16.96,3.3,2016,March
2016-03,Jowar,Latur,Nilanga,12.9,12.3,13.52,8.6,2016,March
2016-03,Jowar,Pune,Nira-Saswad,20.82,16.0,25.64,88.8,2016,March
2016-03,Jowar,Osmanabad,Osmanabad,19.16,14.07,25.11,55.6,2016,March
2016-03,Jowar,Aurangabad,Paithan,16.6,16.1,18.48,102.9,2016,March
2016-03,Jowar,Solapur,Pandharpur,19.53,19.05,19.99,34.6,2016,March
2016-03,Jowar,Osmanabad,Paranda,21.35,17.2,25.8,29.5,2016,March
2016-03,Jowar,Parbhani,Parbhani,16.53,15.94,17.22,44.0,2016,March
2016-03,Jowar,Beed,Parli-Vaijnath,16.07,15.65,16.53,141.0,2016,March
2016-03,Jowar,Jalna,Partur,16.46,16.11,17.16,157.8,2016,March
2016-03,Jowar,Ahmadnagar,Pathardi,17.06,15.69,18.83,168.7,2016,March
2016-03,Jowar,Parbhani,Pathari,17.34,14.35,18.1,216.9,2016,March
2016-03,Jowar,Akola,Patur,16.17,15.17,16.92,5.2,2016,March
2016-03,Jowar,Satara,Phaltan,20.33,15.7,26.67,130.7,2016,March
2016-03,Jowar,Pune,Pune,27.69,25.61,28.44,1339.1,2016,March
2016-03,Jowar,Parbhani,Purna,15.29,13.3,17.23,6.0,2016,March
2016-03,Jowar,Yewatmal,Pusad,13.69,13.07,14.54,98.3,2016,March
2016-03,Jowar,Ahmadnagar,Rahata,14.76,14.05,15.38,33.7,2016,March
2016-03,Jowar,Ahmadnagar,Rahuri-Vambori,16.56,14.18,18.46,43.3,2016,March
2016-03,Jowar,Jalgaon,Raver,13.42,12.77,13.77,30.5,2016,March
2016-03,Jowar,Parbhani,Sailu,16.0,14.11,16.64,28.3,2016,March
2016-03,Jowar,Sangli,Sangali,23.56,17.06,26.67,1366.3,2016,March
2016-03,Jowar,Ahmadnagar,Sangamner,17.79,16.86,18.5,38.5,2016,March
2016-03,Jowar,Buldhana,Sangrampur-Varvatbakal,13.14,12.0,14.54,4.8,2016,March
2016-03,Jowar,Nagpur,Savner,12.18,11.66,12.49,14.0,2016,March
2016-03,Jowar,Nandurbar,Shahada,18.04,16.57,19.87,26.2,2016,March
2016-03,Jowar,Buldhana,Shegaon,13.55,12.99,14.16,24.3,2016,March
2016-03,Jowar,Ahmadnagar,Shevgaon,20.48,16.55,20.48,377.7,2016,March
2016-03,Jowar,Ahmadnagar,Shevgaon-Bodhegaon,18.72,15.88,18.84,312.0,2016,March
2016-03,Jowar,Dhule,Shirpur,17.32,13.55,19.52,1126.3,2016,March
2016-03,Jowar,Pune,Shirur,16.41,14.84,17.37,45.2,2016,March
2016-03,Jowar,Ahmadnagar,Shrirampur,17.11,15.24,18.35,132.4,2016,March
2016-03,Jowar,Ahmadnagar,Shrirampur-Belapur,13.75,13.75,13.75,0.7,2016,March
2016-03,Jowar,Aurangabad,Sillod-Bharadi,12.6,12.2,13.0,0.1,2016,March
2016-03,Jowar,Buldhana,Sindkhed Raja,14.73,12.91,16.45,35.9,2016,March
2016-03,Jowar,Nasik,Sinner,15.29,13.76,16.93,29.9,2016,March
2016-03,Jowar,Solapur,Solapur,20.76,18.39,23.27,61.7,2016,March
2016-03,Jowar,Parbhani,Sonpeth,17.66,16.43,18.89,53.7,2016,March
2016-03,Jowar,Nandurbar,Taloda,17.63,15.53,19.49,135.9,2016,March
2016-03,Jowar,Sangli,Tasgaon,17.69,17.25,18.13,101.0,2016,March
2016-03,Jowar,Akola,Telhara,12.39,12.07,12.71,52.0,2016,March
2016-03,Jowar,Osmanabad,Tuljapur,18.39,18.39,18.39,1.3,2016,March
2016-03,Jowar,Latur,Udgir,14.61,12.83,14.62,20.5,2016,March
2016-03,Jowar,Thane,Ulhasnagar,24.27,19.63,29.64,93.7,2016,March
2016-03,Jowar,Nagpur,Umared,18.33,17.33,19.0,1.0,2016,March
2016-03,Jowar,Osmanabad,Umarga,16.13,16.0,16.18,3.4,2016,March
2016-03,Jowar,Nanded,Umari,13.12,12.86,13.38,24.2,2016,March
2016-03,Jowar,Satara,Vaduj,23.0,21.78,24.33,565.0,2016,March
2016-03,Jowar,Satara,Vai,8.7,8.0,9.0,3.0,2016,March
2016-03,Jowar,Aurangabad,Vaijapur,17.48,15.87,18.85,121.7,2016,March
2016-03,Jowar,Amaravathi,Varud-Rajura Bazar,14.7,14.7,14.7,0.8,2016,March
2016-03,Jowar,Wasim,Washim,12.17,11.27,17.94,20.4,2016,March
2016-03,Jowar,Jalgaon,Yawal,13.61,12.96,14.38,162.7,2016,March
2016-03,Jowar,Nasik,Yeola,16.25,16.07,16.49,12.1,2016,March
2016-03,Onion,Ahmadnagar,Ahmednagar,7.0,1.0,10.0,2638.9,2016,March
2016-03,Onion,Solapur,Akluj,13.0,5.93,13.0,95.9,2016,March
2016-03,Onion,Ahmadnagar,Akole,7.12,1.28,9.74,4087.4,2016,March
2016-03,Onion,Amaravathi,Amarawati,6.58,4.39,8.78,610.6,2016,March
2016-03,Onion,Amaravathi,Amarawati-Fruit And Vegetables,6.25,3.67,8.83,150.0,2016,March
2016-03,Onion,Aurangabad,Aurangabad,4.68,1.7,7.66,597.3,2016,March
2016-03,Onion,Pune,Baramati,6.25,1.75,8.18,295.1,2016,March
2016-03,Onion,Solapur,Barshi,6.07,1.0,7.47,258.9,2016,March
2016-03,Onion,Thane,Bhivandi,11.27,10.06,12.56,106.3,2016,March
2016-03,Onion,Chandrapur,Chandrapur-Ganjwad,8.17,5.67,10.79,1023.4,2016,March
2016-03,Onion,Nasik,Chandvad,6.71,3.33,8.61,11999.7,2016,March
2016-03,Onion,Nasik,Devala,7.14,4.62,8.29,6104.4,2016,March
2016-03,Onion,Dhule,Dhule,5.88,2.74,7.64,16098.1,2016,March
2016-03,Onion,Nasik,Dindori-Vani,6.75,5.14,8.6,4659.2,2016,March
2016-03,Onion,Aurangabad,Gangapur,5.83,2.5,7.94,119.6,2016,March
2016-03,Onion,Pune,Indapur,3.63,1.26,6.2,52.5,2016,March
2016-03,Onion,Jalgaon,Jalgaon,5.58,3.42,8.25,602.5,2016,March
2016-03,Onion,Ahmadnagar,Jamkhed,5.31,1.0,9.61,543.6,2016,March
2016-03,Onion,Pune,Junnar,9.61,5.44,10.26,1658.0,2016,March
2016-03,Onion,Pune,Junnar (Alephata),9.12,5.38,9.87,8910.8,2016,March
2016-03,Onion,Pune,Junnar-Otur,8.75,5.83,10.5,2028.0,2016,March
2016-03,Onion,Nasik,Kalvan,6.82,3.7,8.15,5510.9,2016,March
2016-03,Onion,Thane,Kalyan,8.06,7.21,8.74,10.2,2016,March
2016-03,Onion,Nagpur,Kamthi,12.24,6.11,16.53,16.4,2016,March
2016-03,Onion,Satara,Karad,10.04,5.26,10.04,594.9,2016,March
2016-03,Onion,Pune,Khed-Chakan,6.72,4.83,8.82,11548.5,2016,March
2016-03,Onion,Kolhapur,Kolhapur,7.04,3.0,9.88,17139.7,2016,March
2016-03,Onion,Ahmadnagar,Kopargaon,7.26,3.28,8.91,1371.4,2016,March
2016-03,Onion,Satara,Koregaon,4.5,2.33,6.67,42.4,2016,March
2016-03,Onion,Solapur,Kurdwadi,4.08,1.2,6.89,107.4,2016,March
2016-03,Onion,Solapur,Kurdwadi-Modnimb,4.17,1.17,7.42,183.8,2016,March
2016-03,Onion,Nasik,Lasalgaon,7.29,4.36,8.34,21652.2,2016,March
2016-03,Onion,Nasik,Lasalgaon-Niphad,6.41,3.91,7.36,6598.8,2016,March
2016-03,Onion,Aurangabad,Lasur Station,5.44,1.75,8.56,342.7,2016,March
2016-03,Onion,Satara,Lonand,6.78,3.13,8.15,8012.4,2016,March
2016-03,Onion,Nasik,Malegaon,6.74,2.19,8.18,7298.5,2016,March
2016-03,Onion,Buldhana,Malkapur,6.53,4.59,7.42,363.6,2016,March
2016-03,Onion,Pune,Manchar,7.38,5.13,8.93,2539.1,2016,March
2016-03,Onion,Nasik,Manmad,6.74,3.82,7.96,11870.2,2016,March
2016-03,Onion,Mumbai,Mumbai,8.75,7.04,10.21,27713.2,2016,March
2016-03,Onion,Nagpur,Nagpur,8.54,5.56,9.54,13402.1,2016,March
2016-03,Onion,Nasik,Nampur,6.32,3.83,8.02,7336.4,2016,March
2016-03,Onion,Nasik,Nandgaon,6.8,3.08,8.16,5448.7,2016,March
2016-03,Onion,Buldhana,Nandura,7.15,4.75,7.15,114.0,2016,March
2016-03,Onion,Nasik,Nashik,5.71,1.53,8.91,4672.2,2016,March
2016-03,Onion,Nandurbar,Navapur,7.24,7.17,7.5,8.0,2016,March
2016-03,Onion,Ahmadnagar,Newasa-Ghodegaon,7.21,1.93,9.14,13923.6,2016,March
2016-03,Onion,Osmanabad,Osmanabad,8.5,6.0,11.0,1.0,2016,March
2016-03,Onion,Thane,Palghar(Bevur),9.34,9.07,9.59,87.5,2016,March
2016-03,Onion,Solapur,Pandharpur,6.16,0.99,9.57,350.8,2016,March
2016-03,Onion,Osmanabad,Paranda,5.83,0.8,9.35,346.4,2016,March
2016-03,Onion,Ahmadnagar,Parner,7.23,3.08,9.15,12075.2,2016,March
2016-03,Onion,Ahmadnagar,Pathardi,7.33,1.73,9.38,440.3,2016,March
2016-03,Onion,Satara,Phaltan,5.88,3.0,8.05,1039.6,2016,March
2016-03,Onion,Nasik,Pimpalgaon (B)-Saykheda,6.04,2.7,7.51,10209.9,2016,March
2016-03,Onion,Nasik,Pimpalgaon Basawant,6.56,3.53,8.57,30176.6,2016,March
2016-03,Onion,Pune,Pune,7.0,4.3,8.57,47275.9,2016,March
2016-03,Onion,Pune,Pune-Manjri,8.63,6.5,10.0,4.8,2016,March
2016-03,Onion,Pune,Pune-Pimpri,6.74,5.89,7.21,24.2,2016,March
2016-03,Onion,Ahmadnagar,Rahata,6.31,1.54,9.19,4602.0,2016,March
2016-03,Onion,Ahmadnagar,Rahuri,5.19,1.0,9.19,5452.8,2016,March
2016-03,Onion,Ahmadnagar,Rahuri-Vambori,5.0,2.0,9.0,2410.8,2016,March
2016-03,Onion,Nagpur,Ramtek,14.21,11.41,17.07,13.9,2016,March
2016-03,Onion,Ahmadnagar,Sangamner,7.49,3.08,9.91,17184.8,2016,March
2016-03,Onion,Sangli,Sangli-Phale Bhajipalam,6.72,2.44,9.51,6994.3,2016,March
2016-03,Onion,Nasik,Satana,6.5,2.68,8.13,7824.2,2016,March
2016-03,Onion,Satara,Satara,6.33,4.0,8.67,805.0,2016,March
2016-03,Onion,Ahmadnagar,Shevgaon,6.95,5.03,6.95,1469.9,2016,March
2016-03,Onion,Dhule,Shirpur,5.49,1.71,7.19,188.1,2016,March
2016-03,Onion,Ahmadnagar,Shrirampur,6.28,1.61,9.61,4504.4,2016,March
2016-03,Onion,Nasik,Sinner,6.44,0.91,8.63,8361.5,2016,March
2016-03,Onion,Solapur,Solapur,4.79,0.92,9.66,39759.6,2016,March
2016-03,Onion,Thane,Ulhasnagar,11.84,9.44,14.44,351.8,2016,March
2016-03,Onion,Nasik,Umrane,6.19,3.59,7.48,11505.1,2016,March
2016-03,Onion,Aurangabad,Vaijapur,6.39,2.22,8.33,1463.2,2016,March
2016-03,Onion,Thane,Vasai,13.51,10.26,17.35,41.5,2016,March
2016-03,Onion,Jalgaon,Yawal,4.96,4.43,5.55,3375.2,2016,March
2016-03,Onion,Nasik,Yeola,6.66,3.41,7.63,11736.0,2016,March
2016-03,Rice,Gondiya,Aamgaon,16.33,16.02,16.64,290.8,2016,March
2016-03,Rice,Gadchiroli,Aheri,16.69,16.69,16.69,145.6,2016,March
2016-03,Rice,Ahmadnagar,Akole,16.19,15.0,19.25,41.7,2016,March
2016-03,Rice,Raigad,Alibag,27.585,25.0764,30.6617,157.0,2016,March
2016-03,Rice,Gondiya,Arjuni Morgaon,17.39,17.14,17.39,845.0,2016,March
2016-03,Rice,Gadchiroli,Armori,16.57,16.25,16.86,454.4,2016,March
2016-03,Rice,Gadchiroli,Armori-Desaiganj,16.51,15.59,16.64,1821.0,2016,March
2016-03,Rice,Latur,Ausa,10.0,7.0,11.52,0.2,2016,March
2016-03,Rice,Solapur,Barshi,17.05,16.88,17.16,23.8,2016,March
2016-03,Rice,Bhandara,Bhandara,25.2717,24.7255,25.8179,46.0,2016,March
2016-03,Rice,Thane,Bhivandi,31.47,21.42,39.21,137.2,2016,March
2016-03,Rice,Nagpur,Bhiwapur,19.0,18.5,19.43,115.0,2016,March
2016-03,Rice,Nanded,Bhokar,15.0,14.0,16.0,0.3,2016,March
2016-03,Rice,Pune,Bhor,36.0,32.0,40.0,8.0,2016,March
2016-03,Rice,Chandrapur,Brahmpuri,18.36,18.02,18.74,285.2,2016,March
2016-03,Rice,Jalgaon,Chalisgaon,12.5,10.0,13.0,0.7,2016,March
2016-03,Rice,Gadchiroli,Chamorshi,20.35,19.93,20.83,2004.0,2016,March
2016-03,Rice,Chandrapur,Chimur,18.96,18.59,19.25,814.8,2016,March
2016-03,Rice,Nasik,Devala,14.9,14.9,14.9,0.1,2016,March
2016-03,Rice,Gadchiroli,Gadchiroli,17.08,16.58,17.35,634.6,2016,March
2016-03,Rice,Gondiya,Gondiya,15.58,15.1,16.05,1048.6,2016,March
2016-03,Rice,Chandrapur,Gondpimpri,19.42,19.09,19.71,220.0,2016,March
2016-03,Rice,Gondiya,Goregaon,14.73,14.35,15.12,86.2,2016,March
2016-03,Rice,Pune,Indapur,13.0,13.0,13.0,0.1,2016,March
2016-03,Rice,Pune,Indapur-Bhigwan,16.11,16.03,16.19,14.8,2016,March
2016-03,Rice,Nasik,Kalvan,15.01,14.0,15.15,100.0,2016,March
2016-03,Rice,Thane,Kalyan,44.33,27.33,57.67,1.8,2016,March
2016-03,Rice,Raigad,Karjat (Raigad),19.922,15.6265,25.2384,482.3,2016,March
2016-03,Rice,Kolhapur,Kolhapur-Laxmipuri,30.1842,20.6031,45.0354,749.0,2016,March
2016-03,Rice,Nasik,Lasalgaon,17.01,17.01,17.01,0.3,2016,March
2016-03,Rice,Raigad,Mahad,14.5,14.11,14.8,3.0,2016,March
2016-03,Rice,Raigad,Mangaon(Bhadav),14.8944,14.2143,15.5374,658.8,2016,March
2016-03,Rice,Chandrapur,Mul,20.21,18.8,20.94,2696.5,2016,March
2016-03,Rice,Mumbai,Mumbai,55.09,41.49,68.36,47581.0,2016,March
2016-03,Rice,Thane,Murbad,15.5,14.5,16.5,250.2,2016,March
2016-03,Rice,Raigad,Murud,22.1066,19.6022,24.7977,160.5,2016,March
2016-03,Rice,Chandrapur,Nagbhid,18.93,16.59,18.93,1025.1,2016,March
2016-03,Rice,Nagpur,Nagpur,23.6009,21.8441,24.1898,752.6,2016,March
2016-03,Rice,Nandurbar,Nandurbar,36.5,36.5,36.5,0.1,2016,March
2016-03,Rice,Nandurbar,Navapur,12.6075,12.3165,12.8402,33.2,2016,March
2016-03,Rice,Pune,Nira-Saswad,32.31,27.8,36.82,44.0,2016,March
2016-03,Rice,Thane,Palghar(Bevur),27.71,24.26,30.44,511.7,2016,March
2016-03,Rice,Bhandara,Pavani,18.01,17.87,18.12,52.5,2016,March
2016-03,Rice,Raigad,Pen,23.0,21.2333,29.8333,10.8,2016,March
2016-03,Rice,Chandrapur,Pombhurni,20.0,19.5,21.0,570.7,2016,March
2016-03,Rice,Pune,Pune,50.61,42.46,54.86,2489.0,2016,March
2016-03,Rice,Raigad,Roha,14.15,14.1,14.2,807.3,2016,March
2016-03,Rice,Chandrapur,Savali,19.53,19.06,20.01,1362.6,2016,March
2016-03,Rice,Chandrapur,Sindevahi,17.45,17.45,18.43,529.5,2016,March
2016-03,Rice,Solapur,Solapur,33.24,22.14,51.14,758.2,2016,March
2016-03,Rice,Gondiya,Tiroda,15.94,15.53,16.34,1841.3,2016,March
2016-03,Rice,Bhandara,Tumsar,17.7975,17.1302,18.3323,3054.0,2016,March
2016-03,Rice,Thane,Ulhasnagar,42.95,30.15,56.67,506.2,2016,March
2016-03,Rice,Nagpur,Umared,31.64,20.0,35.14,378.5,2016,March
2016-03,Rice,Thane,Vasai,27.078,18.3087,42.229,429.5,2016,March
2016-03,Soybean,Amaravathi,Achalpur,34.98,33.89,35.78,534.4,2016,March
2016-03,Soybean,Gadchiroli,Aheri,33.0,33.0,33.0,2.0,2016,March
2016-03,Soybean,Latur,Ahmedpur,37.26,36.75,37.6,100.5,2016,March
2016-03,Soybean,Hingoli,Akhadabalapur,35.05,34.1,36.0,94.0,2016,March
2016-03,Soybean,Akola,Akola,35.36,33.28,37.11,2852.8,2016,March
2016-03,Soybean,Ahmadnagar,Akole,33.75,30.0,35.63,33.4,2016,March
2016-03,Soybean,Akola,Akot,33.78,31.48,36.05,124.7,2016,March
2016-03,Soybean,Jalgaon,Amalner,29.5,25.0,34.0,0.1,2016,March
2016-03,Soybean,Amaravathi,Amarawati,34.0,31.91,36.1,1626.8,2016,March
2016-03,Soybean,Beed,Ambejogai,37.07,35.78,37.81,691.5,2016,March
2016-03,Soybean,Amaravathi,Anajngaon Surji,32.67,30.75,34.48,46.2,2016,March
2016-03,Soybean,Wardha,Arvi,33.66,31.45,36.03,202.7,2016,March
2016-03,Soybean,Wardha,Ashti-Karanja,33.98,30.83,36.37,224.0,2016,March
2016-03,Soybean,Latur,Ausa,37.48,34.51,37.95,89.7,2016,March
2016-03,Soybean,Yewatmal,Babhulgaon,34.76,32.48,36.92,660.5,2016,March
2016-03,Soybean,Akola,Balapur,35.5,33.63,37.63,116.2,2016,March
2016-03,Soybean,Pune,Baramati,34.43,28.1,35.85,30.9,2016,March
2016-03,Soybean,Solapur,Barshi-Vairag,37.09,36.34,37.09,5.3,2016,March
2016-03,Soybean,Hingoli,Basmat,36.41,36.04,36.94,13.4,2016,March
2016-03,Soybean,Beed,Beed,36.89,35.5,37.36,55.7,2016,March
2016-03,Soybean,Bhandara,Bhandara,38.0,38.0,38.0,14.8,2016,March
2016-03,Soybean,Nagpur,Bhiwapur,35.25,34.0,36.1,35.7,2016,March
2016-03,Soybean,Nanded,Bhokar,35.21,34.21,36.24,50.6,2016,March
2016-03,Soybean,Jalna,Bhokardan,36.25,35.75,36.75,15.6,2016,March
2016-03,Soybean,Jalna,Bhokardan-Pimpalgaon Renu,36.0,35.5,36.5,9.5,2016,March
2016-03,Soybean,Buldhana,Buldhana,35.19,34.18,36.15,187.5,2016,March
2016-03,Soybean,Buldhana,Buldhana-Dhad,34.9,33.8,35.8,500.0,2016,March
2016-03,Soybean,Latur,Chakur,37.26,36.53,37.64,12.6,2016,March
2016-03,Soybean,Jalgaon,Chalisgaon,33.83,28.34,35.23,3.8,2016,March
2016-03,Soybean,Chandrapur,Chandrapur,35.38,33.93,36.12,131.2,2016,March
2016-03,Soybean,Amaravathi,Chandur Bajar,35.16,32.14,36.57,169.6,2016,March
2016-03,Soybean,Amaravathi,Chandur Rly.,35.46,33.09,36.78,232.6,2016,March
2016-03,Soybean,Buldhana,Chikhali,35.47,34.19,36.76,898.9,2016,March
2016-03,Soybean,Chandrapur,Chimur,32.11,31.2,32.81,46.7,2016,March
2016-03,Soybean,Jalgaon,Chopda,29.85,28.93,29.85,3.5,2016,March
2016-03,Soybean,Amaravathi,Daryapur,33.37,28.69,35.35,137.5,2016,March
2016-03,Soybean,Latur,Devani,37.63,37.51,37.76,33.4,2016,March
2016-03,Soybean,Amaravathi,Dhamangaon-Rly,35.36,34.58,36.7,1020.0,2016,March
2016-03,Soybean,Dhule,Dhule,34.73,32.78,35.63,6.9,2016,March
2016-03,Soybean,Yewatmal,Digras,36.45,35.79,37.01,93.6,2016,March
2016-03,Soybean,Parbhani,Gangakhed,36.57,35.98,37.29,39.7,2016,March
2016-03,Soybean,Aurangabad,Gangapur,35.9,35.85,35.98,1.0,2016,March
2016-03,Soybean,Beed,Gevrai,33.84,32.71,34.26,8.7,2016,March
2016-03,Soybean,Jalna,Ghansawangi,34.0,34.0,36.0,2.0,2016,March
2016-03,Soybean,Yewatmal,Ghatanji,37.82,37.1,38.53,10.3,2016,March
2016-03,Soybean,Chandrapur,Gondpimpri,34.36,33.82,34.95,284.0,2016,March
2016-03,Soybean,Nanded,Hadgaon,34.83,33.33,35.94,62.0,2016,March
2016-03,Soybean,Nanded,Hadgaon-Tamsa,34.88,33.63,35.75,37.3,2016,March
2016-03,Soybean,Nanded,Hanegaon,36.0,35.0,36.5,0.3,2016,March
2016-03,Soybean,Nanded,Himayatnagar,33.55,32.7,34.4,17.4,2016,March
2016-03,Soybean,Wardha,Hinganghat,32.74,30.26,37.43,4321.1,2016,March
2016-03,Soybean,Hingoli,Hingoli,36.92,35.29,36.92,362.5,2016,March
2016-03,Soybean,Pune,Indapur (Nimgaon Ketki),33.11,33.11,33.11,0.1,2016,March
2016-03,Soybean,Pune,Indapur-Bhigwan,25.06,25.06,25.06,0.2,2016,March
2016-03,Soybean,Jalna,Jafrabad,37.63,36.0,38.25,3.5,2016,March
2016-03,Soybean,Jalgaon,Jalgaon,40.0,40.0,40.0,0.2,2016,March
2016-03,Soybean,Buldhana,Jalgaon Jamod-Aasalgaon,33.83,31.67,35.17,111.7,2016,March
2016-03,Soybean,Latur,Jalkot,37.0,37.0,37.0,12.8,2016,March
2016-03,Soybean,Jalna,Jalna,36.17,31.97,36.79,695.3,2016,March
2016-03,Soybean,Ahmadnagar,Jamkhed,32.68,31.55,33.8,11.6,2016,March
2016-03,Soybean,Hingoli,Jawala-Bajar,37.34,36.81,37.49,55.0,2016,March
2016-03,Soybean,Parbhani,Jintur,36.14,34.37,36.68,165.4,2016,March
2016-03,Soybean,Parbhani,Jintur-Bori,35.4,34.83,36.33,2.9,2016,March
2016-03,Soybean,Osmanabad,Kalamb (Os),37.17,34.47,37.59,145.4,2016,March
2016-03,Soybean,Yewatmal,Kalamb (Yawatmal),34.86,33.5,36.5,58.3,2016,March
2016-03,Soybean,Hingoli,Kalamnuri,36.79,35.83,37.03,15.6,2016,March
2016-03,Soybean,Nagpur,Kalmeshwar,34.16,32.05,35.21,32.6,2016,March
2016-03,Soybean,Nasik,Kalvan,36.97,36.64,37.17,38.5,2016,March
2016-03,Soybean,Wasim,Karanja,36.41,35.38,37.41,3825.0,2016,March
2016-03,Soybean,Nagpur,Katol,34.1,28.51,36.32,497.3,2016,March
2016-03,Soybean,Beed,Kej,35.25,32.19,36.49,14.4,2016,March
2016-03,Soybean,Buldhana,Khamgaon,35.97,32.38,37.77,4419.1,2016,March
2016-03,Soybean,Beed,Kille Dharur,37.53,34.13,37.75,56.2,2016,March
2016-03,Soybean,Ahmadnagar,Kopargaon,36.38,33.65,36.75,19.1,2016,March
2016-03,Soybean,Bhandara,Lakhandur,31.0,31.0,31.0,0.2,2016,March
2016-03,Soybean,Nasik,Lasalgaon,37.3,24.68,37.68,221.8,2016,March
2016-03,Soybean,Nasik,Lasalgaon-Niphad,37.29,32.15,37.93,40.0,2016,March
2016-03,Soybean,Nasik,Lasalgaon-Vinchur,36.47,21.36,38.03,82.8,2016,March
2016-03,Soybean,Latur,Latur,38.18,35.31,39.07,3748.1,2016,March
2016-03,Soybean,Latur,Latur-Murud,36.81,34.89,37.94,12.3,2016,March
2016-03,Soybean,Osmanabad,Lohara,35.95,35.7,36.2,0.5,2016,March
2016-03,Soybean,Buldhana,Lonar,36.02,35.23,36.88,546.0,2016,March
2016-03,Soybean,Beed,Majalgaon,35.62,31.83,36.45,76.0,2016,March
2016-03,Soybean,Nasik,Malegaon,37.3,34.36,37.66,9.3,2016,March
2016-03,Soybean,Buldhana,Malkapur,35.86,31.39,37.27,556.0,2016,March
2016-03,Soybean,Nagpur,Mandhal,33.92,33.64,34.56,31.2,2016,March
2016-03,Soybean,Wasim,Mangrulpeer,36.29,32.82,37.69,1586.6,2016,March
2016-03,Soybean,Wasim,Manora,36.61,35.57,37.71,468.5,2016,March
2016-03,Soybean,Jalna,Mantha,35.7,34.8,36.3,10.1,2016,March
2016-03,Soybean,Buldhana,Mehkar,36.49,33.09,37.39,781.4,2016,March
2016-03,Soybean,Amaravathi,Morshi,32.13,31.17,33.22,57.7,2016,March
2016-03,Soybean,Nanded,Mukhed,36.81,36.75,36.88,2.6,2016,March
2016-03,Soybean,Akola,Murtizapur,35.67,33.54,37.02,660.0,2016,March
2016-03,Soybean,Osmanabad,Murum,37.43,37.21,37.67,5.0,2016,March
2016-03,Soybean,Nagpur,Nagpur,34.41,31.46,35.4,245.2,2016,March
2016-03,Soybean,Nasik,Nampur,31.78,28.78,31.78,0.4,2016,March
2016-03,Soybean,Nanded,Nanded,36.55,36.36,36.55,20.2,2016,March
2016-03,Soybean,Nasik,Nandgaon,36.45,35.25,36.45,1.3,2016,March
2016-03,Soybean,Amaravathi,Nandgaon Khandeshwar,31.79,27.87,35.7,43.1,2016,March
2016-03,Soybean,Buldhana,Nandura,36.58,31.3,36.67,128.3,2016,March
2016-03,Soybean,Nandurbar,Nandurbar,36.65,36.34,36.65,9.6,2016,March
2016-03,Soybean,Yewatmal,Ner Parasopant,35.81,34.75,36.86,555.6,2016,March
2016-03,Soybean,Latur,Nilanga,37.2,35.9,38.03,51.9,2016,March
2016-03,Soybean,Osmanabad,Osmanabad,35.95,32.35,36.5,1.1,2016,March
2016-03,Soybean,Aurangabad,Paithan,39.5,39.2,40.71,1.5,2016,March
2016-03,Soybean,Parbhani,Palam,37.0,37.0,37.0,2.4,2016,March
2016-03,Soybean,Yewatmal,Pandharkawada,34.89,34.46,35.27,34.8,2016,March
2016-03,Soybean,Parbhani,Parbhani,36.35,35.58,36.79,47.2,2016,March
2016-03,Soybean,Beed,Parli-Vaijnath,37.29,35.51,37.99,429.9,2016,March
2016-03,Soybean,Jalna,Partur,35.76,33.28,36.81,6.2,2016,March
2016-03,Soybean,Parbhani,Pathari,32.83,19.67,35.03,4.6,2016,March
2016-03,Soybean,Akola,Patur,35.46,34.31,37.18,50.0,2016,March
2016-03,Soybean,Chandrapur,Pombhurni,31.0,30.0,32.0,29.4,2016,March
2016-03,Soybean,Wardha,Pulgaon,34.61,33.0,35.22,64.0,2016,March
2016-03,Soybean,Parbhani,Purna,35.38,34.72,35.6,18.0,2016,March
2016-03,Soybean,Yewatmal,Pusad,36.38,33.58,37.65,304.1,2016,March
2016-03,Soybean,Ahmadnagar,Rahata,35.67,35.54,35.88,3.3,2016,March
2016-03,Soybean,Ahmadnagar,Rahuri-Vambori,32.94,32.45,33.42,7.7,2016,March
2016-03,Soybean,Chandrapur,Rajura,35.77,35.19,36.0,137.0,2016,March
2016-03,Soybean,Wasim,Risod,35.78,34.57,36.95,1943.0,2016,March
2016-03,Soybean,Parbhani,Sailu,34.0,34.0,35.5,1.7,2016,March
2016-03,Soybean,Wardha,Samudrapur,33.25,31.4,35.51,26.7,2016,March
2016-03,Soybean,Sangli,Sangali,37.0,33.65,38.18,658.1,2016,March
2016-03,Soybean,Ahmadnagar,Sangamner,35.43,35.28,35.5,6.1,2016,March
2016-03,Soybean,Buldhana,Sangrampur,31.0,25.0,32.5,0.6,2016,March
2016-03,Soybean,Buldhana,Sangrampur-Varvatbakal,31.55,28.3,34.15,5.8,2016,March
2016-03,Soybean,Nagpur,Savner,32.54,31.14,33.48,41.9,2016,March
2016-03,Soybean,Hingoli,Sengaon,36.24,35.13,37.32,190.8,2016,March
2016-03,Soybean,Buldhana,Shegaon,34.02,31.35,36.68,74.7,2016,March
2016-03,Soybean,Dhule,Shirpur,31.72,26.57,33.16,4.6,2016,March
2016-03,Soybean,Ahmadnagar,Shrirampur,35.25,34.68,36.28,0.7,2016,March
2016-03,Soybean,Ahmadnagar,Shrirampur-Belapur,31.0,31.0,31.0,0.2,2016,March
2016-03,Soybean,Aurangabad,Sillod,34.79,33.76,35.82,51.0,2016,March
2016-03,Soybean,Aurangabad,Sillod-Bharadi,35.83,35.0,36.67,3.2,2016,March
2016-03,Soybean,Wardha,Sindi,33.12,30.83,35.08,9.5,2016,March
2016-03,Soybean,Buldhana,Sindkhed Raja,36.5,35.25,37.25,7.0,2016,March
2016-03,Soybean,Nasik,Sinner,37.09,35.52,37.49,8.2,2016,March
2016-03,Soybean,Parbhani,Sonpeth,35.11,32.97,36.43,6.8,2016,March
2016-03,Soybean,Akola,Telhara,33.4,32.46,34.38,109.0,2016,March
2016-03,Soybean,Latur,Udgir,37.91,37.65,37.99,684.0,2016,March
2016-03,Soybean,Nagpur,Umared,34.71,32.43,36.21,587.3,2016,March
2016-03,Soybean,Osmanabad,Umarga,36.01,33.96,36.37,8.5,2016,March
2016-03,Soybean,Nanded,Umari,36.55,36.16,36.91,24.8,2016,March
2016-03,Soybean,Yewatmal,Umarkhed,33.69,32.5,34.63,113.0,2016,March
2016-03,Soybean,Yewatmal,Umarkhed-Danki,33.85,32.46,34.92,115.0,2016,March
2016-03,Soybean,Satara,Vaduj,36.0,35.0,37.0,3.0,2016,March
2016-03,Soybean,Aurangabad,Vaijapur,35.34,35.34,35.34,0.8,2016,March
2016-03,Soybean,Yewatmal,Vani,35.12,32.72,36.0,187.0,2016,March
2016-03,Soybean,Chandrapur,Varora,32.93,30.31,35.33,523.5,2016,March
2016-03,Soybean,Amaravathi,Varud-Rajura Bazar,33.31,32.67,34.26,4.1,2016,March
2016-03,Soybean,Wardha,Wardha,37.09,33.74,37.09,718.9,2016,March
2016-03,Soybean,Osmanabad,Washi(Osmanabad),35.0,34.0,36.0,2.0,2016,March
2016-03,Soybean,Wasim,Washim,36.23,34.76,38.4,5827.6,2016,March
2016-03,Soybean,Yewatmal,Yeotmal,35.26,33.61,36.81,1144.8,2016,March
2016-03,Soybean,Yewatmal,Zarijamini,34.0,34.0,34.0,5.1,2016,March
2016-03,Sugarcane,Thane,Ulhasnagar,4.03,3.0,5.0,320.5,2016,March
2016-04,Bajra,Ahmadnagar,Ahmednagar,18.75,17.88,19.25,10.6,2016,April
2016-04,Bajra,Latur,Ahmedpur,13.41,13.41,13.41,2.5,2016,April
2016-04,Bajra,Ahmadnagar,Akole,16.85,14.6,19.6,7.5,2016,April
2016-04,Bajra,Jalgaon,Amalner,18.14,15.71,18.16,382.6,2016,April
2016-04,Bajra,Amaravathi,Amarawati,17.34,15.97,18.63,11.3,2016,April
2016-04,Bajra,Jalna,Ambad(Vadi Godri),17.36,15.82,19.62,136.7,2016,April
2016-04,Bajra,Latur,Ausa,19.14,18.41,19.51,0.6,2016,April
2016-04,Bajra,Pune,Baramati,18.67,16.9,23.34,95.3,2016,April
2016-04,Bajra,Solapur,Barshi,17.6,17.6,17.6,1.6,2016,April
2016-04,Bajra,Beed,Beed,16.8,15.57,18.37,138.8,2016,April
2016-04,Bajra,Jalna,Bhokardan,12.17,12.0,12.29,5.7,2016,April
2016-04,Bajra,Jalgaon,Bhusaval,16.0,16.0,16.0,0.3,2016,April
2016-04,Bajra,Jalgaon,Chalisgaon,17.45,14.49,18.86,116.4,2016,April
2016-04,Bajra,Jalgaon,Chopda,17.46,16.34,17.83,321.0,2016,April
2016-04,Bajra,Nasik,Devala,18.41,16.07,19.55,20.0,2016,April
2016-04,Bajra,Jalgaon,Dharangaon,17.11,16.81,17.18,9.0,2016,April
2016-04,Bajra,Dhule,Dhule,17.73,14.72,19.11,130.0,2016,April
2016-04,Bajra,Dhule,Dondaicha,16.4,13.75,17.83,58.2,2016,April
2016-04,Bajra,Dhule,Dondaicha-Sindkheda,15.08,13.38,15.86,41.6,2016,April
2016-04,Bajra,Pune,Dound,19.98,16.79,22.0,35.0,2016,April
2016-04,Bajra,Solapur,Dudhani,16.37,16.06,16.4,2.5,2016,April
2016-04,Bajra,Aurangabad,Gangapur,17.08,16.36,17.54,15.5,2016,April
2016-04,Bajra,Beed,Gevrai,17.04,16.1,18.13,231.6,2016,April
2016-04,Bajra,Pune,Indapur,18.97,18.26,20.03,8.8,2016,April
2016-04,Bajra,Pune,Indapur (Nimgaon Ketki),14.21,14.21,14.21,0.1,2016,April
2016-04,Bajra,Pune,Indapur-Bhigwan,17.5,14.63,20.75,17.7,2016,April
2016-04,Bajra,Jalgaon,Jalgaon,17.84,17.56,17.99,99.2,2016,April
2016-04,Bajra,Jalna,Jalna,16.99,15.48,18.55,356.0,2016,April
2016-04,Bajra,Jalna,Jalna-Badnapur,15.9,15.9,16.2,1.1,2016,April
2016-04,Bajra,Ahmadnagar,Jamkhed,16.27,15.13,17.42,4.5,2016,April
2016-04,Bajra,Parbhani,Jintur,18.6,18.6,18.6,0.1,2016,April
2016-04,Bajra,Beed,Kada,17.06,15.25,18.88,12.9,2016,April
2016-04,Bajra,Osmanabad,Kalamb (Os),14.48,13.93,14.92,5.7,2016,April
2016-04,Bajra,Nasik,Kalvan,18.24,14.8,19.65,36.6,2016,April
2016-04,Bajra,Aurangabad,Kannad,17.74,15.97,18.71,11.1,2016,April
2016-04,Bajra,Beed,Kej,14.78,12.97,17.43,22.9,2016,April
2016-04,Bajra,Buldhana,Khamgaon,15.5,15.5,15.5,0.4,2016,April
2016-04,Bajra,Beed,Kille Dharur,18.91,17.31,20.56,42.0,2016,April
2016-04,Bajra,Kolhapur,Kolhapur-Laxmipuri,19.3,17.15,20.3,8.7,2016,April
2016-04,Bajra,Ahmadnagar,Kopargaon,17.5,16.03,20.18,38.8,2016,April
2016-04,Bajra,Nasik,Lasalgaon,17.92,14.29,21.07,80.8,2016,April
2016-04,Bajra,Nasik,Lasalgaon-Vinchur,19.65,18.37,19.69,3.4,2016,April
2016-04,Bajra,Aurangabad,Lasur Station,16.87,14.36,18.7,87.7,2016,April
2016-04,Bajra,Latur,Latur,17.94,16.29,19.74,65.8,2016,April
2016-04,Bajra,Satara,Lonand,18.13,15.63,20.29,7.5,2016,April
2016-04,Bajra,Buldhana,Lonar,17.0,15.0,19.0,0.2,2016,April
2016-04,Bajra,Beed,Majalgaon,18.33,14.32,20.47,154.0,2016,April
2016-04,Bajra,Nasik,Malegaon,18.25,15.67,20.27,53.4,2016,April
2016-04,Bajra,Buldhana,Malkapur,12.9,11.35,16.8,0.6,2016,April
2016-04,Bajra,Nasik,Manmad,17.82,15.92,19.51,8.5,2016,April
2016-04,Bajra,Jalna,Mantha,13.0,13.0,14.0,0.3,2016,April
2016-04,Bajra,Osmanabad,Murum,17.51,17.51,17.51,0.9,2016,April
2016-04,Bajra,Nasik,Nampur,17.14,16.66,17.53,1.8,2016,April
2016-04,Bajra,Buldhana,Nandura,16.08,14.69,16.08,2.4,2016,April
2016-04,Bajra,Nandurbar,Nandurbar,16.47,14.09,18.44,153.8,2016,April
2016-04,Bajra,Ahmadnagar,Newasa,17.5,17.5,17.5,0.2,2016,April
2016-04,Bajra,Pune,Nira-Saswad,19.0,15.73,22.26,45.7,2016,April
2016-04,Bajra,Aurangabad,Paithan,15.66,14.33,17.56,35.7,2016,April
2016-04,Bajra,Solapur,Pandharpur,19.25,19.25,19.31,0.7,2016,April
2016-04,Bajra,Beed,Parli-Vaijnath,15.47,15.25,16.05,7.2,2016,April
2016-04,Bajra,Jalgaon,Parola,16.11,14.45,17.84,345.8,2016,April
2016-04,Bajra,Jalna,Partur,15.71,14.41,16.5,1.2,2016,April
2016-04,Bajra,Ahmadnagar,Pathardi,14.49,12.85,16.5,16.3,2016,April
2016-04,Bajra,Parbhani,Pathari,14.57,11.12,15.44,4.3,2016,April
2016-04,Bajra,Satara,Phaltan,18.5,12.75,21.5,52.3,2016,April
2016-04,Bajra,Pune,Pune,22.51,21.55,22.82,57.6,2016,April
2016-04,Bajra,Yewatmal,Pusad,19.9,19.9,19.9,0.4,2016,April
2016-04,Bajra,Ahmadnagar,Rahata,15.11,15.11,15.11,3.9,2016,April
2016-04,Bajra,Ahmadnagar,Rahuri-Vambori,17.39,17.16,17.63,2.0,2016,April
2016-04,Bajra,Jalgaon,Raver,15.54,15.54,15.54,10.1,2016,April
2016-04,Bajra,Dhule,Sakri,16.5,16.38,16.77,3.0,2016,April
2016-04,Bajra,Sangli,Sangali,18.12,15.43,19.43,166.3,2016,April
2016-04,Bajra,Ahmadnagar,Sangamner,18.66,15.22,19.96,136.1,2016,April
2016-04,Bajra,Nasik,Satana,18.94,16.69,20.23,23.5,2016,April
2016-04,Bajra,Nandurbar,Shahada,18.09,18.02,18.24,27.6,2016,April
2016-04,Bajra,Buldhana,Shegaon,13.5,13.5,13.5,1.0,2016,April
2016-04,Bajra,Ahmadnagar,Shevgaon,18.32,15.56,18.32,50.8,2016,April
2016-04,Bajra,Ahmadnagar,Shevgaon-Bodhegaon,17.04,15.2,17.04,56.4,2016,April
2016-04,Bajra,Dhule,Shirpur,16.9,14.1,17.7,149.1,2016,April
2016-04,Bajra,Pune,Shirur,16.99,15.49,17.32,10.1,2016,April
2016-04,Bajra,Ahmadnagar,Shrirampur,17.95,17.09,18.16,3.7,2016,April
2016-04,Bajra,Aurangabad,Sillod-Bharadi,15.75,14.7,16.7,3.5,2016,April
2016-04,Bajra,Nasik,Sinner,18.19,15.35,19.77,78.7,2016,April
2016-04,Bajra,Nandurbar,Taloda,17.96,17.1,18.6,30.6,2016,April
2016-04,Bajra,Osmanabad,Tuljapur,15.26,15.26,15.26,0.2,2016,April
2016-04,Bajra,Thane,Ulhasnagar,24.5,19.71,29.74,64.5,2016,April
2016-04,Bajra,Osmanabad,Umarga,14.24,14.01,14.37,0.9,2016,April
2016-04,Bajra,Satara,Vaduj,15.86,15.0,16.71,14.0,2016,April
2016-04,Bajra,Aurangabad,Vaijapur,17.63,15.86,19.05,36.3,2016,April
2016-04,Bajra,Nasik,Yeola,17.06,15.51,19.08,11.1,2016,April
2016-04,Cotton,Gadchiroli,Aheri,42.0,42.0,42.0,12.5,2016,April
2016-04,Cotton,Akola,Akot,49.63,48.71,50.41,2556.0,2016,April
2016-04,Cotton,Amaravathi,Amarawati,47.69,47.13,48.25,386.5,2016,April
2016-04,Cotton,Wardha,Arvi,48.81,48.44,49.09,10259.6,2016,April
2016-04,Cotton,Wardha,Ashti (Wardha),48.3,48.11,48.47,725.9,2016,April
2016-04,Cotton,Nagpur,Bhiwapur,43.11,41.09,45.62,322.6,2016,April
2016-04,Cotton,Nanded,Bhokar,43.3,39.77,47.69,1371.8,2016,April
2016-04,Cotton,Chandrapur,Chimur,47.15,45.4,48.44,285.1,2016,April
2016-04,Cotton,Buldhana,Deulgaon Raja,46.8,44.48,48.73,720.0,2016,April
2016-04,Cotton,Amaravathi,Dhamangaon-Rly,46.92,44.88,49.71,1190.0,2016,April
2016-04,Cotton,Amaravathi,Dharni,35.5,35.0,36.0,2.0,2016,April
2016-04,Cotton,Yewatmal,Digras,45.65,45.65,45.65,15.0,2016,April
2016-04,Cotton,Aurangabad,Fulambri,44.7,44.0,45.0,24.3,2016,April
2016-04,Cotton,Parbhani,Gangakhed,46.06,41.0,47.51,1277.5,2016,April
2016-04,Cotton,Beed,Gevrai,42.58,40.0,44.4,1585.9,2016,April
2016-04,Cotton,Yewatmal,Ghatanji,46.85,41.36,50.12,1217.2,2016,April
2016-04,Cotton,Wardha,Hinganghat,43.02,41.05,50.61,17250.0,2016,April
2016-04,Cotton,Jalna,Jafrabad,42.71,41.0,43.0,26.1,2016,April
2016-04,Cotton,Jalgaon,Jamner,47.25,45.26,48.05,82.3,2016,April
2016-04,Cotton,Jalgaon,Jamner-Neri,47.12,45.02,47.96,46.6,2016,April
2016-04,Cotton,Parbhani,Jintur,47.03,45.7,48.05,2922.1,2016,April
2016-04,Cotton,Nagpur,Kalmeshwar,47.2,42.21,48.17,6406.9,2016,April
2016-04,Cotton,Nagpur,Katol,45.41,40.47,47.65,485.0,2016,April
2016-04,Cotton,Buldhana,Khamgaon,46.6,41.26,49.2,687.7,2016,April
2016-04,Cotton,Beed,Kille Dharur,48.56,40.69,49.59,2787.8,2016,April
2016-04,Cotton,Nanded,Kinwat,39.5,39.0,40.0,18.8,2016,April
2016-04,Cotton,Yewatmal,Mahagaon,43.25,40.88,46.13,380.1,2016,April
2016-04,Cotton,Jalna,Mantha,48.5,45.5,49.0,30.0,2016,April
2016-04,Cotton,Nagpur,Narkhed,46.23,45.32,47.49,1054.0,2016,April
2016-04,Cotton,Parbhani,Parbhani,48.33,45.32,48.65,1190.5,2016,April
2016-04,Cotton,Nagpur,Parshiwani,46.66,45.94,47.31,171.5,2016,April
2016-04,Cotton,Chandrapur,Pombhurni,40.0,38.0,41.0,30.7,2016,April
2016-04,Cotton,Wardha,Pulgaon,47.68,41.05,49.31,3610.9,2016,April
2016-04,Cotton,Chandrapur,Rajura,43.24,39.12,48.06,243.0,2016,April
2016-04,Cotton,Yewatmal,Ralegaon,49.2,42.86,49.67,2026.1,2016,April
2016-04,Cotton,Parbhani,Sailu,49.31,37.99,50.07,1671.0,2016,April
2016-04,Cotton,Wardha,Samudrapur,45.0,39.25,49.42,406.9,2016,April
2016-04,Cotton,Nagpur,Savner,46.16,45.91,46.32,661.5,2016,April
2016-04,Cotton,Wardha,Sindi,46.5,40.0,49.5,69.5,2016,April
2016-04,Cotton,Wardha,Sindi (Selu),41.67,37.39,47.31,784.9,2016,April
2016-04,Cotton,Parbhani,Sonpeth,46.77,34.17,47.47,550.3,2016,April
2016-04,Cotton,Aurangabad,Soygaon,47.5,47.0,48.0,14.3,2016,April
2016-04,Cotton,Akola,Telhara,43.6,43.0,44.2,272.5,2016,April
2016-04,Cotton,Nagpur,Umared,45.0,40.03,47.96,309.3,2016,April
2016-04,Cotton,Yewatmal,Vani,43.7,37.85,47.4,129.6,2016,April
2016-04,Cotton,Chandrapur,Varora,45.59,41.6,49.59,2580.5,2016,April
2016-04,Cotton,Amaravathi,Varud,43.7,43.0,45.95,385.0,2016,April
2016-04,Cotton,Wardha,Wardha,48.68,41.95,48.68,1241.7,2016,April
2016-04,Cotton,Jalgaon,Yawal,41.19,40.06,43.22,57.7,2016,April
2016-04,Cotton,Yewatmal,Yeotmal,45.62,42.52,47.68,565.5,2016,April
2016-04,Jowar,Gadchiroli,Aheri,15.0,15.0,15.0,6.3,2016,April
2016-04,Jowar,Ahmadnagar,Ahmednagar,21.19,16.95,24.54,209.3,2016,April
2016-04,Jowar,Latur,Ahmedpur,15.83,15.7,15.92,40.0,2016,April
2016-04,Jowar,Hingoli,Akhadabalapur,15.0,15.0,15.0,1.3,2016,April
2016-04,Jowar,Solapur,Akkolkot,21.5,21.05,22.0,0.4,2016,April
2016-04,Jowar,Akola,Akola,14.33,13.49,15.63,34.9,2016,April
2016-04,Jowar,Akola,Akot,13.69,13.37,14.01,136.8,2016,April
2016-04,Jowar,Jalgaon,Amalner,20.39,15.8,20.46,822.2,2016,April
2016-04,Jowar,Amaravathi,Amarawati,17.69,16.13,19.25,91.9,2016,April
2016-04,Jowar,Jalna,Ambad(Vadi Godri),17.04,13.69,22.53,360.1,2016,April
2016-04,Jowar,Beed,Ambejogai,17.88,17.64,18.23,17.1,2016,April
2016-04,Jowar,Amaravathi,Anajngaon Surji,13.56,12.5,15.09,5.2,2016,April
2016-04,Jowar,Latur,Aurad Shahajani,12.65,12.6,12.7,2.1,2016,April
2016-04,Jowar,Latur,Ausa,17.32,15.44,18.51,58.8,2016,April
2016-04,Jowar,Akola,Balapur,16.25,12.5,16.5,15.1,2016,April
2016-04,Jowar,Pune,Baramati,18.56,16.0,25.35,438.7,2016,April
2016-04,Jowar,Solapur,Barshi,23.12,16.77,26.89,1564.9,2016,April
2016-04,Jowar,Solapur,Barshi-Vairag,20.69,18.28,38.38,620.2,2016,April
2016-04,Jowar,Hingoli,Basmat,12.5,12.5,12.5,0.5,2016,April
2016-04,Jowar,Beed,Beed,18.01,16.43,21.19,407.0,2016,April
2016-04,Jowar,Nanded,Bhokar,14.18,13.21,15.14,132.9,2016,April
2016-04,Jowar,Jalna,Bhokardan,12.14,12.0,12.26,16.3,2016,April
2016-04,Jowar,Jalna,Bhokardan-Pimpalgaon Renu,13.2,13.0,13.31,3.2,2016,April
2016-04,Jowar,Jalgaon,Bhusaval,13.94,13.91,14.1,8.5,2016,April
2016-04,Jowar,Buldhana,Buldhana,14.06,12.63,15.5,37.2,2016,April
2016-04,Jowar,Latur,Chakur,21.2,19.23,22.94,1.9,2016,April
2016-04,Jowar,Jalgaon,Chalisgaon,14.1,13.32,14.78,135.5,2016,April
2016-04,Jowar,Amaravathi,Chandur Bajar,13.74,13.0,14.5,11.0,2016,April
2016-04,Jowar,Buldhana,Chikhali,13.91,12.37,15.46,28.4,2016,April
2016-04,Jowar,Jalgaon,Chopda,16.71,15.05,17.65,279.3,2016,April
2016-04,Jowar,Amaravathi,Daryapur,15.23,15.23,15.23,4.2,2016,April
2016-04,Jowar,Nasik,Devala,16.38,16.38,16.38,0.2,2016,April
2016-04,Jowar,Jalgaon,Dharangaon,14.62,14.4,14.81,13.8,2016,April
2016-04,Jowar,Amaravathi,Dharni,14.17,13.67,14.67,47.0,2016,April
2016-04,Jowar,Dhule,Dhule,15.81,14.23,16.7,251.0,2016,April
2016-04,Jowar,Yewatmal,Digras,15.9,15.9,15.9,4.2,2016,April
2016-04,Jowar,Dhule,Dondaicha,16.89,14.17,19.06,285.2,2016,April
2016-04,Jowar,Dhule,Dondaicha-Sindkheda,18.03,15.66,19.45,105.7,2016,April
2016-04,Jowar,Pune,Dound,21.6,18.55,24.7,435.0,2016,April
2016-04,Jowar,Solapur,Dudhani,19.87,18.08,20.21,14.9,2016,April
2016-04,Jowar,Aurangabad,Gangapur,17.93,16.66,19.61,115.6,2016,April
2016-04,Jowar,Beed,Gevrai,18.86,17.33,22.66,989.0,2016,April
2016-04,Jowar,Jalna,Ghansawangi,17.25,16.5,18.0,1.5,2016,April
2016-04,Jowar,Wardha,Hinganghat,17.25,17.25,17.25,0.3,2016,April
2016-04,Jowar,Hingoli,Hingoli,20.6,20.6,20.6,15.1,2016,April
2016-04,Jowar,Pune,Indapur,22.32,17.65,28.22,178.5,2016,April
2016-04,Jowar,Pune,Indapur (Nimgaon Ketki),19.92,15.28,22.74,5.8,2016,April
2016-04,Jowar,Pune,Indapur-Bhigwan,20.38,16.0,27.74,111.6,2016,April
2016-04,Jowar,Jalna,Jafrabad,11.5,11.0,12.0,1.0,2016,April
2016-04,Jowar,Jalgaon,Jalgaon,18.21,17.2,19.56,397.9,2016,April
2016-04,Jowar,Buldhana,Jalgaon Jamod-Aasalgaon,11.5,11.0,12.0,0.6,2016,April
2016-04,Jowar,Latur,Jalkot,15.0,15.0,15.0,8.5,2016,April
2016-04,Jowar,Jalna,Jalna,17.63,12.92,25.35,2813.5,2016,April
2016-04,Jowar,Jalna,Jalna-Badnapur,16.54,16.36,17.47,4.0,2016,April
2016-04,Jowar,Ahmadnagar,Jamkhed,23.97,18.61,29.33,2439.1,2016,April
2016-04,Jowar,Parbhani,Jintur,17.74,14.77,19.19,200.1,2016,April
2016-04,Jowar,Parbhani,Jintur-Bori,16.82,15.13,17.05,7.2,2016,April
2016-04,Jowar,Beed,Kada,21.0,16.06,25.56,179.2,2016,April
2016-04,Jowar,Osmanabad,Kalamb (Os),16.49,14.86,17.58,264.2,2016,April
2016-04,Jowar,Aurangabad,Kannad,16.85,15.6,17.54,3.0,2016,April
2016-04,Jowar,Wasim,Karanja,16.38,15.83,16.92,15.0,2016,April
2016-04,Jowar,Solapur,Karmala,24.79,16.66,32.92,573.0,2016,April
2016-04,Jowar,Nagpur,Katol,13.22,13.16,13.29,11.0,2016,April
2016-04,Jowar,Beed,Kej,18.71,16.96,20.25,96.1,2016,April
2016-04,Jowar,Buldhana,Khamgaon,14.22,13.09,14.82,99.5,2016,April
2016-04,Jowar,Beed,Kille Dharur,19.04,16.51,19.67,69.7,2016,April
2016-04,Jowar,Kolhapur,Kolhapur-Laxmipuri,30.0,17.22,36.88,607.5,2016,April
2016-04,Jowar,Ahmadnagar,Kopargaon,17.7,14.45,19.74,203.8,2016,April
2016-04,Jowar,Satara,Koregaon,19.0,16.0,22.0,2.5,2016,April
2016-04,Jowar,Solapur,Kurdwadi,19.33,15.29,24.28,35.8,2016,April
2016-04,Jowar,Solapur,Kurdwadi-Modnimb,17.73,14.45,24.36,71.1,2016,April
2016-04,Jowar,Nasik,Lasalgaon,16.8,12.62,18.6,83.4,2016,April
2016-04,Jowar,Nasik,Lasalgaon-Vinchur,18.8,15.38,19.22,34.2,2016,April
2016-04,Jowar,Aurangabad,Lasur Station,18.79,14.9,23.49,578.8,2016,April
2016-04,Jowar,Latur,Latur,16.6,15.26,18.68,554.5,2016,April
2016-04,Jowar,Latur,Latur-Murud,15.27,13.86,16.49,39.6,2016,April
2016-04,Jowar,Nanded,Loha,13.88,13.51,14.93,40.6,2016,April
2016-04,Jowar,Satara,Lonand,19.5,16.0,25.19,22.1,2016,April
2016-04,Jowar,Buldhana,Lonar,13.72,12.62,14.78,70.8,2016,April
2016-04,Jowar,Beed,Majalgaon,17.71,13.54,19.67,452.5,2016,April
2016-04,Jowar,Buldhana,Malkapur,13.63,13.03,14.4,257.6,2016,April
2016-04,Jowar,Solapur,Mangalwedha,21.0,16.08,24.45,133.1,2016,April
2016-04,Jowar,Wasim,Mangrulpeer,13.78,13.07,13.9,12.0,2016,April
2016-04,Jowar,Nasik,Manmad,15.66,14.35,18.9,4.4,2016,April
2016-04,Jowar,Jalna,Mantha,17.42,16.75,18.83,30.1,2016,April
2016-04,Jowar,Buldhana,Mehkar,12.75,11.59,13.32,17.4,2016,April
2016-04,Jowar,Solapur,Mohol,21.86,17.44,24.82,46.9,2016,April
2016-04,Jowar,Amaravathi,Morshi,13.52,13.38,14.19,45.6,2016,April
2016-04,Jowar,Osmanabad,Murum,20.22,18.87,21.24,1.6,2016,April
2016-04,Jowar,Nagpur,Nagpur,20.15,15.8,21.6,5.2,2016,April
2016-04,Jowar,Nasik,Nampur,10.36,10.36,10.36,0.1,2016,April
2016-04,Jowar,Nanded,Nanded,13.29,13.1,13.75,18.5,2016,April
2016-04,Jowar,Amaravathi,Nandgaon Khandeshwar,12.75,12.0,13.5,0.1,2016,April
2016-04,Jowar,Buldhana,Nandura,13.87,12.25,13.87,82.0,2016,April
2016-04,Jowar,Nandurbar,Nandurbar,16.15,13.9,18.51,975.7,2016,April
2016-04,Jowar,Nandurbar,Navapur,14.67,14.6,14.7,5.4,2016,April
2016-04,Jowar,Ahmadnagar,Newasa,16.79,16.58,17.08,3.7,2016,April
2016-04,Jowar,Pune,Nira-Saswad,21.81,16.5,27.13,91.3,2016,April
2016-04,Jowar,Osmanabad,Osmanabad,20.84,14.64,25.92,38.1,2016,April
2016-04,Jowar,Aurangabad,Paithan,16.9,16.29,17.94,134.9,2016,April
2016-04,Jowar,Solapur,Pandharpur,19.16,19.08,19.52,31.8,2016,April
2016-04,Jowar,Osmanabad,Paranda,21.09,17.09,25.77,32.4,2016,April
2016-04,Jowar,Parbhani,Parbhani,16.99,16.06,17.75,24.5,2016,April
2016-04,Jowar,Beed,Parli-Vaijnath,15.93,15.75,16.34,103.6,2016,April
2016-04,Jowar,Jalgaon,Parola,14.59,13.65,16.19,1798.2,2016,April
2016-04,Jowar,Jalna,Partur,17.39,16.88,18.15,157.2,2016,April
2016-04,Jowar,Ahmadnagar,Pathardi,17.4,15.73,19.35,68.2,2016,April
2016-04,Jowar,Parbhani,Pathari,17.22,15.98,18.4,41.6,2016,April
2016-04,Jowar,Akola,Patur,14.16,12.6,14.82,6.9,2016,April
2016-04,Jowar,Satara,Phaltan,22.0,15.7,28.25,196.0,2016,April
2016-04,Jowar,Pune,Pune,27.59,25.41,28.56,559.0,2016,April
2016-04,Jowar,Parbhani,Purna,17.44,13.81,19.44,11.0,2016,April
2016-04,Jowar,Yewatmal,Pusad,14.22,13.45,15.29,68.2,2016,April
2016-04,Jowar,Ahmadnagar,Rahata,15.41,14.42,16.11,54.3,2016,April
2016-04,Jowar,Ahmadnagar,Rahuri-Vambori,17.2,14.36,19.57,55.1,2016,April
2016-04,Jowar,Jalgaon,Raver,13.95,13.04,14.49,20.8,2016,April
2016-04,Jowar,Dhule,Sakri,14.5,14.5,14.5,0.3,2016,April
2016-04,Jowar,Sangli,Sangali,23.33,17.08,26.72,1311.2,2016,April
2016-04,Jowar,Ahmadnagar,Sangamner,18.91,18.45,19.53,71.4,2016,April
2016-04,Jowar,Buldhana,Sangrampur-Varvatbakal,13.33,11.44,14.48,7.8,2016,April
2016-04,Jowar,Nagpur,Savner,12.4,11.75,12.71,14.9,2016,April
2016-04,Jowar,Nandurbar,Shahada,17.59,16.74,18.34,13.5,2016,April
2016-04,Jowar,Buldhana,Shegaon,13.92,13.26,14.63,57.1,2016,April
2016-04,Jowar,Ahmadnagar,Shevgaon,20.33,17.41,20.33,319.4,2016,April
2016-04,Jowar,Ahmadnagar,Shevgaon-Bodhegaon,19.66,16.7,19.66,246.7,2016,April
2016-04,Jowar,Dhule,Shirpur,17.75,15.11,20.69,293.5,2016,April
2016-04,Jowar,Pune,Shirur,17.19,16.07,18.25,24.4,2016,April
2016-04,Jowar,Ahmadnagar,Shrirampur,17.79,15.53,18.97,112.0,2016,April
2016-04,Jowar,Ahmadnagar,Shrirampur-Belapur,16.0,15.67,16.33,2.9,2016,April
2016-04,Jowar,Aurangabad,Sillod,13.0,12.5,13.5,4.0,2016,April
2016-04,Jowar,Buldhana,Sindkhed Raja,13.75,12.25,15.25,9.3,2016,April
2016-04,Jowar,Nasik,Sinner,16.11,12.78,18.68,26.6,2016,April
2016-04,Jowar,Solapur,Solapur,20.69,18.55,23.21,59.2,2016,April
2016-04,Jowar,Parbhani,Sonpeth,17.93,16.26,19.07,77.3,2016,April
2016-04,Jowar,Nandurbar,Taloda,20.5,18.75,21.75,33.1,2016,April
2016-04,Jowar,Sangli,Tasgaon,17.5,17.13,17.75,56.5,2016,April
2016-04,Jowar,Akola,Telhara,13.31,12.75,13.87,86.5,2016,April
2016-04,Jowar,Osmanabad,Tuljapur,17.75,17.05,17.96,1.9,2016,April
2016-04,Jowar,Latur,Udgir,14.64,12.77,14.64,13.1,2016,April
2016-04,Jowar,Thane,Ulhasnagar,23.6,18.42,28.41,88.5,2016,April
2016-04,Jowar,Nagpur,Umared,19.64,18.57,20.57,2.7,2016,April
2016-04,Jowar,Osmanabad,Umarga,17.08,16.74,17.71,3.7,2016,April
2016-04,Jowar,Nanded,Umari,13.35,13.01,13.64,20.1,2016,April
2016-04,Jowar,Yewatmal,Umarkhed-Danki,14.5,14.0,15.0,5.0,2016,April
2016-04,Jowar,Satara,Vaduj,22.78,22.0,23.78,495.0,2016,April
2016-04,Jowar,Satara,Vai,5.7,5.0,6.0,4.1,2016,April
2016-04,Jowar,Aurangabad,Vaijapur,17.91,16.1,19.38,92.1,2016,April
2016-04,Jowar,Wardha,Wardha,14.67,13.85,14.67,0.7,2016,April
2016-04,Jowar,Wasim,Washim,12.77,11.83,13.92,16.5,2016,April
2016-04,Jowar,Jalgaon,Yawal,13.0,12.0,14.07,21.5,2016,April
2016-04,Jowar,Nasik,Yeola,16.67,16.3,17.32,9.1,2016,April
2016-04,Onion,Ahmadnagar,Ahmednagar,5.38,1.0,9.38,4234.2,2016,April
2016-04,Onion,Solapur,Akluj,8.33,3.44,8.33,59.5,2016,April
2016-04,Onion,Ahmadnagar,Akole,6.62,1.5,9.73,5637.2,2016,April
2016-04,Onion,Amaravathi,Amarawati,4.94,3.41,6.65,890.0,2016,April
2016-04,Onion,Amaravathi,Amarawati-Fruit And Vegetables,5.11,3.0,6.94,910.0,2016,April
2016-04,Onion,Aurangabad,Aurangabad,4.39,1.33,7.44,649.3,2016,April
2016-04,Onion,Pune,Baramati,4.63,1.63,6.61,246.2,2016,April
2016-04,Onion,Solapur,Barshi,5.21,1.41,6.45,242.7,2016,April
2016-04,Onion,Thane,Bhivandi,13.6,12.19,15.38,92.2,2016,April
2016-04,Onion,Jalgaon,Chalisgaon,6.19,4.34,7.39,3125.2,2016,April
2016-04,Onion,Chandrapur,Chandrapur,7.0,6.0,8.0,35.0,2016,April
2016-04,Onion,Chandrapur,Chandrapur-Ganjwad,6.91,5.09,8.67,1223.1,2016,April
2016-04,Onion,Nasik,Chandvad,7.06,2.32,7.98,6650.1,2016,April
2016-04,Onion,Nasik,Devala,6.91,2.5,8.06,7641.1,2016,April
2016-04,Onion,Dhule,Dhule,5.33,1.79,8.25,18986.1,2016,April
2016-04,Onion,Nasik,Dindori,6.98,5.18,8.53,4302.1,2016,April
2016-04,Onion,Nasik,Dindori-Vani,7.2,5.35,8.85,11322.5,2016,April
2016-04,Onion,Aurangabad,Gangapur,4.76,2.0,8.01,328.7,2016,April
2016-04,Onion,Pune,Indapur,3.47,1.08,6.08,139.6,2016,April
2016-04,Onion,Jalgaon,Jalgaon,5.8,3.38,7.75,510.5,2016,April
2016-04,Onion,Ahmadnagar,Jamkhed,5.19,1.0,9.39,758.7,2016,April
2016-04,Onion,Pune,Junnar,9.07,4.93,9.64,1448.1,2016,April
2016-04,Onion,Pune,Junnar (Alephata),8.86,5.0,9.93,4695.4,2016,April
2016-04,Onion,Pune,Junnar-Otur,9.83,5.33,10.1,969.5,2016,April
2016-04,Onion,Nasik,Kalvan,7.03,2.9,8.82,12448.1,2016,April
2016-04,Onion,Thane,Kalyan,7.38,6.33,8.08,3.6,2016,April
2016-04,Onion,Nagpur,Kamthi,8.68,5.4,10.0,15.7,2016,April
2016-04,Onion,Satara,Karad,9.6,5.28,9.6,657.3,2016,April
2016-04,Onion,Pune,Khed-Chakan,6.69,4.69,8.25,3514.2,2016,April
2016-04,Onion,Kolhapur,Kolhapur,6.94,2.96,10.03,22270.0,2016,April
2016-04,Onion,Ahmadnagar,Kopargaon,7.01,2.5,8.45,1875.0,2016,April
2016-04,Onion,Satara,Koregaon,4.15,2.0,6.3,54.2,2016,April
2016-04,Onion,Solapur,Kurdwadi,3.82,1.2,6.49,126.1,2016,April
2016-04,Onion,Solapur,Kurdwadi-Modnimb,3.94,0.83,7.57,231.3,2016,April
2016-04,Onion,Nasik,Lasalgaon,7.48,3.6,8.65,21898.5,2016,April
2016-04,Onion,Nasik,Lasalgaon-Niphad,6.49,3.57,7.4,3175.8,2016,April
2016-04,Onion,Aurangabad,Lasur Station,5.3,1.65,8.02,610.9,2016,April
2016-04,Onion,Satara,Lonand,6.39,2.64,8.17,3928.5,2016,April
2016-04,Onion,Nasik,Malegaon,6.23,2.24,8.18,9512.4,2016,April
2016-04,Onion,Buldhana,Malkapur,5.25,3.06,6.7,1055.9,2016,April
2016-04,Onion,Pune,Manchar,5.85,3.75,7.65,297.2,2016,April
2016-04,Onion,Nasik,Manmad,7.29,3.39,8.65,11834.4,2016,April
2016-04,Onion,Mumbai,Mumbai,8.5,7.13,10.2,25840.0,2016,April
2016-04,Onion,Nagpur,Nagpur,7.31,4.86,8.13,14843.3,2016,April
2016-04,Onion,Nasik,Nampur,6.61,3.42,8.37,6275.5,2016,April
2016-04,Onion,Buldhana,Nandura,6.04,4.63,6.04,185.0,2016,April
2016-04,Onion,Nasik,Nashik,6.17,1.69,8.57,5553.8,2016,April
2016-04,Onion,Ahmadnagar,Newasa-Ghodegaon,7.17,2.0,9.21,23170.0,2016,April
2016-04,Onion,Osmanabad,Osmanabad,5.38,5.25,5.5,0.6,2016,April
2016-04,Onion,Aurangabad,Paithan,5.27,1.73,8.41,1550.8,2016,April
2016-04,Onion,Thane,Palghar(Bevur),10.06,9.78,10.76,79.3,2016,April
2016-04,Onion,Solapur,Pandharpur,5.7,0.87,9.29,158.7,2016,April
2016-04,Onion,Osmanabad,Paranda,2.82,0.7,5.74,426.2,2016,April
2016-04,Onion,Ahmadnagar,Parner,6.85,3.0,9.19,14467.3,2016,April
2016-04,Onion,Ahmadnagar,Pathardi,6.96,1.73,16.05,470.3,2016,April
2016-04,Onion,Satara,Phaltan,6.17,3.0,8.42,1398.2,2016,April
2016-04,Onion,Nasik,Pimpalgaon (B)-Saykheda,6.09,2.41,8.25,12999.8,2016,April
2016-04,Onion,Nasik,Pimpalgaon Basawant,6.78,3.91,9.21,27128.0,2016,April
2016-04,Onion,Pune,Pune,7.24,4.38,8.6,29895.8,2016,April
2016-04,Onion,Pune,Pune-Manjri,6.79,5.33,14.67,15.9,2016,April
2016-04,Onion,Pune,Pune-Pimpri,7.35,6.73,7.71,29.6,2016,April
2016-04,Onion,Ahmadnagar,Rahata,6.19,1.0,9.25,6467.1,2016,April
2016-04,Onion,Ahmadnagar,Rahuri-Vambori,5.15,1.35,9.08,3293.8,2016,April
2016-04,Onion,Nagpur,Ramtek,9.64,8.72,10.56,31.7,2016,April
2016-04,Onion,Dhule,Sakri,5.25,1.98,8.21,5295.9,2016,April
2016-04,Onion,Ahmadnagar,Sangamner,7.57,3.0,10.17,19581.5,2016,April
2016-04,Onion,Sangli,Sangli-Phale Bhajipalam,5.93,2.23,8.55,7688.0,2016,April
2016-04,Onion,Nasik,Satana,6.85,4.26,8.16,10403.6,2016,April
2016-04,Onion,Satara,Satara,6.32,4.43,8.21,726.0,2016,April
2016-04,Onion,Ahmadnagar,Shevgaon,7.75,5.83,7.75,284.7,2016,April
2016-04,Onion,Dhule,Shirpur,4.74,1.26,6.21,491.2,2016,April
2016-04,Onion,Ahmadnagar,Shrirampur,6.25,1.0,9.44,9031.0,2016,April
2016-04,Onion,Nasik,Sinner,6.38,0.99,8.82,9329.6,2016,April
2016-04,Onion,Solapur,Solapur,4.81,1.04,10.04,34854.8,2016,April
2016-04,Onion,Thane,Ulhasnagar,11.67,8.83,15.17,310.5,2016,April
2016-04,Onion,Nasik,Umrane,6.52,3.76,7.83,20484.7,2016,April
2016-04,Onion,Aurangabad,Vaijapur,5.64,1.82,7.72,1341.3,2016,April
2016-04,Onion,Thane,Vasai,12.5,9.75,17.0,25.0,2016,April
2016-04,Onion,Jalgaon,Yawal,5.74,4.6,6.68,8876.3,2016,April
2016-04,Onion,Nasik,Yeola,6.5,2.85,8.01,11674.4,2016,April
2016-04,Rice,Gondiya,Aamgaon,16.57,16.3,16.84,148.1,2016,April
2016-04,Rice,Gadchiroli,Aheri,21.5368,21.5368,21.5368,54.9,2016,April
2016-04,Rice,Ahmadnagar,Akole,17.04,15.0,20.17,44.8,2016,April
2016-04,Rice,Raigad,Alibag,26.4038,23.9615,28.8462,169.0,2016,April
2016-04,Rice,Gondiya,Arjuni Morgaon,18.14,17.81,18.15,497.3,2016,April
2016-04,Rice,Gadchiroli,Armori,17.84,17.09,18.18,298.9,2016,April
2016-04,Rice,Gadchiroli,Armori-Desaiganj,17.33,16.3,17.49,1548.8,2016,April
2016-04,Rice,Latur,Ausa,9.0,7.0,10.0,0.1,2016,April
2016-04,Rice,Solapur,Barshi,17.21,17.01,17.4,27.7,2016,April
2016-04,Rice,Bhandara,Bhandara,27.54,26.8,28.26,19.5,2016,April
2016-04,Rice,Thane,Bhivandi,29.73,21.82,36.58,114.6,2016,April
2016-04,Rice,Nagpur,Bhiwapur,21.18,20.5,21.73,204.0,2016,April
2016-04,Rice,Chandrapur,Brahmpuri,19.75,19.14,20.46,202.7,2016,April
2016-04,Rice,Gadchiroli,Chamorshi,21.49,20.98,29.17,1599.3,2016,April
2016-04,Rice,Chandrapur,Chimur,20.56,19.58,21.06,859.3,2016,April
2016-04,Rice,Nasik,Devala,14.15,14.15,14.15,0.1,2016,April
2016-04,Rice,Gadchiroli,Gadchiroli,18.69,17.81,19.0,347.2,2016,April
2016-04,Rice,Gondiya,Gondiya,15.929,15.349,16.5294,1187.6,2016,April
2016-04,Rice,Chandrapur,Gondpimpri,19.73,19.44,19.96,211.6,2016,April
2016-04,Rice,Pune,Indapur,14.0,14.0,14.0,0.1,2016,April
2016-04,Rice,Pune,Indapur-Bhigwan,16.29,16.08,16.4,15.0,2016,April
2016-04,Rice,Raigad,Karjat (Raigad),30.0,20.0,44.0,103.4,2016,April
2016-04,Rice,Kolhapur,Kolhapur-Laxmipuri,24.4605,19.7142,29.2257,1692.0,2016,April
2016-04,Rice,Bhandara,Lakhani,19.21,19.21,19.21,12.3,2016,April
2016-04,Rice,Raigad,Mangaon(Bhadav),26.93,18.13,35.4,21.5,2016,April
2016-04,Rice,Chandrapur,Mul,21.64,19.75,22.28,1939.7,2016,April
2016-04,Rice,Mumbai,Mumbai,55.86,41.87,69.51,56309.8,2016,April
2016-04,Rice,Thane,Murbad,15.43,14.5,16.33,163.6,2016,April
2016-04,Rice,Raigad,Murud,22.6724,20.0467,25.2929,153.0,2016,April
2016-04,Rice,Chandrapur,Nagbhid,20.6,17.23,20.65,1500.3,2016,April
2016-04,Rice,Nagpur,Nagpur,26.9108,24.6534,27.7039,354.4,2016,April
2016-04,Rice,Nandurbar,Nandurbar,27.0,27.0,27.0,2.1,2016,April
2016-04,Rice,Nandurbar,Navapur,12.7718,12.641,12.9287,7.8,2016,April
2016-04,Rice,Pune,Nira-Saswad,31.96,27.5,36.43,17.8,2016,April
2016-04,Rice,Thane,Palghar(Bevur),26.94,24.22,29.85,386.4,2016,April
2016-04,Rice,Bhandara,Pavani,19.59,19.28,19.75,47.5,2016,April
2016-04,Rice,Raigad,Pen,22.9667,21.2333,29.8333,1.8,2016,April
2016-04,Rice,Chandrapur,Pombhurni,20.0,19.5,21.0,398.0,2016,April
2016-04,Rice,Pune,Pune,50.34,42.5,54.81,1369.5,2016,April
2016-04,Rice,Raigad,Roha,14.15,14.1,14.2,772.0,2016,April
2016-04,Rice,Gondiya,Sadak Arjuni,16.5,16.0,16.5,4.5,2016,April
2016-04,Rice,Sangli,Sangali,43.69,18.97,56.06,1046.5,2016,April
2016-04,Rice,Chandrapur,Savali,19.87,19.34,20.43,629.9,2016,April
2016-04,Rice,Chandrapur,Sindevahi,17.75,17.75,18.75,551.0,2016,April
2016-04,Rice,Nasik,Sinner,19.67,19.67,19.67,0.4,2016,April
2016-04,Rice,Solapur,Solapur,32.63,22.39,51.81,785.4,2016,April
2016-04,Rice,Gondiya,Tiroda,16.92,16.45,17.39,1241.7,2016,April
2016-04,Rice,Bhandara,Tumsar,19.1018,18.2887,19.9657,2764.9,2016,April
2016-04,Rice,Thane,Ulhasnagar,42.57,30.22,57.39,481.4,2016,April
2016-04,Rice,Nagpur,Umared,32.0,20.0,35.88,415.4,2016,April
2016-04,Rice,Thane,Vasai,27.3004,18.3193,42.1747,269.5,2016,April
2016-04,Soybean,Gadchiroli,Aheri,33.5,32.0,35.0,32.8,2016,April
2016-04,Soybean,Ahmadnagar,Ahmednagar,36.03,22.0,39.0,2.0,2016,April
2016-04,Soybean,Latur,Ahmedpur,39.44,39.01,40.12,154.8,2016,April
2016-04,Soybean,Hingoli,Akhadabalapur,36.38,35.75,37.0,14.7,2016,April
2016-04,Soybean,Akola,Akola,38.06,35.41,40.28,1912.7,2016,April
2016-04,Soybean,Ahmadnagar,Akole,36.83,34.0,38.83,37.8,2016,April
2016-04,Soybean,Akola,Akot,37.01,34.71,39.31,601.2,2016,April
2016-04,Soybean,Jalgaon,Amalner,35.5,31.5,35.5,1.0,2016,April
2016-04,Soybean,Amaravathi,Amarawati,35.6,33.0,38.56,3468.4,2016,April
2016-04,Soybean,Beed,Ambejogai,39.76,38.75,40.89,1680.6,2016,April
2016-04,Soybean,Amaravathi,Anajngaon Surji,35.67,33.39,38.11,26.0,2016,April
2016-04,Soybean,Wardha,Arvi,36.54,35.01,38.49,210.0,2016,April
2016-04,Soybean,Wardha,Ashti-Karanja,35.21,31.74,38.57,210.5,2016,April
2016-04,Soybean,Latur,Aurad Shahajani,40.16,39.29,40.92,56.9,2016,April
2016-04,Soybean,Latur,Ausa,40.16,38.03,40.6,180.2,2016,April
2016-04,Soybean,Yewatmal,Babhulgaon,37.29,35.34,39.79,600.0,2016,April
2016-04,Soybean,Akola,Balapur,38.75,37.88,39.5,171.2,2016,April
2016-04,Soybean,Pune,Baramati,37.27,33.65,37.6,6.5,2016,April
2016-04,Soybean,Solapur,Barshi-Vairag,39.66,39.63,39.85,7.0,2016,April
2016-04,Soybean,Beed,Beed,40.0,39.0,40.26,49.4,2016,April
2016-04,Soybean,Nagpur,Bhiwapur,35.0,32.33,37.0,16.8,2016,April
2016-04,Soybean,Nanded,Bhokar,36.74,35.36,38.19,43.8,2016,April
2016-04,Soybean,Jalna,Bhokardan,38.38,37.88,38.88,18.7,2016,April
2016-04,Soybean,Jalna,Bhokardan-Pimpalgaon Renu,38.83,38.33,39.33,2.8,2016,April
2016-04,Soybean,Buldhana,Buldhana,37.86,36.86,39.06,166.5,2016,April
2016-04,Soybean,Buldhana,Buldhana-Dhad,38.33,37.08,39.69,730.5,2016,April
2016-04,Soybean,Latur,Chakur,39.95,38.58,40.76,35.1,2016,April
2016-04,Soybean,Chandrapur,Chandrapur,38.35,36.85,38.94,94.0,2016,April
2016-04,Soybean,Amaravathi,Chandur Bajar,36.47,32.0,38.84,180.8,2016,April
2016-04,Soybean,Amaravathi,Chandur Rly.,37.22,35.62,38.16,145.6,2016,April
2016-04,Soybean,Buldhana,Chikhali,37.6,35.8,39.41,1444.8,2016,April
2016-04,Soybean,Chandrapur,Chimur,35.52,34.38,36.63,5.5,2016,April
2016-04,Soybean,Jalgaon,Chopda,33.56,30.17,33.61,4.9,2016,April
2016-04,Soybean,Amaravathi,Daryapur,36.93,32.22,38.5,154.3,2016,April
2016-04,Soybean,Latur,Devani,40.21,39.26,40.79,56.7,2016,April
2016-04,Soybean,Amaravathi,Dhamangaon-Rly,36.95,35.51,39.37,1135.0,2016,April
2016-04,Soybean,Amaravathi,Dharni,28.5,28.0,29.0,30.0,2016,April
2016-04,Soybean,Dhule,Dhule,37.73,32.38,39.33,4.8,2016,April
2016-04,Soybean,Yewatmal,Digras,39.9,38.67,40.59,137.3,2016,April
2016-04,Soybean,Parbhani,Gangakhed,37.9,36.61,39.31,173.2,2016,April
2016-04,Soybean,Aurangabad,Gangapur,39.0,33.0,39.0,0.2,2016,April
2016-04,Soybean,Beed,Gevrai,38.53,38.29,38.73,7.0,2016,April
2016-04,Soybean,Yewatmal,Ghatanji,37.67,36.5,38.8,8.5,2016,April
2016-04,Soybean,Chandrapur,Gondpimpri,36.0,35.38,36.63,129.0,2016,April
2016-04,Soybean,Nanded,Hadgaon,37.69,35.31,39.23,93.4,2016,April
2016-04,Soybean,Nanded,Hadgaon-Tamsa,37.69,35.0,39.0,74.5,2016,April
2016-04,Soybean,Wardha,Hinganghat,34.69,31.88,40.2,4553.2,2016,April
2016-04,Soybean,Hingoli,Hingoli,39.79,37.25,39.79,925.3,2016,April
2016-04,Soybean,Pune,Indapur,34.0,34.0,34.0,0.4,2016,April
2016-04,Soybean,Jalna,Jafrabad,37.46,36.5,38.17,17.2,2016,April
2016-04,Soybean,Buldhana,Jalgaon Jamod-Aasalgaon,36.0,33.17,37.17,68.5,2016,April
2016-04,Soybean,Latur,Jalkot,38.81,38.38,39.19,33.7,2016,April
2016-04,Soybean,Jalna,Jalna,38.56,35.49,39.29,160.4,2016,April
2016-04,Soybean,Ahmadnagar,Jamkhed,32.75,30.84,34.66,9.9,2016,April
2016-04,Soybean,Hingoli,Jawala-Bajar,39.61,38.96,39.73,75.5,2016,April
2016-04,Soybean,Parbhani,Jintur,38.46,36.97,39.25,300.2,2016,April
2016-04,Soybean,Parbhani,Jintur-Bori,37.41,36.99,37.63,1.5,2016,April
2016-04,Soybean,Osmanabad,Kalamb (Os),39.45,37.63,40.25,251.2,2016,April
2016-04,Soybean,Yewatmal,Kalamb (Yawatmal),37.29,36.18,38.59,38.4,2016,April
2016-04,Soybean,Nagpur,Kalmeshwar,36.29,33.47,37.67,26.3,2016,April
2016-04,Soybean,Nasik,Kalvan,41.08,40.87,41.19,21.5,2016,April
2016-04,Soybean,Wasim,Karanja,38.92,37.82,40.24,4970.0,2016,April
2016-04,Soybean,Nagpur,Katol,36.98,31.16,39.13,1088.0,2016,April
2016-04,Soybean,Beed,Kej,38.69,33.41,40.07,51.2,2016,April
2016-04,Soybean,Buldhana,Khamgaon,38.4,34.97,40.34,6951.1,2016,April
2016-04,Soybean,Beed,Kille Dharur,39.88,35.84,40.33,116.3,2016,April
2016-04,Soybean,Ahmadnagar,Kopargaon,38.93,37.28,39.5,17.5,2016,April
2016-04,Soybean,Nasik,Lasalgaon,40.14,25.13,40.96,389.1,2016,April
2016-04,Soybean,Nasik,Lasalgaon-Niphad,40.08,37.04,40.57,47.1,2016,April
2016-04,Soybean,Nasik,Lasalgaon-Vinchur,40.53,29.32,41.01,187.9,2016,April
2016-04,Soybean,Aurangabad,Lasur Station,39.01,38.25,39.39,6.1,2016,April
2016-04,Soybean,Latur,Latur,40.61,38.68,41.38,5747.6,2016,April
2016-04,Soybean,Latur,Latur-Murud,39.43,36.13,40.1,20.7,2016,April
2016-04,Soybean,Buldhana,Lonar,38.6,37.69,63.54,828.5,2016,April
2016-04,Soybean,Beed,Majalgaon,38.23,32.81,39.7,159.5,2016,April
2016-04,Soybean,Buldhana,Malkapur,38.13,32.25,39.86,485.7,2016,April
2016-04,Soybean,Nagpur,Mandhal,35.88,35.5,36.29,18.2,2016,April
2016-04,Soybean,Wasim,Mangrulpeer,39.48,36.76,40.8,2513.7,2016,April
2016-04,Soybean,Wasim,Manora,39.18,37.64,40.96,652.2,2016,April
2016-04,Soybean,Jalna,Mantha,38.0,36.75,39.0,8.1,2016,April
2016-04,Soybean,Buldhana,Mehkar,38.71,36.35,39.87,1504.6,2016,April
2016-04,Soybean,Amaravathi,Morshi,33.74,33.25,34.88,81.6,2016,April
2016-04,Soybean,Akola,Murtizapur,38.33,37.08,39.4,1380.0,2016,April
2016-04,Soybean,Osmanabad,Murum,39.32,38.89,39.74,5.0,2016,April
2016-04,Soybean,Nagpur,Nagpur,37.48,34.02,38.63,234.4,2016,April
2016-04,Soybean,Nasik,Nampur,40.0,40.0,40.0,0.1,2016,April
2016-04,Soybean,Nanded,Nanded,38.81,38.81,38.81,21.0,2016,April
2016-04,Soybean,Amaravathi,Nandgaon Khandeshwar,33.97,28.92,38.92,260.1,2016,April
2016-04,Soybean,Buldhana,Nandura,38.99,35.04,39.07,220.8,2016,April
2016-04,Soybean,Nandurbar,Nandurbar,36.66,36.39,36.85,7.2,2016,April
2016-04,Soybean,Yewatmal,Ner Parasopant,38.32,37.32,39.28,899.5,2016,April
2016-04,Soybean,Osmanabad,Osmanabad,38.73,37.75,38.88,2.2,2016,April
2016-04,Soybean,Parbhani,Palam,36.0,36.0,36.0,2.8,2016,April
2016-04,Soybean,Yewatmal,Pandharkawada,38.35,38.35,38.35,3.0,2016,April
2016-04,Soybean,Parbhani,Parbhani,38.49,37.6,38.8,56.8,2016,April
2016-04,Soybean,Beed,Parli-Vaijnath,39.8,36.94,41.31,870.5,2016,April
2016-04,Soybean,Jalna,Partur,39.22,38.61,39.87,6.3,2016,April
2016-04,Soybean,Parbhani,Pathari,36.63,25.88,37.88,6.2,2016,April
2016-04,Soybean,Akola,Patur,36.86,35.23,37.82,65.5,2016,April
2016-04,Soybean,Wardha,Pulgaon,37.83,36.26,38.41,82.3,2016,April
2016-04,Soybean,Parbhani,Purna,38.64,37.08,39.05,57.0,2016,April
2016-04,Soybean,Yewatmal,Pusad,37.87,33.68,39.47,182.0,2016,April
2016-04,Soybean,Ahmadnagar,Rahata,38.82,38.79,39.02,3.5,2016,April
2016-04,Soybean,Ahmadnagar,Rahuri-Vambori,34.18,33.13,35.23,8.0,2016,April
2016-04,Soybean,Chandrapur,Rajura,38.05,37.56,38.36,155.7,2016,April
2016-04,Soybean,Wasim,Risod,38.61,37.46,39.72,3220.0,2016,April
2016-04,Soybean,Dhule,Sakri,39.17,39.17,39.17,0.4,2016,April
2016-04,Soybean,Wardha,Samudrapur,34.75,32.09,37.64,12.3,2016,April
2016-04,Soybean,Sangli,Sangali,40.48,38.25,41.53,815.2,2016,April
2016-04,Soybean,Ahmadnagar,Sangamner,38.69,37.58,39.3,30.5,2016,April
2016-04,Soybean,Buldhana,Sangrampur-Varvatbakal,34.35,29.42,36.54,7.4,2016,April
2016-04,Soybean,Nagpur,Savner,35.97,33.06,37.25,67.6,2016,April
2016-04,Soybean,Hingoli,Sengaon,38.4,37.23,39.52,437.0,2016,April
2016-04,Soybean,Buldhana,Shegaon,36.18,32.33,39.32,110.8,2016,April
2016-04,Soybean,Dhule,Shirpur,35.61,32.98,37.37,7.5,2016,April
2016-04,Soybean,Ahmadnagar,Shrirampur,39.26,39.26,39.26,0.6,2016,April
2016-04,Soybean,Aurangabad,Sillod,35.11,34.11,36.33,22.2,2016,April
2016-04,Soybean,Aurangabad,Sillod-Bharadi,37.2,36.01,38.4,3.2,2016,April
2016-04,Soybean,Wardha,Sindi,35.25,33.33,37.17,9.4,2016,April
2016-04,Soybean,Wardha,Sindi (Selu),35.39,30.0,39.58,90.2,2016,April
2016-04,Soybean,Buldhana,Sindkhed Raja,39.2,37.0,40.2,19.6,2016,April
2016-04,Soybean,Nasik,Sinner,40.83,37.28,41.18,35.3,2016,April
2016-04,Soybean,Parbhani,Sonpeth,38.85,35.77,39.92,26.2,2016,April
2016-04,Soybean,Akola,Telhara,35.77,34.88,36.67,123.5,2016,April
2016-04,Soybean,Osmanabad,Tuljapur,40.6,40.6,40.6,0.8,2016,April
2016-04,Soybean,Latur,Udgir,40.46,40.29,40.46,634.9,2016,April
2016-04,Soybean,Nagpur,Umared,36.29,34.07,38.94,493.4,2016,April
2016-04,Soybean,Osmanabad,Umarga,38.47,38.06,38.91,4.6,2016,April
2016-04,Soybean,Nanded,Umari,38.99,38.53,39.49,27.3,2016,April
2016-04,Soybean,Yewatmal,Umarkhed,35.86,34.86,36.86,130.0,2016,April
2016-04,Soybean,Yewatmal,Umarkhed-Danki,36.5,35.5,37.5,46.0,2016,April
2016-04,Soybean,Aurangabad,Vaijapur,36.65,36.65,36.65,0.8,2016,April
2016-04,Soybean,Yewatmal,Vani,37.22,34.79,38.4,137.1,2016,April
2016-04,Soybean,Chandrapur,Varora,36.07,33.07,39.07,564.1,2016,April
2016-04,Soybean,Wardha,Wardha,38.4,34.5,38.4,840.9,2016,April
2016-04,Soybean,Wasim,Washim,38.5,37.38,40.08,5376.4,2016,April
2016-04,Soybean,Yewatmal,Yeotmal,38.57,36.61,40.45,2097.8,2016,April
2016-04,Soybean,Yewatmal,Zarijamini,34.83,34.81,34.89,8.8,2016,April
2016-04,Sugarcane,Aurangabad,Sillod,30.0,28.0,30.0,0.3,2016,April
2016-04,Sugarcane,Thane,Ulhasnagar,4.05,2.95,5.41,266.0,2016,April
2016-05,Bajra,Amaravathi,Achalpur,17.0,17.0,17.0,0.1,2016,May
2016-05,Bajra,Ahmadnagar,Ahmednagar,19.23,18.25,20.04,22.5,2016,May
2016-05,Bajra,Latur,Ahmedpur,15.4,15.4,15.4,0.1,2016,May
2016-05,Bajra,Solapur,Akluj,16.46,16.46,16.46,1.3,2016,May
2016-05,Bajra,Ahmadnagar,Akole,16.83,14.83,20.0,1.7,2016,May
2016-05,Bajra,Jalgaon,Amalner,18.06,15.57,18.16,706.8,2016,May
2016-05,Bajra,Amaravathi,Amarawati,18.26,16.4,20.11,17.5,2016,May
2016-05,Bajra,Jalna,Ambad(Vadi Godri),17.6,16.45,19.1,143.4,2016,May
2016-05,Bajra,Latur,Ausa,17.61,16.56,18.56,1.0,2016,May
2016-05,Bajra,Pune,Baramati,18.68,17.21,22.12,104.3,2016,May
2016-05,Bajra,Solapur,Barshi,19.0,19.0,19.0,0.5,2016,May
2016-05,Bajra,Beed,Beed,17.54,15.8,19.08,124.6,2016,May
2016-05,Bajra,Jalna,Bhokardan,14.09,13.88,14.31,6.0,2016,May
2016-05,Bajra,Jalna,Bhokardan-Pimpalgaon Renu,15.25,15.0,15.5,0.3,2016,May
2016-05,Bajra,Jalgaon,Bhusaval,16.44,16.44,16.44,6.5,2016,May
2016-05,Bajra,Jalgaon,Chalisgaon,17.83,14.17,19.05,165.8,2016,May
2016-05,Bajra,Buldhana,Chikhali,15.47,14.61,16.32,8.3,2016,May
2016-05,Bajra,Jalgaon,Chopda,17.72,16.49,17.92,737.2,2016,May
2016-05,Bajra,Nasik,Devala,17.16,15.47,18.77,46.3,2016,May
2016-05,Bajra,Jalgaon,Dharangaon,15.98,15.86,16.21,11.1,2016,May
2016-05,Bajra,Dhule,Dhule,19.41,16.02,20.5,171.3,2016,May
2016-05,Bajra,Yewatmal,Digras,13.78,13.78,13.78,2.0,2016,May
2016-05,Bajra,Dhule,Dondaicha,17.35,13.75,18.19,113.6,2016,May
2016-05,Bajra,Dhule,Dondaicha-Sindkheda,16.43,14.61,17.2,43.3,2016,May
2016-05,Bajra,Pune,Dound,20.62,17.0,22.82,47.0,2016,May
2016-05,Bajra,Solapur,Dudhani,17.54,16.88,17.56,5.2,2016,May
2016-05,Bajra,Aurangabad,Gangapur,18.24,17.55,18.95,17.8,2016,May
2016-05,Bajra,Beed,Gevrai,17.7,16.8,18.64,382.0,2016,May
2016-05,Bajra,Jalna,Ghansawangi,16.0,15.0,17.0,2.4,2016,May
2016-05,Bajra,Pune,Indapur,19.24,18.0,20.11,58.0,2016,May
2016-05,Bajra,Pune,Indapur (Nimgaon Ketki),19.76,18.01,20.51,0.7,2016,May
2016-05,Bajra,Pune,Indapur-Bhigwan,19.69,16.13,21.84,36.6,2016,May
2016-05,Bajra,Jalgaon,Jalgaon,17.88,17.37,18.0,185.6,2016,May
2016-05,Bajra,Jalna,Jalna,17.35,16.25,18.69,473.6,2016,May
2016-05,Bajra,Jalna,Jalna-Badnapur,16.88,16.75,17.25,1.2,2016,May
2016-05,Bajra,Ahmadnagar,Jamkhed,16.5,14.86,18.14,6.8,2016,May
2016-05,Bajra,Beed,Kada,17.71,15.79,19.46,21.6,2016,May
2016-05,Bajra,Osmanabad,Kalamb (Os),16.02,15.66,16.19,5.2,2016,May
2016-05,Bajra,Nasik,Kalvan,18.59,15.94,30.06,44.0,2016,May
2016-05,Bajra,Thane,Kalyan,20.0,19.0,20.0,0.3,2016,May
2016-05,Bajra,Aurangabad,Kannad,17.51,15.91,18.68,32.4,2016,May
2016-05,Bajra,Wasim,Karanja,58.5,57.75,59.6,22.5,2016,May
2016-05,Bajra,Beed,Kej,15.51,13.36,18.42,20.5,2016,May
2016-05,Bajra,Buldhana,Khamgaon,16.47,16.19,16.65,12.9,2016,May
2016-05,Bajra,Beed,Kille Dharur,19.69,16.36,20.59,38.4,2016,May
2016-05,Bajra,Kolhapur,Kolhapur-Laxmipuri,19.42,18.42,20.28,7.6,2016,May
2016-05,Bajra,Ahmadnagar,Kopargaon,18.49,16.87,19.49,36.5,2016,May
2016-05,Bajra,Nasik,Lasalgaon,19.09,13.85,22.4,104.0,2016,May
2016-05,Bajra,Nasik,Lasalgaon-Vinchur,19.6,18.68,20.03,6.1,2016,May
2016-05,Bajra,Aurangabad,Lasur Station,16.35,14.42,18.07,117.2,2016,May
2016-05,Bajra,Latur,Latur,17.67,16.32,18.54,5.4,2016,May
2016-05,Bajra,Satara,Lonand,18.88,16.63,21.16,6.5,2016,May
2016-05,Bajra,Beed,Majalgaon,16.87,13.02,18.38,142.5,2016,May
2016-05,Bajra,Nasik,Malegaon,19.06,15.14,20.48,52.2,2016,May
2016-05,Bajra,Buldhana,Malkapur,15.08,15.08,15.08,0.4,2016,May
2016-05,Bajra,Solapur,Mangalwedha,18.0,18.0,18.0,0.1,2016,May
2016-05,Bajra,Nasik,Manmad,18.18,16.06,18.95,25.5,2016,May
2016-05,Bajra,Parbhani,Manwat,16.0,15.5,18.5,0.9,2016,May
2016-05,Bajra,Osmanabad,Murum,16.92,16.62,17.22,1.3,2016,May
2016-05,Bajra,Nasik,Nampur,17.33,16.36,17.59,4.0,2016,May
2016-05,Bajra,Buldhana,Nandura,18.11,15.4,18.11,4.9,2016,May
2016-05,Bajra,Nandurbar,Nandurbar,16.23,13.83,17.85,141.4,2016,May
2016-05,Bajra,Ahmadnagar,Newasa,17.0,17.0,17.0,0.2,2016,May
2016-05,Bajra,Pune,Nira-Saswad,19.43,15.5,23.37,66.0,2016,May
2016-05,Bajra,Jalgaon,Pachora,17.01,15.42,18.65,236.0,2016,May
2016-05,Bajra,Aurangabad,Paithan,16.64,15.17,17.95,32.6,2016,May
2016-05,Bajra,Solapur,Pandharpur,18.87,18.87,18.87,4.3,2016,May
2016-05,Bajra,Beed,Parli-Vaijnath,15.88,15.49,16.1,7.9,2016,May
2016-05,Bajra,Jalgaon,Parola,16.4,14.84,17.93,15.0,2016,May
2016-05,Bajra,Jalna,Partur,16.55,15.9,17.02,8.1,2016,May
2016-05,Bajra,Ahmadnagar,Pathardi,15.61,12.76,17.89,34.4,2016,May
2016-05,Bajra,Parbhani,Pathari,14.91,9.79,16.32,6.6,2016,May
2016-05,Bajra,Satara,Phaltan,19.13,12.75,23.57,35.4,2016,May
2016-05,Bajra,Pune,Pune,22.51,21.43,22.86,329.2,2016,May
2016-05,Bajra,Yewatmal,Pusad,19.78,17.89,20.8,2.8,2016,May
2016-05,Bajra,Ahmadnagar,Rahata,16.58,15.99,17.15,5.7,2016,May
2016-05,Bajra,Ahmadnagar,Rahuri-Songaon,14.25,13.0,15.5,1.3,2016,May
2016-05,Bajra,Ahmadnagar,Rahuri-Vambori,17.63,17.63,17.63,1.4,2016,May
2016-05,Bajra,Jalgaon,Raver,14.72,12.48,15.01,5.6,2016,May
2016-05,Bajra,Dhule,Sakri,16.57,16.13,17.32,4.9,2016,May
2016-05,Bajra,Sangli,Sangali,19.01,17.12,20.38,229.5,2016,May
2016-05,Bajra,Ahmadnagar,Sangamner,19.05,16.07,20.45,106.2,2016,May
2016-05,Bajra,Nasik,Satana,18.98,15.63,20.65,33.0,2016,May
2016-05,Bajra,Nandurbar,Shahada,17.76,17.55,17.93,132.3,2016,May
2016-05,Bajra,Ahmadnagar,Shevgaon,18.54,15.44,18.54,62.0,2016,May
2016-05,Bajra,Ahmadnagar,Shevgaon-Bodhegaon,17.25,15.76,17.25,41.4,2016,May
2016-05,Bajra,Dhule,Shirpur,17.41,14.42,18.07,284.7,2016,May
2016-05,Bajra,Pune,Shirur,17.42,16.59,18.31,13.3,2016,May
2016-05,Bajra,Ahmadnagar,Shrigonda,19.25,19.25,19.25,0.7,2016,May
2016-05,Bajra,Ahmadnagar,Shrirampur,18.55,18.4,18.72,5.6,2016,May
2016-05,Bajra,Aurangabad,Sillod,14.36,13.41,15.25,10.2,2016,May
2016-05,Bajra,Aurangabad,Sillod-Bharadi,16.5,15.25,17.5,0.3,2016,May
2016-05,Bajra,Nasik,Sinner,17.79,14.85,19.87,84.1,2016,May
2016-05,Bajra,Solapur,Solapur,19.02,19.02,19.02,0.3,2016,May
2016-05,Bajra,Parbhani,Sonpeth,15.72,15.2,15.97,3.9,2016,May
2016-05,Bajra,Nandurbar,Taloda,17.46,16.79,18.04,57.0,2016,May
2016-05,Bajra,Thane,Ulhasnagar,24.71,19.86,30.43,126.0,2016,May
2016-05,Bajra,Satara,Vaduj,17.14,16.29,18.0,3.8,2016,May
2016-05,Bajra,Aurangabad,Vaijapur,18.32,16.42,19.77,66.1,2016,May
2016-05,Bajra,Wasim,Washim,20.0,20.0,20.0,0.1,2016,May
2016-05,Bajra,Jalgaon,Yawal,11.0,10.0,13.0,2.5,2016,May
2016-05,Bajra,Nasik,Yeola,17.73,15.53,19.76,18.0,2016,May
2016-05,Cotton,Akola,Akot,50.87,50.27,51.4,1483.0,2016,May
2016-05,Cotton,Amaravathi,Amarawati,50.48,50.19,50.78,493.4,2016,May
2016-05,Cotton,Wardha,Arvi,50.95,50.58,51.25,4027.2,2016,May
2016-05,Cotton,Wardha,Ashti (Wardha),49.77,49.58,49.94,506.0,2016,May
2016-05,Cotton,Nagpur,Bhiwapur,42.68,41.05,44.5,89.8,2016,May
2016-05,Cotton,Nanded,Bhokar,48.28,42.5,49.19,517.4,2016,May
2016-05,Cotton,Chandrapur,Chimur,49.13,48.0,49.94,27.4,2016,May
2016-05,Cotton,Amaravathi,Dhamangaon-Rly,48.56,47.47,50.08,501.0,2016,May
2016-05,Cotton,Parbhani,Gangakhed,47.68,41.0,48.84,386.0,2016,May
2016-05,Cotton,Beed,Gevrai,42.75,40.25,43.63,380.7,2016,May
2016-05,Cotton,Yewatmal,Ghatanji,46.24,42.25,49.78,328.8,2016,May
2016-05,Cotton,Wardha,Hinganghat,45.24,42.45,51.72,5214.9,2016,May
2016-05,Cotton,Jalgaon,Jamner,47.41,41.74,48.29,38.4,2016,May
2016-05,Cotton,Jalgaon,Jamner-Neri,47.3,41.86,48.17,15.5,2016,May
2016-05,Cotton,Parbhani,Jintur,48.02,47.61,48.72,606.4,2016,May
2016-05,Cotton,Nagpur,Kalmeshwar,48.36,40.72,63.35,3186.5,2016,May
2016-05,Cotton,Nagpur,Katol,47.22,40.84,49.37,744.0,2016,May
2016-05,Cotton,Buldhana,Khamgaon,47.22,42.29,50.13,439.8,2016,May
2016-05,Cotton,Beed,Kille Dharur,50.21,41.18,50.86,376.1,2016,May
2016-05,Cotton,Nagpur,Mandhal,44.32,42.81,46.83,10.9,2016,May
2016-05,Cotton,Nagpur,Narkhed,47.84,46.87,49.09,1110.2,2016,May
2016-05,Cotton,Parbhani,Parbhani,48.94,46.99,49.13,130.0,2016,May
2016-05,Cotton,Wardha,Pulgaon,47.61,41.65,49.26,754.7,2016,May
2016-05,Cotton,Yewatmal,Ralegaon,47.61,43.13,49.53,1041.7,2016,May
2016-05,Cotton,Parbhani,Sailu,51.36,39.81,52.0,463.5,2016,May
2016-05,Cotton,Nagpur,Savner,47.0,47.0,47.0,10.0,2016,May
2016-05,Cotton,Wardha,Sindi,44.0,41.0,49.5,5.0,2016,May
2016-05,Cotton,Wardha,Sindi (Selu),42.7,39.93,49.43,244.3,2016,May
2016-05,Cotton,Gadchiroli,Sironcha,41.14,41.14,41.14,238.5,2016,May
2016-05,Cotton,Parbhani,Sonpeth,48.61,35.79,49.02,64.2,2016,May
2016-05,Cotton,Akola,Telhara,46.08,45.5,46.67,764.5,2016,May
2016-05,Cotton,Nagpur,Umared,45.64,40.0,48.3,48.7,2016,May
2016-05,Cotton,Chandrapur,Varora,46.0,42.0,50.0,4.6,2016,May
2016-05,Cotton,Amaravathi,Varud,46.72,45.07,49.54,961.7,2016,May
2016-05,Cotton,Wardha,Wardha,50.23,42.29,50.23,310.7,2016,May
2016-05,Cotton,Jalgaon,Yawal,42.56,40.5,45.18,149.9,2016,May
2016-05,Cotton,Yewatmal,Yeotmal,47.2,44.88,49.42,364.4,2016,May
2016-05,Jowar,Amaravathi,Achalpur,14.2,13.83,14.49,48.8,2016,May
2016-05,Jowar,Ahmadnagar,Ahmednagar,20.46,16.53,23.2,531.1,2016,May
2016-05,Jowar,Latur,Ahmedpur,15.53,15.0,15.7,3.2,2016,May
2016-05,Jowar,Hingoli,Akhadabalapur,15.0,15.0,15.0,1.7,2016,May
2016-05,Jowar,Solapur,Akluj,19.07,19.02,19.07,1.5,2016,May
2016-05,Jowar,Akola,Akola,14.04,13.36,14.67,23.7,2016,May
2016-05,Jowar,Akola,Akot,13.96,13.61,14.3,87.2,2016,May
2016-05,Jowar,Jalgaon,Amalner,20.03,16.45,20.46,873.4,2016,May
2016-05,Jowar,Amaravathi,Amarawati,19.5,18.0,30.21,7.0,2016,May
2016-05,Jowar,Jalna,Ambad(Vadi Godri),17.69,14.05,22.45,348.9,2016,May
2016-05,Jowar,Beed,Ambejogai,17.3,17.2,17.57,14.5,2016,May
2016-05,Jowar,Amaravathi,Anajngaon Surji,13.25,12.28,15.0,4.6,2016,May
2016-05,Jowar,Latur,Ausa,17.3,14.95,18.48,63.3,2016,May
2016-05,Jowar,Akola,Balapur,15.6,12.4,16.0,11.7,2016,May
2016-05,Jowar,Pune,Baramati,18.86,16.02,23.24,279.6,2016,May
2016-05,Jowar,Solapur,Barshi,20.95,16.91,24.86,1710.7,2016,May
2016-05,Jowar,Solapur,Barshi-Vairag,19.92,17.82,24.15,342.2,2016,May
2016-05,Jowar,Beed,Beed,17.93,16.39,19.67,344.5,2016,May
2016-05,Jowar,Nanded,Bhokar,14.29,12.38,15.18,118.4,2016,May
2016-05,Jowar,Jalna,Bhokardan,15.13,14.88,15.38,11.7,2016,May
2016-05,Jowar,Jalna,Bhokardan-Pimpalgaon Renu,15.05,14.8,15.3,5.5,2016,May
2016-05,Jowar,Jalgaon,Bhusaval,13.32,13.32,13.47,9.4,2016,May
2016-05,Jowar,Buldhana,Buldhana,14.3,12.6,15.6,43.2,2016,May
2016-05,Jowar,Latur,Chakur,22.08,22.08,22.08,1.6,2016,May
2016-05,Jowar,Jalgaon,Chalisgaon,14.88,13.88,15.41,228.4,2016,May
2016-05,Jowar,Amaravathi,Chandur Bajar,14.57,13.33,15.17,3.5,2016,May
2016-05,Jowar,Buldhana,Chikhali,14.17,12.6,15.76,37.2,2016,May
2016-05,Jowar,Jalgaon,Chopda,16.97,15.72,17.18,51.0,2016,May
2016-05,Jowar,Amaravathi,Daryapur,14.75,14.75,14.75,2.4,2016,May
2016-05,Jowar,Nasik,Devala,17.92,17.85,18.49,1.7,2016,May
2016-05,Jowar,Nandurbar,Dhadgaon,12.25,12.0,12.5,0.8,2016,May
2016-05,Jowar,Jalgaon,Dharangaon,14.35,14.22,14.53,5.7,2016,May
2016-05,Jowar,Amaravathi,Dharni,14.25,13.75,14.75,189.0,2016,May
2016-05,Jowar,Dhule,Dhule,15.8,14.17,16.46,133.3,2016,May
2016-05,Jowar,Yewatmal,Digras,15.09,14.97,15.25,15.7,2016,May
2016-05,Jowar,Dhule,Dondaicha,17.78,15.43,18.86,158.3,2016,May
2016-05,Jowar,Dhule,Dondaicha-Sindkheda,18.59,17.83,19.41,34.8,2016,May
2016-05,Jowar,Pune,Dound,22.02,18.28,24.04,419.5,2016,May
2016-05,Jowar,Solapur,Dudhani,20.43,18.82,21.18,24.3,2016,May
2016-05,Jowar,Aurangabad,Gangapur,17.62,16.61,18.72,79.7,2016,May
2016-05,Jowar,Beed,Gevrai,18.12,17.05,21.05,1036.5,2016,May
2016-05,Jowar,Jalna,Ghansawangi,17.0,16.1,18.1,12.5,2016,May
2016-05,Jowar,Wardha,Hinganghat,11.3,11.3,11.3,1.2,2016,May
2016-05,Jowar,Hingoli,Hingoli,17.0,17.0,17.0,12.0,2016,May
2016-05,Jowar,Pune,Indapur,21.2,18.1,25.57,155.8,2016,May
2016-05,Jowar,Pune,Indapur (Nimgaon Ketki),21.25,18.43,21.35,3.8,2016,May
2016-05,Jowar,Pune,Indapur-Bhigwan,20.38,16.63,26.88,104.9,2016,May
2016-05,Jowar,Jalgaon,Jalgaon,18.41,17.58,19.64,325.7,2016,May
2016-05,Jowar,Buldhana,Jalgaon Jamod-Aasalgaon,12.75,12.0,13.5,4.4,2016,May
2016-05,Jowar,Latur,Jalkot,15.0,15.0,15.0,29.9,2016,May
2016-05,Jowar,Jalna,Jalna,17.96,13.38,24.22,2600.2,2016,May
2016-05,Jowar,Jalna,Jalna-Badnapur,17.15,16.25,17.25,1.5,2016,May
2016-05,Jowar,Ahmadnagar,Jamkhed,23.58,17.77,29.4,1263.4,2016,May
2016-05,Jowar,Parbhani,Jintur,17.37,14.93,19.16,99.6,2016,May
2016-05,Jowar,Parbhani,Jintur-Bori,16.33,15.74,17.24,3.8,2016,May
2016-05,Jowar,Beed,Kada,20.97,16.39,26.29,257.6,2016,May
2016-05,Jowar,Beed,Kada (Ashti),20.0,16.25,24.5,20.0,2016,May
2016-05,Jowar,Osmanabad,Kalamb (Os),16.9,15.01,18.15,213.5,2016,May
2016-05,Jowar,Thane,Kalyan,20.67,20.0,21.67,0.9,2016,May
2016-05,Jowar,Aurangabad,Kannad,16.11,15.36,16.47,4.1,2016,May
2016-05,Jowar,Wasim,Karanja,15.55,15.55,16.09,11.5,2016,May
2016-05,Jowar,Solapur,Karmala,23.89,16.6,31.81,449.8,2016,May
2016-05,Jowar,Nagpur,Katol,13.58,13.57,13.6,18.4,2016,May
2016-05,Jowar,Beed,Kej,18.6,17.62,19.73,60.5,2016,May
2016-05,Jowar,Buldhana,Khamgaon,14.2,13.09,14.97,91.4,2016,May
2016-05,Jowar,Beed,Kille Dharur,19.48,16.87,20.22,49.5,2016,May
2016-05,Jowar,Nanded,Kinwat,11.0,10.0,12.0,5.2,2016,May
2016-05,Jowar,Kolhapur,Kolhapur-Laxmipuri,34.13,17.25,35.6,711.0,2016,May
2016-05,Jowar,Ahmadnagar,Kopargaon,17.5,15.58,18.23,148.4,2016,May
2016-05,Jowar,Satara,Koregaon,18.38,16.0,20.75,2.5,2016,May
2016-05,Jowar,Solapur,Kurdwadi,19.81,15.73,23.92,22.9,2016,May
2016-05,Jowar,Solapur,Kurdwadi-Modnimb,17.29,13.46,25.48,36.6,2016,May
2016-05,Jowar,Nasik,Lasalgaon,15.68,13.29,17.25,52.0,2016,May
2016-05,Jowar,Nasik,Lasalgaon-Vinchur,16.91,14.56,17.83,35.9,2016,May
2016-05,Jowar,Aurangabad,Lasur Station,18.27,15.96,23.28,434.1,2016,May
2016-05,Jowar,Latur,Latur,17.1,15.64,19.62,586.8,2016,May
2016-05,Jowar,Latur,Latur-Murud,15.72,14.5,16.87,33.2,2016,May
2016-05,Jowar,Nanded,Loha,14.35,13.86,15.02,36.2,2016,May
2016-05,Jowar,Satara,Lonand,20.0,16.79,24.78,15.0,2016,May
2016-05,Jowar,Buldhana,Lonar,14.75,13.52,15.87,31.3,2016,May
2016-05,Jowar,Yewatmal,Mahagaon,16.13,15.54,17.21,29.6,2016,May
2016-05,Jowar,Beed,Majalgaon,17.46,13.03,19.2,281.0,2016,May
2016-05,Jowar,Buldhana,Malkapur,14.55,13.75,15.45,221.2,2016,May
2016-05,Jowar,Solapur,Mangalwedha,20.92,16.0,23.01,118.3,2016,May
2016-05,Jowar,Wasim,Mangrulpeer,13.16,12.59,13.16,3.3,2016,May
2016-05,Jowar,Nasik,Manmad,15.7,14.14,18.18,1.8,2016,May
2016-05,Jowar,Jalna,Mantha,17.13,16.5,18.5,17.0,2016,May
2016-05,Jowar,Parbhani,Manwat,16.75,16.0,18.07,5.5,2016,May
2016-05,Jowar,Buldhana,Mehkar,12.87,11.67,13.64,30.1,2016,May
2016-05,Jowar,Solapur,Mohol,21.54,17.16,23.95,40.8,2016,May
2016-05,Jowar,Amaravathi,Morshi,13.69,13.41,14.59,40.6,2016,May
2016-05,Jowar,Nanded,Mudkhed,13.88,13.16,14.49,29.2,2016,May
2016-05,Jowar,Osmanabad,Murum,17.51,17.51,17.51,1.5,2016,May
2016-05,Jowar,Nagpur,Nagpur,20.5,16.0,22.0,0.3,2016,May
2016-05,Jowar,Nasik,Nampur,17.0,17.0,17.0,0.1,2016,May
2016-05,Jowar,Nanded,Nanded,13.8,13.54,14.08,58.0,2016,May
2016-05,Jowar,Buldhana,Nandura,14.19,12.53,14.27,82.7,2016,May
2016-05,Jowar,Nandurbar,Nandurbar,15.7,13.5,17.36,176.7,2016,May
2016-05,Jowar,Nandurbar,Navapur,14.1,13.67,14.17,8.3,2016,May
2016-05,Jowar,Ahmadnagar,Newasa,16.79,16.38,17.21,7.4,2016,May
2016-05,Jowar,Latur,Nilanga,13.88,13.56,14.33,12.6,2016,May
2016-05,Jowar,Pune,Nira-Saswad,21.66,16.0,26.9,51.2,2016,May
2016-05,Jowar,Osmanabad,Osmanabad,18.26,15.42,21.48,52.3,2016,May
2016-05,Jowar,Jalgaon,Pachora,16.03,15.35,16.72,1058.6,2016,May
2016-05,Jowar,Aurangabad,Paithan,17.09,16.55,17.66,87.2,2016,May
2016-05,Jowar,Solapur,Pandharpur,19.4,18.79,19.87,22.3,2016,May
2016-05,Jowar,Osmanabad,Paranda,19.81,15.24,24.69,31.3,2016,May
2016-05,Jowar,Parbhani,Parbhani,16.58,15.93,17.34,31.3,2016,May
2016-05,Jowar,Beed,Parli-Vaijnath,15.64,15.39,16.01,84.9,2016,May
2016-05,Jowar,Jalgaon,Parola,14.51,13.65,15.9,128.2,2016,May
2016-05,Jowar,Jalna,Partur,17.51,17.14,18.02,103.6,2016,May
2016-05,Jowar,Ahmadnagar,Pathardi,16.89,15.88,18.54,109.8,2016,May
2016-05,Jowar,Parbhani,Pathari,16.58,14.16,17.19,27.9,2016,May
2016-05,Jowar,Akola,Patur,14.54,13.43,15.18,6.4,2016,May
2016-05,Jowar,Satara,Phaltan,19.75,15.7,25.63,110.4,2016,May
2016-05,Jowar,Pune,Pune,24.51,22.7,25.2,585.5,2016,May
2016-05,Jowar,Parbhani,Purna,15.08,13.64,15.71,13.7,2016,May
2016-05,Jowar,Yewatmal,Pusad,13.93,13.37,14.89,108.2,2016,May
2016-05,Jowar,Ahmadnagar,Rahata,14.97,14.77,15.88,36.1,2016,May
2016-05,Jowar,Ahmadnagar,Rahuri-Vambori,16.98,15.68,18.04,31.9,2016,May
2016-05,Jowar,Jalgaon,Raver,14.21,13.5,14.54,15.3,2016,May
2016-05,Jowar,Parbhani,Sailu,17.93,16.09,19.41,35.8,2016,May
2016-05,Jowar,Dhule,Sakri,11.86,11.86,11.86,0.3,2016,May
2016-05,Jowar,Sangli,Sangali,22.76,17.25,26.29,888.7,2016,May
2016-05,Jowar,Ahmadnagar,Sangamner,19.27,17.8,20.2,67.5,2016,May
2016-05,Jowar,Buldhana,Sangrampur-Varvatbakal,13.56,12.13,14.38,5.9,2016,May
2016-05,Jowar,Nagpur,Savner,11.94,11.77,12.08,9.6,2016,May
2016-05,Jowar,Nandurbar,Shahada,17.85,16.01,23.59,26.2,2016,May
2016-05,Jowar,Buldhana,Shegaon,13.78,13.23,14.46,70.2,2016,May
2016-05,Jowar,Ahmadnagar,Shevgaon,21.06,17.23,21.06,315.1,2016,May
2016-05,Jowar,Ahmadnagar,Shevgaon-Bodhegaon,18.29,16.55,18.29,228.4,2016,May
2016-05,Jowar,Dhule,Shirpur,17.87,15.35,19.5,125.4,2016,May
2016-05,Jowar,Pune,Shirur,17.32,15.94,17.9,20.0,2016,May
2016-05,Jowar,Ahmadnagar,Shrigonda,18.25,16.75,21.5,12.7,2016,May
2016-05,Jowar,Ahmadnagar,Shrirampur,17.08,15.85,18.44,73.0,2016,May
2016-05,Jowar,Ahmadnagar,Shrirampur-Belapur,16.0,16.0,16.0,0.5,2016,May
2016-05,Jowar,Buldhana,Sindkhed Raja,15.98,13.57,17.54,26.1,2016,May
2016-05,Jowar,Nasik,Sinner,16.51,13.46,18.87,42.1,2016,May
2016-05,Jowar,Solapur,Solapur,20.75,18.84,22.34,49.8,2016,May
2016-05,Jowar,Parbhani,Sonpeth,17.38,15.79,18.85,53.5,2016,May
2016-05,Jowar,Sangli,Tasgaon,18.0,17.5,18.5,58.0,2016,May
2016-05,Jowar,Akola,Telhara,12.84,12.52,13.13,63.0,2016,May
2016-05,Jowar,Osmanabad,Tuljapur,21.0,19.5,21.5,2.3,2016,May
2016-05,Jowar,Latur,Udgir,13.08,12.76,13.08,3.5,2016,May
2016-05,Jowar,Thane,Ulhasnagar,24.67,19.87,29.2,141.3,2016,May
2016-05,Jowar,Nagpur,Umared,20.6,17.4,21.8,2.0,2016,May
2016-05,Jowar,Osmanabad,Umarga,14.34,14.34,14.34,1.5,2016,May
2016-05,Jowar,Nanded,Umari,13.56,13.16,14.05,29.7,2016,May
2016-05,Jowar,Satara,Vaduj,22.5,22.0,23.0,255.0,2016,May
2016-05,Jowar,Aurangabad,Vaijapur,18.15,16.43,19.49,107.4,2016,May
2016-05,Jowar,Amaravathi,Varud-Rajura Bazar,14.57,14.48,14.67,2.2,2016,May
2016-05,Jowar,Wardha,Wardha,13.29,13.29,13.29,2.7,2016,May
2016-05,Jowar,Wasim,Washim,12.73,11.92,14.65,23.8,2016,May
2016-05,Jowar,Wasim,Washim-Ansing,12.83,12.33,13.33,2.4,2016,May
2016-05,Jowar,Jalgaon,Yawal,13.4,12.2,14.5,4.0,2016,May
2016-05,Jowar,Nasik,Yeola,16.75,16.24,17.69,13.4,2016,May
2016-05,Onion,Ahmadnagar,Ahmednagar,5.95,1.0,10.2,13042.8,2016,May
2016-05,Onion,Solapur,Akluj,11.81,5.0,11.81,98.9,2016,May
2016-05,Onion,Ahmadnagar,Akole,6.12,1.08,9.78,5014.2,2016,May
2016-05,Onion,Amaravathi,Amarawati,3.9,2.54,5.25,1030.0,2016,May
2016-05,Onion,Amaravathi,Amarawati-Fruit And Vegetables,3.3,2.06,4.75,1030.0,2016,May
2016-05,Onion,Aurangabad,Aurangabad,3.77,1.28,6.23,1309.6,2016,May
2016-05,Onion,Pune,Baramati,4.86,1.79,6.78,265.1,2016,May
2016-05,Onion,Solapur,Barshi,5.43,2.48,6.88,72.6,2016,May
2016-05,Onion,Thane,Bhivandi,10.17,9.03,11.71,11906.8,2016,May
2016-05,Onion,Jalgaon,Chalisgaon,5.8,4.51,7.08,4350.7,2016,May
2016-05,Onion,Chandrapur,Chandrapur-Ganjwad,6.04,4.88,7.19,1788.0,2016,May
2016-05,Onion,Nasik,Chandvad,6.85,1.98,8.57,8734.0,2016,May
2016-05,Onion,Nasik,Devala,6.74,2.11,8.39,7382.0,2016,May
2016-05,Onion,Dhule,Dhule,4.64,1.42,6.31,9004.8,2016,May
2016-05,Onion,Nasik,Dindori,5.96,4.37,7.98,4454.9,2016,May
2016-05,Onion,Nasik,Dindori-Vani,6.78,4.57,8.98,15955.2,2016,May
2016-05,Onion,Aurangabad,Gangapur,3.86,1.43,8.23,341.8,2016,May
2016-05,Onion,Pune,Indapur,3.53,1.07,6.92,309.3,2016,May
2016-05,Onion,Jalgaon,Jalgaon,5.36,3.51,6.96,602.5,2016,May
2016-05,Onion,Ahmadnagar,Jamkhed,5.18,1.0,9.36,909.8,2016,May
2016-05,Onion,Pune,Junnar,9.15,4.8,9.9,4045.2,2016,May
2016-05,Onion,Pune,Junnar (Alephata),9.45,5.65,10.33,11603.2,2016,May
2016-05,Onion,Pune,Junnar-Otur,9.38,4.73,10.25,7331.3,2016,May
2016-05,Onion,Nasik,Kalvan,6.79,2.18,8.68,14975.2,2016,May
2016-05,Onion,Thane,Kalyan,7.19,6.05,8.39,11.4,2016,May
2016-05,Onion,Nagpur,Kamthi,7.38,3.75,8.95,15.1,2016,May
2016-05,Onion,Satara,Karad,9.93,6.0,9.93,557.4,2016,May
2016-05,Onion,Pune,Khed-Chakan,5.81,4.44,7.38,1733.0,2016,May
2016-05,Onion,Kolhapur,Kolhapur,6.63,3.0,10.33,22662.6,2016,May
2016-05,Onion,Ahmadnagar,Kopargaon,7.46,2.4,9.23,1907.3,2016,May
2016-05,Onion,Satara,Koregaon,4.53,2.0,7.05,47.8,2016,May
2016-05,Onion,Solapur,Kurdwadi,3.93,1.15,6.7,121.9,2016,May
2016-05,Onion,Solapur,Kurdwadi-Modnimb,3.75,1.11,7.26,203.0,2016,May
2016-05,Onion,Nasik,Lasalgaon,7.7,3.4,9.29,29531.5,2016,May
2016-05,Onion,Nasik,Lasalgaon-Niphad,6.43,3.33,7.42,4462.3,2016,May
2016-05,Onion,Aurangabad,Lasur Station,4.63,1.0,7.94,1030.3,2016,May
2016-05,Onion,Satara,Lonand,6.44,2.75,8.24,1243.6,2016,May
2016-05,Onion,Nasik,Malegaon,5.67,2.04,8.02,9383.9,2016,May
2016-05,Onion,Buldhana,Malkapur,4.4,2.25,5.43,529.0,2016,May
2016-05,Onion,Pune,Manchar,5.34,2.85,7.8,2902.8,2016,May
2016-05,Onion,Nasik,Manmad,6.97,3.0,8.66,12627.1,2016,May
2016-05,Onion,Mumbai,Mumbai,8.4,7.1,9.5,16070.0,2016,May
2016-05,Onion,Mumbai,Mumbai-Onion And Potato Mkt,7.09,5.91,8.27,11075.1,2016,May
2016-05,Onion,Nagpur,Nagpur,5.92,2.82,6.96,17850.3,2016,May
2016-05,Onion,Nasik,Nampur,6.5,3.29,8.42,12188.6,2016,May
2016-05,Onion,Nasik,Nandgaon,6.4,1.64,8.23,5834.0,2016,May
2016-05,Onion,Buldhana,Nandura,5.29,2.7,5.49,777.5,2016,May
2016-05,Onion,Nasik,Nashik,5.09,1.63,8.08,8323.6,2016,May
2016-05,Onion,Ahmadnagar,Newasa-Ghodegaon,7.62,1.23,9.88,33537.1,2016,May
2016-05,Onion,Osmanabad,Osmanabad,7.33,6.5,8.15,1.8,2016,May
2016-05,Onion,Aurangabad,Paithan,7.46,1.02,8.99,2359.9,2016,May
2016-05,Onion,Thane,Palghar(Bevur),7.18,7.18,7.18,67.5,2016,May
2016-05,Onion,Solapur,Pandharpur,5.85,1.29,9.06,371.0,2016,May
2016-05,Onion,Osmanabad,Paranda,2.86,0.62,5.87,395.9,2016,May
2016-05,Onion,Ahmadnagar,Parner,6.77,3.0,9.59,10794.3,2016,May
2016-05,Onion,Ahmadnagar,Pathardi,6.93,1.73,9.19,898.9,2016,May
2016-05,Onion,Satara,Phaltan,6.4,3.0,8.39,2369.6,2016,May
2016-05,Onion,Nasik,Pimpalgaon (B)-Saykheda,5.73,2.31,8.17,10474.4,2016,May
2016-05,Onion,Nasik,Pimpalgaon Basawant,6.58,2.64,10.29,55278.4,2016,May
2016-05,Onion,Pune,Pune,7.78,4.48,9.13,26935.4,2016,May
2016-05,Onion,Pune,Pune-Manjri,1.98,1.63,6.67,11.2,2016,May
2016-05,Onion,Pune,Pune-Moshi,5.11,3.29,6.5,25.3,2016,May
2016-05,Onion,Pune,Pune-Pimpri,6.83,6.33,7.1,1556.1,2016,May
2016-05,Onion,Ahmadnagar,Rahata,6.79,1.33,10.15,7943.2,2016,May
2016-05,Onion,Ahmadnagar,Rahuri,6.27,2.23,9.63,17829.3,2016,May
2016-05,Onion,Ahmadnagar,Rahuri-Vambori,5.19,1.15,9.35,6037.5,2016,May
2016-05,Onion,Nagpur,Ramtek,7.93,7.29,8.71,54.5,2016,May
2016-05,Onion,Dhule,Sakri,3.89,1.22,7.41,10540.2,2016,May
2016-05,Onion,Ahmadnagar,Sangamner,7.25,3.0,10.25,15400.9,2016,May
2016-05,Onion,Sangli,Sangli-Phale Bhajipalam,5.76,2.08,9.35,7124.8,2016,May
2016-05,Onion,Nasik,Satana,6.93,2.73,8.45,11414.5,2016,May
2016-05,Onion,Satara,Satara,6.25,4.13,8.38,574.4,2016,May
2016-05,Onion,Dhule,Shirpur,4.74,1.18,5.95,568.6,2016,May
2016-05,Onion,Ahmadnagar,Shrigonda,4.25,1.75,6.5,341.6,2016,May
2016-05,Onion,Ahmadnagar,Shrirampur,6.59,1.18,9.48,12031.6,2016,May
2016-05,Onion,Nasik,Sinner,6.24,0.98,8.93,13603.1,2016,May
2016-05,Onion,Solapur,Solapur,4.96,1.0,10.6,35802.4,2016,May
2016-05,Onion,Thane,Ulhasnagar,10.47,8.04,12.85,596.0,2016,May
2016-05,Onion,Nasik,Umrane,6.79,3.96,8.52,23584.0,2016,May
2016-05,Onion,Satara,Vai,7.0,6.0,8.0,20.0,2016,May
2016-05,Onion,Aurangabad,Vaijapur,4.93,1.73,8.13,2819.5,2016,May
2016-05,Onion,Thane,Vasai,10.59,8.85,14.27,389.9,2016,May
2016-05,Onion,Jalgaon,Yawal,4.83,3.99,5.64,3809.8,2016,May
2016-05,Onion,Nasik,Yeola,6.39,2.14,8.42,13910.3,2016,May
2016-05,Rice,Gondiya,Aamgaon,15.78,15.27,16.4,1001.9,2016,May
2016-05,Rice,Gadchiroli,Aheri,16.3343,16.3343,16.3343,136.5,2016,May
2016-05,Rice,Ahmadnagar,Akole,16.75,15.0,20.0,22.7,2016,May
2016-05,Rice,Raigad,Alibag,26.6405,23.9328,29.0892,150.6,2016,May
2016-05,Rice,Gondiya,Arjuni Morgaon,18.04,17.82,18.04,844.5,2016,May
2016-05,Rice,Gadchiroli,Armori,17.42,16.46,17.83,364.6,2016,May
2016-05,Rice,Gadchiroli,Armori-Desaiganj,18.19,16.95,18.5,3595.7,2016,May
2016-05,Rice,Solapur,Barshi,18.24,18.16,18.43,23.4,2016,May
2016-05,Rice,Bhandara,Bhandara,29.55,28.58,30.3,26.6,2016,May
2016-05,Rice,Thane,Bhivandi,35.73,28.6,43.38,37733.8,2016,May
2016-05,Rice,Nagpur,Bhiwapur,21.7,21.35,22.08,245.0,2016,May
2016-05,Rice,Nanded,Bhokar,16.0,16.0,16.0,1.2,2016,May
2016-05,Rice,Chandrapur,Brahmpuri,19.34,18.45,20.34,344.6,2016,May
2016-05,Rice,Gadchiroli,Chamorshi,22.86,22.23,23.46,2835.2,2016,May
2016-05,Rice,Chandrapur,Chimur,21.51,20.67,22.12,891.6,2016,May
2016-05,Rice,Nasik,Devala,15.34,15.34,15.34,0.3,2016,May
2016-05,Rice,Gondiya,Devri,14.1,13.5,14.5,11.0,2016,May
2016-05,Rice,Gadchiroli,Gadchiroli,19.33,17.99,19.63,527.4,2016,May
2016-05,Rice,Gondiya,Gondiya,15.92,15.06,16.72,9775.4,2016,May
2016-05,Rice,Chandrapur,Gondpimpri,22.06,21.68,22.34,400.0,2016,May
2016-05,Rice,Gondiya,Goregaon,13.43,13.03,13.83,163.4,2016,May
2016-05,Rice,Pune,Indapur,15.0,14.1,15.08,6.3,2016,May
2016-05,Rice,Pune,Indapur (Nimgaon Ketki),12.01,12.01,12.01,0.1,2016,May
2016-05,Rice,Pune,Indapur-Bhigwan,17.93,17.63,18.05,27.6,2016,May
2016-05,Rice,Thane,Kalyan,27.4,25.37,28.14,2.1,2016,May
2016-05,Rice,Raigad,Karjat (Raigad),21.2796,16.2133,27.75,616.8,2016,May
2016-05,Rice,Raigad,Khalapur(Shil-Phata),30.3664,21.6283,48.6812,26.6,2016,May
2016-05,Rice,Kolhapur,Kolhapur-Laxmipuri,21.9306,18.6445,24.3018,4078.0,2016,May
2016-05,Rice,Bhandara,Lakhandur,16.96,16.77,17.15,1798.2,2016,May
2016-05,Rice,Nasik,Lasalgaon,17.94,16.55,18.02,2.9,2016,May
2016-05,Rice,Raigad,Mahad,14.33,14.14,14.53,3.6,2016,May
2016-05,Rice,Raigad,Mangaon(Bhadav),25.6793,18.1914,34.7506,36.4,2016,May
2016-05,Rice,Chandrapur,Mul,23.37,20.9,24.23,3987.9,2016,May
2016-05,Rice,Mumbai,Mumbai,57.22,44.92,70.63,47869.7,2016,May
2016-05,Rice,Thane,Murbad,15.84,14.77,17.09,105.7,2016,May
2016-05,Rice,Raigad,Murud,21.7271,19.3635,24.0857,138.9,2016,May
2016-05,Rice,Chandrapur,Nagbhid,21.34,17.55,21.39,1889.0,2016,May
2016-05,Rice,Nagpur,Nagpur,28.3637,26.2808,29.0548,329.9,2016,May
2016-05,Rice,Nandurbar,Navapur,14.2989,14.2989,14.2989,3.6,2016,May
2016-05,Rice,Pune,Nira-Saswad,29.75,24.0,35.25,14.2,2016,May
2016-05,Rice,Thane,Palghar(Bevur),28.1818,25.3334,30.7704,508.4,2016,May
2016-05,Rice,Raigad,Panvel,14.3,14.1,14.55,0.3,2016,May
2016-05,Rice,Bhandara,Pavani,20.33,19.78,20.57,466.9,2016,May
2016-05,Rice,Raigad,Pen,23.0844,21.2987,29.977,32.1,2016,May
2016-05,Rice,Chandrapur,Pombhurni,20.35,19.65,21.62,541.7,2016,May
2016-05,Rice,Pune,Pune,52.78,46.8,56.12,3882.2,2016,May
2016-05,Rice,Jalgaon,Raver,18.1,17.4,18.1,0.2,2016,May
2016-05,Rice,Raigad,Roha,14.17,14.1,14.24,749.4,2016,May
2016-05,Rice,Gondiya,Sadak Arjuni,17.18,16.78,17.18,50.2,2016,May
2016-05,Rice,Sangli,Sangali,43.8,19.06,56.96,1309.7,2016,May
2016-05,Rice,Chandrapur,Savali,18.63,17.64,19.21,760.4,2016,May
2016-05,Rice,Chandrapur,Sindevahi,18.29,18.29,19.34,620.0,2016,May
2016-05,Rice,Nasik,Sinner,23.0,23.0,23.0,0.8,2016,May
2016-05,Rice,Gadchiroli,Sironcha,14.3022,14.2615,14.3131,7193.6,2016,May
2016-05,Rice,Solapur,Solapur,32.74,22.16,53.14,913.6,2016,May
2016-05,Rice,Gondiya,Tiroda,17.2,16.66,17.74,4176.0,2016,May
2016-05,Rice,Bhandara,Tumsar,18.009,17.1692,18.7326,6465.0,2016,May
2016-05,Rice,Thane,Ulhasnagar,44.3,35.0,54.19,727.5,2016,May
2016-05,Rice,Nagpur,Umared,33.6,20.0,38.4,94.5,2016,May
2016-05,Rice,Thane,Vasai,27.9508,18.5076,43.7941,846.1,2016,May
2016-05,Soybean,Yewatmal,Aarni,35.5,35.5,38.5,75.0,2016,May
2016-05,Soybean,Amaravathi,Achalpur,37.56,36.85,38.25,1440.1,2016,May
2016-05,Soybean,Gadchiroli,Aheri,35.0,35.0,35.0,34.0,2016,May
2016-05,Soybean,Ahmadnagar,Ahmednagar,37.5,37.0,39.0,0.5,2016,May
2016-05,Soybean,Latur,Ahmedpur,37.71,36.6,38.87,9.2,2016,May
2016-05,Soybean,Hingoli,Akhadabalapur,36.63,36.0,37.13,48.1,2016,May
2016-05,Soybean,Akola,Akola,36.15,33.64,38.67,3274.4,2016,May
2016-05,Soybean,Ahmadnagar,Akole,35.25,33.0,38.0,20.3,2016,May
2016-05,Soybean,Akola,Akot,35.44,32.65,38.23,402.8,2016,May
2016-05,Soybean,Jalgaon,Amalner,31.67,28.92,33.67,10.8,2016,May
2016-05,Soybean,Amaravathi,Amarawati,34.47,30.95,37.92,5231.2,2016,May
2016-05,Soybean,Beed,Ambejogai,38.98,37.17,39.8,993.0,2016,May
2016-05,Soybean,Amaravathi,Anajngaon Surji,34.54,32.5,36.67,87.2,2016,May
2016-05,Soybean,Wardha,Arvi,35.77,33.54,37.78,334.7,2016,May
2016-05,Soybean,Wardha,Ashti-Karanja,34.95,31.46,37.24,200.8,2016,May
2016-05,Soybean,Latur,Aurad Shahajani,39.93,39.26,40.6,184.5,2016,May
2016-05,Soybean,Latur,Ausa,39.19,37.49,39.84,97.7,2016,May
2016-05,Soybean,Yewatmal,Babhulgaon,36.7,34.86,38.58,828.0,2016,May
2016-05,Soybean,Akola,Balapur,36.7,35.7,37.4,138.4,2016,May
2016-05,Soybean,Pune,Baramati,35.75,32.5,37.26,0.7,2016,May
2016-05,Soybean,Solapur,Barshi-Vairag,37.5,37.5,37.5,0.4,2016,May
2016-05,Soybean,Hingoli,Basmat,35.3,35.0,35.6,3.0,2016,May
2016-05,Soybean,Beed,Beed,38.0,37.0,39.0,1.0,2016,May
2016-05,Soybean,Bhandara,Bhandara,35.0,35.0,35.0,0.4,2016,May
2016-05,Soybean,Nagpur,Bhiwapur,35.33,33.83,36.29,50.3,2016,May
2016-05,Soybean,Nanded,Bhokar,36.06,35.19,36.86,33.1,2016,May
2016-05,Soybean,Jalna,Bhokardan,38.44,38.0,38.89,29.8,2016,May
2016-05,Soybean,Jalna,Bhokardan-Pimpalgaon Renu,38.13,37.75,38.5,5.0,2016,May
2016-05,Soybean,Osmanabad,Bhoom,35.0,33.5,37.0,1.5,2016,May
2016-05,Soybean,Buldhana,Buldhana,37.5,36.17,38.63,131.5,2016,May
2016-05,Soybean,Buldhana,Buldhana-Dhad,37.37,36.49,38.59,1377.0,2016,May
2016-05,Soybean,Latur,Chakur,38.8,37.39,39.73,25.2,2016,May
2016-05,Soybean,Chandrapur,Chandrapur,36.07,35.4,36.34,52.1,2016,May
2016-05,Soybean,Amaravathi,Chandur Bajar,37.39,31.8,40.3,238.5,2016,May
2016-05,Soybean,Amaravathi,Chandur Rly.,36.38,34.9,37.34,174.6,2016,May
2016-05,Soybean,Buldhana,Chikhali,37.31,36.08,38.54,1418.0,2016,May
2016-05,Soybean,Chandrapur,Chimur,34.3,32.6,35.1,0.7,2016,May
2016-05,Soybean,Jalgaon,Chopda,25.5,23.0,25.5,0.6,2016,May
2016-05,Soybean,Amaravathi,Daryapur,35.4,30.89,36.85,119.7,2016,May
2016-05,Soybean,Latur,Devani,39.33,38.69,39.98,6.8,2016,May
2016-05,Soybean,Amaravathi,Dhamangaon-Rly,36.65,35.12,38.95,2075.0,2016,May
2016-05,Soybean,Nanded,Dharmabad,38.95,36.5,39.7,5.0,2016,May
2016-05,Soybean,Amaravathi,Dharni,37.5,37.0,38.0,10.0,2016,May
2016-05,Soybean,Dhule,Dhule,37.59,35.77,37.91,17.1,2016,May
2016-05,Soybean,Yewatmal,Digras,38.34,37.46,38.92,164.7,2016,May
2016-05,Soybean,Dhule,Dondaicha-Sindkheda,20.01,20.01,20.01,0.2,2016,May
2016-05,Soybean,Parbhani,Gangakhed,38.4,37.48,39.44,102.3,2016,May
2016-05,Soybean,Beed,Gevrai,35.46,34.91,35.64,5.6,2016,May
2016-05,Soybean,Jalna,Ghansawangi,35.5,33.0,38.5,3.1,2016,May
2016-05,Soybean,Yewatmal,Ghatanji,35.83,34.7,37.28,3.1,2016,May
2016-05,Soybean,Chandrapur,Gondpimpri,36.38,35.88,36.85,194.0,2016,May
2016-05,Soybean,Nanded,Hadgaon,38.0,35.0,40.0,4.9,2016,May
2016-05,Soybean,Wardha,Hinganghat,34.17,31.81,38.58,5944.5,2016,May
2016-05,Soybean,Hingoli,Hingoli,38.82,37.36,38.82,634.0,2016,May
2016-05,Soybean,Pune,Indapur,35.33,35.33,35.33,0.7,2016,May
2016-05,Soybean,Pune,Indapur-Bhigwan,32.0,32.0,32.0,0.1,2016,May
2016-05,Soybean,Jalna,Jafrabad,32.3,30.83,33.17,16.3,2016,May
2016-05,Soybean,Buldhana,Jalgaon Jamod-Aasalgaon,34.83,32.17,37.0,28.0,2016,May
2016-05,Soybean,Latur,Jalkot,38.4,37.5,39.0,52.4,2016,May
2016-05,Soybean,Jalna,Jalna,37.77,35.78,38.16,172.1,2016,May
2016-05,Soybean,Ahmadnagar,Jamkhed,33.06,30.5,35.61,4.0,2016,May
2016-05,Soybean,Hingoli,Jawala-Bajar,37.95,36.97,38.05,123.3,2016,May
2016-05,Soybean,Parbhani,Jintur,36.66,35.45,38.04,79.0,2016,May
2016-05,Soybean,Parbhani,Jintur-Bori,35.02,34.9,35.5,4.5,2016,May
2016-05,Soybean,Beed,Kada (Ashti),34.49,34.49,34.49,0.1,2016,May
2016-05,Soybean,Osmanabad,Kalamb (Os),38.96,36.28,39.53,127.3,2016,May
2016-05,Soybean,Yewatmal,Kalamb (Yawatmal),35.91,34.63,37.35,35.6,2016,May
2016-05,Soybean,Nagpur,Kalmeshwar,34.75,32.55,35.54,32.6,2016,May
2016-05,Soybean,Nasik,Kalvan,37.38,34.57,38.0,23.0,2016,May
2016-05,Soybean,Wasim,Karanja,37.48,36.27,38.81,3412.5,2016,May
2016-05,Soybean,Nagpur,Katol,36.18,29.71,38.29,982.0,2016,May
2016-05,Soybean,Beed,Kej,37.59,34.68,38.79,26.4,2016,May
2016-05,Soybean,Buldhana,Khamgaon,37.48,34.17,39.21,6152.6,2016,May
2016-05,Soybean,Beed,Kille Dharur,38.83,34.69,39.02,52.6,2016,May
2016-05,Soybean,Nanded,Kinwat,35.75,35.0,36.5,24.9,2016,May
2016-05,Soybean,Ahmadnagar,Kopargaon,38.12,33.19,38.56,38.2,2016,May
2016-05,Soybean,Nasik,Lasalgaon,39.47,23.24,39.97,400.5,2016,May
2016-05,Soybean,Nasik,Lasalgaon-Niphad,38.51,33.95,39.29,39.5,2016,May
2016-05,Soybean,Nasik,Lasalgaon-Vinchur,39.21,28.99,39.86,146.4,2016,May
2016-05,Soybean,Aurangabad,Lasur Station,38.89,38.0,39.17,4.3,2016,May
2016-05,Soybean,Latur,Latur,40.04,37.63,40.86,7439.4,2016,May
2016-05,Soybean,Latur,Latur-Murud,37.0,34.19,39.18,20.8,2016,May
2016-05,Soybean,Buldhana,Lonar,37.54,36.83,38.25,729.4,2016,May
2016-05,Soybean,Beed,Majalgaon,37.3,31.74,38.53,97.0,2016,May
2016-05,Soybean,Wasim,Malegaon (Washim),37.5,36.04,38.24,1484.0,2016,May
2016-05,Soybean,Buldhana,Malkapur,38.34,34.01,39.89,590.5,2016,May
2016-05,Soybean,Nagpur,Mandhal,36.23,35.85,36.75,20.0,2016,May
2016-05,Soybean,Wasim,Mangrulpeer,38.05,36.15,38.79,2012.3,2016,May
2016-05,Soybean,Wasim,Manora,37.37,36.17,38.84,428.0,2016,May
2016-05,Soybean,Jalna,Mantha,37.38,35.5,38.75,8.8,2016,May
2016-05,Soybean,Parbhani,Manwat,36.75,35.0,37.0,2.6,2016,May
2016-05,Soybean,Nagpur,Mauda,34.31,33.51,35.11,0.2,2016,May
2016-05,Soybean,Buldhana,Mehkar,37.85,35.39,38.85,1598.9,2016,May
2016-05,Soybean,Amaravathi,Morshi,32.32,31.88,33.88,39.8,2016,May
2016-05,Soybean,Nanded,Mukhed,38.13,38.13,38.13,0.6,2016,May
2016-05,Soybean,Akola,Murtizapur,37.08,35.62,38.32,835.0,2016,May
2016-05,Soybean,Osmanabad,Murum,38.63,38.52,38.74,2.8,2016,May
2016-05,Soybean,Nagpur,Nagpur,36.73,33.44,37.83,243.9,2016,May
2016-05,Soybean,Nanded,Nanded,37.1,37.08,37.1,20.8,2016,May
2016-05,Soybean,Amaravathi,Nandgaon Khandeshwar,32.45,27.46,37.44,127.9,2016,May
2016-05,Soybean,Buldhana,Nandura,38.01,33.05,38.11,175.4,2016,May
2016-05,Soybean,Nandurbar,Nandurbar,35.82,35.55,35.82,3.3,2016,May
2016-05,Soybean,Yewatmal,Ner Parasopant,36.86,35.84,37.84,585.5,2016,May
2016-05,Soybean,Latur,Nilanga,38.84,36.65,39.94,110.1,2016,May
2016-05,Soybean,Osmanabad,Osmanabad,36.12,33.6,36.72,2.4,2016,May
2016-05,Soybean,Jalgaon,Pachora,35.18,33.29,37.06,33.9,2016,May
2016-05,Soybean,Parbhani,Palam,37.0,37.0,37.0,2.5,2016,May
2016-05,Soybean,Parbhani,Parbhani,37.79,37.42,38.11,46.5,2016,May
2016-05,Soybean,Beed,Parli-Vaijnath,39.08,37.39,39.6,349.9,2016,May
2016-05,Soybean,Jalna,Partur,38.5,38.0,38.56,2.0,2016,May
2016-05,Soybean,Parbhani,Pathari,34.9,15.04,37.19,5.0,2016,May
2016-05,Soybean,Akola,Patur,36.65,35.13,37.55,34.5,2016,May
2016-05,Soybean,Wardha,Pulgaon,36.73,34.29,37.43,75.2,2016,May
2016-05,Soybean,Parbhani,Purna,38.13,37.67,38.42,49.9,2016,May
2016-05,Soybean,Yewatmal,Pusad,37.5,34.66,38.88,277.6,2016,May
2016-05,Soybean,Ahmadnagar,Rahata,38.56,38.56,38.56,1.0,2016,May
2016-05,Soybean,Ahmadnagar,Rahuri-Vambori,33.65,32.5,34.57,9.4,2016,May
2016-05,Soybean,Chandrapur,Rajura,37.13,36.57,37.27,191.0,2016,May
2016-05,Soybean,Nagpur,Ramtek,32.01,32.01,32.01,0.1,2016,May
2016-05,Soybean,Wasim,Risod,37.59,36.44,38.76,2850.0,2016,May
2016-05,Soybean,Parbhani,Sailu,35.57,35.57,36.83,1.8,2016,May
2016-05,Soybean,Dhule,Sakri,34.86,34.86,34.86,0.1,2016,May
2016-05,Soybean,Wardha,Samudrapur,33.5,32.95,36.0,2.0,2016,May
2016-05,Soybean,Sangli,Sangali,38.69,36.25,40.15,1072.0,2016,May
2016-05,Soybean,Ahmadnagar,Sangamner,37.95,35.78,39.2,20.8,2016,May
2016-05,Soybean,Buldhana,Sangrampur,34.0,29.0,37.0,3.4,2016,May
2016-05,Soybean,Buldhana,Sangrampur-Varvatbakal,33.2,30.86,35.8,12.3,2016,May
2016-05,Soybean,Nagpur,Savner,34.42,32.32,35.77,24.2,2016,May
2016-05,Soybean,Hingoli,Sengaon,37.68,36.63,38.69,203.3,2016,May
2016-05,Soybean,Buldhana,Shegaon,36.02,31.47,38.03,112.1,2016,May
2016-05,Soybean,Dhule,Shirpur,34.0,30.75,34.91,5.0,2016,May
2016-05,Soybean,Pune,Shirur,38.0,38.0,38.0,0.4,2016,May
2016-05,Soybean,Ahmadnagar,Shrirampur,36.17,35.33,37.0,1.0,2016,May
2016-05,Soybean,Aurangabad,Sillod,36.32,35.29,37.5,28.2,2016,May
2016-05,Soybean,Aurangabad,Sillod-Bharadi,37.19,36.13,38.13,4.8,2016,May
2016-05,Soybean,Wardha,Sindi,34.18,32.05,36.14,51.7,2016,May
2016-05,Soybean,Wardha,Sindi (Selu),36.11,34.31,38.38,344.2,2016,May
2016-05,Soybean,Buldhana,Sindkhed Raja,38.83,37.41,39.8,47.1,2016,May
2016-05,Soybean,Nasik,Sinner,39.4,32.44,40.53,18.6,2016,May
2016-05,Soybean,Parbhani,Sonpeth,37.9,34.81,38.65,15.4,2016,May
2016-05,Soybean,Akola,Telhara,34.8,33.9,35.81,127.0,2016,May
2016-05,Soybean,Bhandara,Tumsar,24.0,24.0,24.0,0.1,2016,May
2016-05,Soybean,Latur,Udgir,39.3,38.92,39.63,573.2,2016,May
2016-05,Soybean,Nagpur,Umared,35.83,33.0,37.57,375.1,2016,May
2016-05,Soybean,Osmanabad,Umarga,37.66,37.46,37.96,4.0,2016,May
2016-05,Soybean,Nanded,Umari,37.3,36.84,37.77,24.4,2016,May
2016-05,Soybean,Yewatmal,Umarkhed,35.56,34.56,36.61,141.0,2016,May
2016-05,Soybean,Yewatmal,Umarkhed-Danki,35.95,35.13,36.83,142.6,2016,May
2016-05,Soybean,Satara,Vaduj,37.0,36.0,38.0,0.5,2016,May
2016-05,Soybean,Aurangabad,Vaijapur,38.7,38.7,38.7,0.9,2016,May
2016-05,Soybean,Yewatmal,Vani,36.89,34.65,37.88,246.6,2016,May
2016-05,Soybean,Chandrapur,Varora,34.68,32.12,37.25,588.0,2016,May
2016-05,Soybean,Amaravathi,Varud-Rajura Bazar,34.54,33.18,36.05,3.9,2016,May
2016-05,Soybean,Wardha,Wardha,37.1,33.24,37.1,678.5,2016,May
2016-05,Soybean,Wasim,Washim,37.31,36.09,39.22,6715.9,2016,May
2016-05,Soybean,Wasim,Washim-Ansing,37.29,36.73,38.72,240.0,2016,May
2016-05,Soybean,Yewatmal,Yeotmal,37.01,35.13,38.74,1221.7,2016,May
2016-05,Sugarcane,Thane,Ulhasnagar,4.29,2.96,5.71,570.0,2016,May
2016-06,Bajra,Ahmadnagar,Ahmednagar,19.59,18.09,20.92,26.7,2016,June
2016-06,Bajra,Latur,Ahmedpur,14.5,14.38,14.63,0.6,2016,June
2016-06,Bajra,Akola,Akola,17.5,17.5,17.5,2.9,2016,June
2016-06,Bajra,Ahmadnagar,Akole,16.17,14.67,20.0,5.2,2016,June
2016-06,Bajra,Jalgaon,Amalner,17.51,15.89,17.54,80.8,2016,June
2016-06,Bajra,Amaravathi,Amarawati,18.95,17.88,20.02,8.3,2016,June
2016-06,Bajra,Jalna,Ambad(Vadi Godri),16.34,15.11,17.89,106.6,2016,June
2016-06,Bajra,Latur,Ausa,17.51,16.01,18.01,0.2,2016,June
2016-06,Bajra,Pune,Baramati,18.32,16.51,21.26,103.2,2016,June
2016-06,Bajra,Solapur,Barshi,18.2,17.98,18.2,5.3,2016,June
2016-06,Bajra,Beed,Beed,17.12,16.18,18.2,125.0,2016,June
2016-06,Bajra,Jalna,Bhokardan,14.75,14.33,14.9,2.8,2016,June
2016-06,Bajra,Jalgaon,Bhusaval,17.0,16.25,17.0,1.1,2016,June
2016-06,Bajra,Jalgaon,Chalisgaon,17.54,14.29,18.88,43.4,2016,June
2016-06,Bajra,Buldhana,Chikhali,14.25,13.88,14.63,1.0,2016,June
2016-06,Bajra,Jalgaon,Chopda,17.11,16.53,17.36,120.0,2016,June
2016-06,Bajra,Nasik,Devala,17.47,15.81,18.57,21.1,2016,June
2016-06,Bajra,Jalgaon,Dharangaon,16.72,14.9,17.21,5.1,2016,June
2016-06,Bajra,Dhule,Dhule,17.11,14.55,18.9,193.3,2016,June
2016-06,Bajra,Dhule,Dondaicha,15.81,14.07,16.79,34.5,2016,June
2016-06,Bajra,Dhule,Dondaicha-Sindkheda,15.52,14.35,16.34,12.7,2016,June
2016-06,Bajra,Pune,Dound,19.46,16.83,21.0,56.1,2016,June
2016-06,Bajra,Solapur,Dudhani,17.08,16.79,27.21,10.4,2016,June
2016-06,Bajra,Aurangabad,Gangapur,18.13,16.96,18.79,16.1,2016,June
2016-06,Bajra,Beed,Gevrai,17.07,16.02,17.96,209.8,2016,June
2016-06,Bajra,Jalna,Ghansawangi,16.67,15.83,18.0,3.9,2016,June
2016-06,Bajra,Pune,Indapur,18.61,16.78,19.0,22.2,2016,June
2016-06,Bajra,Pune,Indapur (Nimgaon Ketki),17.97,17.71,18.89,0.9,2016,June
2016-06,Bajra,Pune,Indapur-Bhigwan,18.2,15.45,21.32,47.0,2016,June
2016-06,Bajra,Jalgaon,Jalgaon,17.29,17.05,17.6,69.7,2016,June
2016-06,Bajra,Jalna,Jalna,17.07,15.67,18.75,324.2,2016,June
2016-06,Bajra,Jalna,Jalna-Badnapur,16.04,15.97,16.19,2.0,2016,June
2016-06,Bajra,Ahmadnagar,Jamkhed,16.7,15.32,18.07,8.2,2016,June
2016-06,Bajra,Parbhani,Jintur-Bori,18.98,18.98,18.98,0.1,2016,June
2016-06,Bajra,Beed,Kada,17.94,15.5,19.75,40.5,2016,June
2016-06,Bajra,Beed,Kada (Ashti),15.0,15.0,15.0,0.2,2016,June
2016-06,Bajra,Osmanabad,Kalamb (Os),17.15,16.56,17.73,4.4,2016,June
2016-06,Bajra,Nasik,Kalvan,17.12,15.37,17.86,35.9,2016,June
2016-06,Bajra,Thane,Kalyan,18.5,17.5,19.5,0.3,2016,June
2016-06,Bajra,Aurangabad,Kannad,16.78,16.08,17.49,15.6,2016,June
2016-06,Bajra,Solapur,Karmala,19.0,18.51,19.01,0.8,2016,June
2016-06,Bajra,Beed,Kej,15.46,13.83,17.49,16.0,2016,June
2016-06,Bajra,Buldhana,Khamgaon,16.07,15.92,16.25,7.9,2016,June
2016-06,Bajra,Beed,Kille Dharur,18.89,16.37,20.08,36.8,2016,June
2016-06,Bajra,Kolhapur,Kolhapur-Laxmipuri,21.58,19.27,22.48,7.8,2016,June
2016-06,Bajra,Ahmadnagar,Kopargaon,18.27,17.25,18.74,11.2,2016,June
2016-06,Bajra,Nasik,Lasalgaon,17.52,14.61,20.7,42.5,2016,June
2016-06,Bajra,Nasik,Lasalgaon-Vinchur,18.36,18.36,18.36,0.3,2016,June
2016-06,Bajra,Aurangabad,Lasur Station,16.8,14.97,17.76,92.7,2016,June
2016-06,Bajra,Latur,Latur,17.12,16.65,17.62,32.2,2016,June
2016-06,Bajra,Satara,Lonand,19.1,16.3,21.6,9.8,2016,June
2016-06,Bajra,Beed,Majalgaon,16.89,14.11,17.83,99.5,2016,June
2016-06,Bajra,Nasik,Malegaon,18.49,14.63,20.29,45.4,2016,June
2016-06,Bajra,Solapur,Mangalwedha,18.5,18.22,18.5,0.3,2016,June
2016-06,Bajra,Nasik,Manmad,17.31,15.71,18.2,12.6,2016,June
2016-06,Bajra,Jalna,Mantha,15.0,15.0,15.0,0.2,2016,June
2016-06,Bajra,Parbhani,Manwat,16.35,15.33,16.52,1.3,2016,June
2016-06,Bajra,Osmanabad,Murum,16.25,16.0,16.5,0.5,2016,June
2016-06,Bajra,Nasik,Nampur,16.65,16.29,16.83,2.5,2016,June
2016-06,Bajra,Buldhana,Nandura,17.04,16.0,17.09,2.5,2016,June
2016-06,Bajra,Nandurbar,Nandurbar,16.67,14.82,17.87,51.6,2016,June
2016-06,Bajra,Ahmadnagar,Newasa,15.0,15.0,15.0,0.2,2016,June
2016-06,Bajra,Pune,Nira-Saswad,19.4,15.2,23.4,28.6,2016,June
2016-06,Bajra,Jalgaon,Pachora,16.31,14.68,17.93,105.5,2016,June
2016-06,Bajra,Aurangabad,Paithan,15.9,14.4,23.28,27.2,2016,June
2016-06,Bajra,Solapur,Pandharpur,16.5,16.5,16.5,1.0,2016,June
2016-06,Bajra,Beed,Parli-Vaijnath,15.71,15.64,15.8,3.2,2016,June
2016-06,Bajra,Jalgaon,Parola,15.63,14.47,16.82,18.9,2016,June
2016-06,Bajra,Jalna,Partur,15.63,15.41,15.88,5.6,2016,June
2016-06,Bajra,Ahmadnagar,Pathardi,15.63,12.95,17.71,36.6,2016,June
2016-06,Bajra,Parbhani,Pathari,23.26,17.89,23.87,6.6,2016,June
2016-06,Bajra,Satara,Phaltan,18.38,12.75,21.13,42.2,2016,June
2016-06,Bajra,Pune,Pune,22.29,20.98,22.86,403.1,2016,June
2016-06,Bajra,Yewatmal,Pusad,18.77,17.16,19.98,3.0,2016,June
2016-06,Bajra,Ahmadnagar,Rahata,15.77,15.77,16.25,2.5,2016,June
2016-06,Bajra,Ahmadnagar,Rahuri-Songaon,13.54,12.96,14.25,1.9,2016,June
2016-06,Bajra,Ahmadnagar,Rahuri-Vambori,17.96,17.6,18.32,2.9,2016,June
2016-06,Bajra,Jalgaon,Raver,16.32,16.1,16.32,1.9,2016,June
2016-06,Bajra,Dhule,Sakri,14.71,14.53,16.19,3.8,2016,June
2016-06,Bajra,Sangli,Sangali,19.4,17.47,20.67,199.4,2016,June
2016-06,Bajra,Ahmadnagar,Sangamner,17.8,16.1,19.29,48.2,2016,June
2016-06,Bajra,Nasik,Satana,18.32,15.2,20.82,30.0,2016,June
2016-06,Bajra,Nandurbar,Shahada,16.95,16.8,17.17,20.0,2016,June
2016-06,Bajra,Buldhana,Shegaon,13.5,13.5,13.5,0.3,2016,June
2016-06,Bajra,Ahmadnagar,Shevgaon,18.29,16.29,18.29,41.7,2016,June
2016-06,Bajra,Ahmadnagar,Shevgaon-Bodhegaon,17.32,15.98,17.4,47.3,2016,June
2016-06,Bajra,Dhule,Shirpur,16.73,13.58,17.63,65.0,2016,June
2016-06,Bajra,Pune,Shirur,16.86,16.01,17.89,12.2,2016,June
2016-06,Bajra,Ahmadnagar,Shrigonda,19.0,17.25,19.0,1.7,2016,June
2016-06,Bajra,Ahmadnagar,Shrirampur,23.66,22.92,24.42,2.6,2016,June
2016-06,Bajra,Ahmadnagar,Shrirampur-Belapur,15.0,15.0,15.0,0.3,2016,June
2016-06,Bajra,Aurangabad,Sillod,16.25,15.5,17.0,8.6,2016,June
2016-06,Bajra,Aurangabad,Sillod-Bharadi,16.0,15.8,16.2,4.7,2016,June
2016-06,Bajra,Nasik,Sinner,17.95,15.97,19.42,30.9,2016,June
2016-06,Bajra,Parbhani,Sonpeth,15.88,15.38,16.1,1.0,2016,June
2016-06,Bajra,Nandurbar,Taloda,16.38,15.0,17.25,4.7,2016,June
2016-06,Bajra,Thane,Ulhasnagar,20.21,17.14,24.57,99.0,2016,June
2016-06,Bajra,Osmanabad,Umarga,14.7,14.7,15.04,1.6,2016,June
2016-06,Bajra,Satara,Vaduj,17.94,17.11,18.78,5.1,2016,June
2016-06,Bajra,Aurangabad,Vaijapur,18.94,17.38,19.88,61.3,2016,June
2016-06,Bajra,Jalgaon,Yawal,12.93,11.93,14.73,11.8,2016,June
2016-06,Bajra,Nasik,Yeola,17.34,16.05,18.59,8.4,2016,June
2016-06,Cotton,Akola,Akot,54.38,54.05,54.7,75.0,2016,June
2016-06,Cotton,Amaravathi,Amarawati,55.91,55.24,56.62,189.9,2016,June
2016-06,Cotton,Wardha,Arvi,53.01,51.17,54.33,159.1,2016,June
2016-06,Cotton,Jalna,Jafrabad,14.0,13.0,15.0,7.0,2016,June
2016-06,Cotton,Nagpur,Kalmeshwar,49.45,45.75,50.88,20.9,2016,June
2016-06,Cotton,Nagpur,Katol,49.96,41.44,52.28,61.0,2016,June
2016-06,Cotton,Buldhana,Khamgaon,51.74,48.17,54.33,57.5,2016,June
2016-06,Cotton,Nagpur,Mandhal,42.35,42.21,42.5,1.8,2016,June
2016-06,Cotton,Nagpur,Narkhed,50.41,48.71,54.18,83.2,2016,June
2016-06,Cotton,Akola,Telhara,50.25,49.38,51.13,224.5,2016,June
2016-06,Cotton,Amaravathi,Varud,48.9,46.8,51.35,60.6,2016,June
2016-06,Cotton,Jalgaon,Yawal,45.23,42.38,47.38,43.2,2016,June
2016-06,Jowar,Amaravathi,Achalpur,14.85,14.53,15.16,27.9,2016,June
2016-06,Jowar,Ahmadnagar,Ahmednagar,20.42,17.23,22.78,150.1,2016,June
2016-06,Jowar,Latur,Ahmedpur,15.56,15.14,16.13,69.3,2016,June
2016-06,Jowar,Hingoli,Akhadabalapur,15.0,15.0,15.0,1.2,2016,June
2016-06,Jowar,Akola,Akola,15.65,14.37,17.33,50.6,2016,June
2016-06,Jowar,Akola,Akot,14.77,14.49,15.11,39.7,2016,June
2016-06,Jowar,Jalgaon,Amalner,18.81,16.54,19.06,105.0,2016,June
2016-06,Jowar,Amaravathi,Amarawati,19.87,18.1,21.58,11.2,2016,June
2016-06,Jowar,Jalna,Ambad(Vadi Godri),18.1,14.85,21.08,501.4,2016,June
2016-06,Jowar,Beed,Ambejogai,17.08,16.9,17.3,7.9,2016,June
2016-06,Jowar,Amaravathi,Anajngaon Surji,13.93,12.93,15.14,2.4,2016,June
2016-06,Jowar,Latur,Ausa,18.14,15.66,18.99,25.2,2016,June
2016-06,Jowar,Akola,Balapur,17.5,13.5,18.0,12.4,2016,June
2016-06,Jowar,Pune,Baramati,18.61,16.4,23.09,257.7,2016,June
2016-06,Jowar,Solapur,Barshi,21.65,16.32,25.77,1690.5,2016,June
2016-06,Jowar,Solapur,Barshi-Vairag,20.83,16.93,24.67,344.8,2016,June
2016-06,Jowar,Beed,Beed,18.37,16.76,20.52,305.5,2016,June
2016-06,Jowar,Nanded,Bhokar,15.16,14.21,16.02,190.7,2016,June
2016-06,Jowar,Jalna,Bhokardan,15.05,14.89,15.17,8.3,2016,June
2016-06,Jowar,Jalna,Bhokardan-Pimpalgaon Renu,15.13,15.0,15.24,4.4,2016,June
2016-06,Jowar,Jalgaon,Bhusaval,13.13,13.07,13.29,8.5,2016,June
2016-06,Jowar,Buldhana,Buldhana,13.82,12.62,15.05,45.2,2016,June
2016-06,Jowar,Latur,Chakur,19.83,19.83,19.83,2.2,2016,June
2016-06,Jowar,Jalgaon,Chalisgaon,14.87,14.03,15.62,48.6,2016,June
2016-06,Jowar,Amaravathi,Chandur Bajar,14.0,13.0,14.67,8.3,2016,June
2016-06,Jowar,Buldhana,Chikhali,14.12,12.77,15.45,33.1,2016,June
2016-06,Jowar,Jalgaon,Chopda,17.42,15.89,17.82,26.6,2016,June
2016-06,Jowar,Nasik,Devala,19.64,19.52,19.75,2.4,2016,June
2016-06,Jowar,Nandurbar,Dhadgaon,13.07,12.65,13.44,27.9,2016,June
2016-06,Jowar,Jalgaon,Dharangaon,14.1,13.93,14.32,7.5,2016,June
2016-06,Jowar,Amaravathi,Dharni,14.5,14.0,15.0,115.0,2016,June
2016-06,Jowar,Dhule,Dhule,16.76,15.78,17.12,65.5,2016,June
2016-06,Jowar,Yewatmal,Digras,15.83,15.45,16.07,7.1,2016,June
2016-06,Jowar,Dhule,Dondaicha,18.31,16.54,19.1,49.0,2016,June
2016-06,Jowar,Dhule,Dondaicha-Sindkheda,18.22,17.5,18.72,9.6,2016,June
2016-06,Jowar,Pune,Dound,20.85,18.3,22.06,269.4,2016,June
2016-06,Jowar,Solapur,Dudhani,20.0,18.26,21.06,215.9,2016,June
2016-06,Jowar,Parbhani,Gangakhed,18.03,16.36,20.69,244.5,2016,June
2016-06,Jowar,Aurangabad,Gangapur,18.0,16.99,19.02,50.6,2016,June
2016-06,Jowar,Beed,Gevrai,18.26,17.13,20.38,694.7,2016,June
2016-06,Jowar,Jalna,Ghansawangi,17.4,16.5,18.6,5.6,2016,June
2016-06,Jowar,Wardha,Hinganghat,11.05,11.05,11.05,0.3,2016,June
2016-06,Jowar,Hingoli,Hingoli,16.8,16.8,16.8,19.5,2016,June
2016-06,Jowar,Pune,Indapur,21.41,18.26,26.3,50.2,2016,June
2016-06,Jowar,Pune,Indapur (Nimgaon Ketki),18.09,16.53,18.77,2.1,2016,June
2016-06,Jowar,Pune,Indapur-Bhigwan,20.0,17.84,25.15,164.9,2016,June
2016-06,Jowar,Jalna,Jafrabad,11.5,10.0,13.0,2.0,2016,June
2016-06,Jowar,Jalgaon,Jalgaon,18.47,18.03,18.82,87.8,2016,June
2016-06,Jowar,Buldhana,Jalgaon Jamod,15.0,14.0,16.0,0.5,2016,June
2016-06,Jowar,Latur,Jalkot,15.0,14.98,15.02,66.0,2016,June
2016-06,Jowar,Jalna,Jalna,18.3,14.04,25.76,1650.0,2016,June
2016-06,Jowar,Jalna,Jalna-Badnapur,17.42,17.01,17.84,4.3,2016,June
2016-06,Jowar,Ahmadnagar,Jamkhed,23.67,17.86,29.48,1251.3,2016,June
2016-06,Jowar,Parbhani,Jintur,16.97,14.58,18.9,42.4,2016,June
2016-06,Jowar,Parbhani,Jintur-Bori,17.52,15.89,17.83,7.7,2016,June
2016-06,Jowar,Beed,Kada,21.09,16.88,25.28,220.6,2016,June
2016-06,Jowar,Beed,Kada (Ashti),19.29,16.14,22.72,22.5,2016,June
2016-06,Jowar,Osmanabad,Kalamb (Os),17.77,16.07,19.01,197.3,2016,June
2016-06,Jowar,Thane,Kalyan,25.0,21.0,26.0,0.3,2016,June
2016-06,Jowar,Aurangabad,Kannad,15.83,15.33,16.33,0.5,2016,June
2016-06,Jowar,Wasim,Karanja,14.58,13.75,16.16,8.0,2016,June
2016-06,Jowar,Solapur,Karmala,22.83,16.43,30.15,364.8,2016,June
2016-06,Jowar,Nagpur,Katol,13.4,13.37,13.44,11.4,2016,June
2016-06,Jowar,Beed,Kej,18.36,17.57,19.46,59.1,2016,June
2016-06,Jowar,Buldhana,Khamgaon,14.77,13.99,15.6,80.0,2016,June
2016-06,Jowar,Beed,Kille Dharur,19.18,17.04,20.04,73.9,2016,June
2016-06,Jowar,Kolhapur,Kolhapur-Laxmipuri,29.19,17.51,35.21,238.0,2016,June
2016-06,Jowar,Ahmadnagar,Kopargaon,17.81,15.54,18.45,70.4,2016,June
2016-06,Jowar,Satara,Koregaon,19.0,17.0,21.0,200.9,2016,June
2016-06,Jowar,Solapur,Kurdwadi,21.35,17.96,24.77,16.7,2016,June
2016-06,Jowar,Solapur,Kurdwadi-Modnimb,19.21,15.65,24.21,28.9,2016,June
2016-06,Jowar,Nasik,Lasalgaon,16.19,13.4,18.33,31.7,2016,June
2016-06,Jowar,Nasik,Lasalgaon-Vinchur,16.82,16.3,16.92,6.3,2016,June
2016-06,Jowar,Aurangabad,Lasur Station,18.5,16.08,22.73,242.0,2016,June
2016-06,Jowar,Latur,Latur,16.73,15.43,18.89,705.4,2016,June
2016-06,Jowar,Latur,Latur-Murud,15.82,14.78,16.4,20.5,2016,June
2016-06,Jowar,Nanded,Loha,15.25,14.63,16.04,39.5,2016,June
2016-06,Jowar,Satara,Lonand,19.4,16.3,23.1,14.6,2016,June
2016-06,Jowar,Buldhana,Lonar,16.34,14.98,17.79,43.9,2016,June
2016-06,Jowar,Yewatmal,Mahagaon,16.44,15.97,17.0,28.5,2016,June
2016-06,Jowar,Beed,Majalgaon,16.87,13.83,18.31,197.7,2016,June
2016-06,Jowar,Nasik,Malegaon,18.87,16.85,20.12,7.0,2016,June
2016-06,Jowar,Wasim,Malegaon (Washim),16.0,15.0,17.0,1.2,2016,June
2016-06,Jowar,Buldhana,Malkapur,14.87,14.12,15.53,124.8,2016,June
2016-06,Jowar,Solapur,Mangalwedha,20.91,16.04,23.39,102.2,2016,June
2016-06,Jowar,Wasim,Mangrulpeer,14.9,14.33,15.08,5.6,2016,June
2016-06,Jowar,Nasik,Manmad,18.27,17.84,18.91,0.9,2016,June
2016-06,Jowar,Jalna,Mantha,17.25,15.25,18.44,17.6,2016,June
2016-06,Jowar,Parbhani,Manwat,17.8,16.11,19.19,35.8,2016,June
2016-06,Jowar,Buldhana,Mehkar,13.84,12.54,14.8,25.3,2016,June
2016-06,Jowar,Solapur,Mohol,20.16,17.25,21.52,37.3,2016,June
2016-06,Jowar,Amaravathi,Morshi,14.72,14.31,15.11,64.7,2016,June
2016-06,Jowar,Nanded,Mudkhed,14.53,13.9,15.07,5.5,2016,June
2016-06,Jowar,Osmanabad,Murum,20.06,19.22,21.5,3.6,2016,June
2016-06,Jowar,Nagpur,Nagpur,20.5,16.0,22.0,0.3,2016,June
2016-06,Jowar,Nanded,Nanded,14.05,13.77,14.34,73.1,2016,June
2016-06,Jowar,Buldhana,Nandura,14.84,12.87,14.95,84.1,2016,June
2016-06,Jowar,Nandurbar,Nandurbar,15.06,13.91,16.25,137.2,2016,June
2016-06,Jowar,Nandurbar,Navapur,14.78,14.65,14.85,13.9,2016,June
2016-06,Jowar,Ahmadnagar,Newasa,16.38,16.0,16.75,3.6,2016,June
2016-06,Jowar,Latur,Nilanga,13.4,12.53,14.15,11.1,2016,June
2016-06,Jowar,Pune,Nira-Saswad,20.62,15.8,25.45,52.1,2016,June
2016-06,Jowar,Osmanabad,Osmanabad,18.12,16.19,22.19,29.8,2016,June
2016-06,Jowar,Jalgaon,Pachora,16.03,15.31,16.77,465.0,2016,June
2016-06,Jowar,Aurangabad,Paithan,17.45,16.67,18.14,77.9,2016,June
2016-06,Jowar,Solapur,Pandharpur,19.71,19.51,19.74,11.8,2016,June
2016-06,Jowar,Osmanabad,Paranda,17.75,14.3,20.66,600.9,2016,June
2016-06,Jowar,Parbhani,Parbhani,16.92,16.09,17.58,24.1,2016,June
2016-06,Jowar,Beed,Parli-Vaijnath,15.86,15.51,16.25,68.3,2016,June
2016-06,Jowar,Jalgaon,Parola,14.35,14.05,15.07,54.6,2016,June
2016-06,Jowar,Jalna,Partur,17.8,17.38,18.23,80.7,2016,June
2016-06,Jowar,Ahmadnagar,Pathardi,17.2,15.87,18.97,89.3,2016,June
2016-06,Jowar,Parbhani,Pathari,17.04,16.18,17.82,33.7,2016,June
2016-06,Jowar,Akola,Patur,16.45,15.05,17.75,3.4,2016,June
2016-06,Jowar,Satara,Phaltan,20.63,15.7,25.76,81.0,2016,June
2016-06,Jowar,Pune,Pune,24.36,22.76,25.07,417.3,2016,June
2016-06,Jowar,Parbhani,Purna,16.86,14.21,19.26,12.0,2016,June
2016-06,Jowar,Yewatmal,Pusad,15.66,13.95,16.76,111.5,2016,June
2016-06,Jowar,Ahmadnagar,Rahata,15.09,14.43,15.75,17.1,2016,June
2016-06,Jowar,Ahmadnagar,Rahuri-Vambori,16.84,15.63,18.08,25.6,2016,June
2016-06,Jowar,Jalgaon,Raver,14.53,13.43,15.02,18.5,2016,June
2016-06,Jowar,Parbhani,Sailu,18.08,16.75,19.44,47.0,2016,June
2016-06,Jowar,Sangli,Sangali,22.45,17.49,25.49,1161.0,2016,June
2016-06,Jowar,Ahmadnagar,Sangamner,17.98,16.33,19.38,22.3,2016,June
2016-06,Jowar,Buldhana,Sangrampur-Varvatbakal,14.0,13.0,15.0,1.1,2016,June
2016-06,Jowar,Nagpur,Savner,13.03,12.61,13.09,4.7,2016,June
2016-06,Jowar,Nandurbar,Shahada,18.33,17.66,18.7,12.0,2016,June
2016-06,Jowar,Buldhana,Shegaon,13.9,13.31,14.63,49.5,2016,June
2016-06,Jowar,Ahmadnagar,Shevgaon,21.18,17.64,21.18,243.1,2016,June
2016-06,Jowar,Ahmadnagar,Shevgaon-Bodhegaon,18.31,16.62,18.31,163.1,2016,June
2016-06,Jowar,Dhule,Shirpur,18.72,16.69,19.8,68.2,2016,June
2016-06,Jowar,Pune,Shirur,17.3,16.36,17.9,12.7,2016,June
2016-06,Jowar,Ahmadnagar,Shrigonda,19.0,17.11,21.0,19.1,2016,June
2016-06,Jowar,Ahmadnagar,Shrirampur,17.51,16.25,18.52,39.7,2016,June
2016-06,Jowar,Ahmadnagar,Shrirampur-Belapur,17.0,17.0,17.0,0.7,2016,June
2016-06,Jowar,Aurangabad,Sillod,10.83,10.5,11.17,3.1,2016,June
2016-06,Jowar,Aurangabad,Sillod-Bharadi,13.5,13.5,13.5,0.7,2016,June
2016-06,Jowar,Wardha,Sindi (Selu),11.0,10.0,12.0,0.9,2016,June
2016-06,Jowar,Buldhana,Sindkhed Raja,16.43,14.61,17.83,22.5,2016,June
2016-06,Jowar,Nasik,Sinner,16.4,14.18,17.93,15.6,2016,June
2016-06,Jowar,Solapur,Solapur,20.21,18.7,21.49,36.7,2016,June
2016-06,Jowar,Parbhani,Sonpeth,17.38,15.84,18.27,46.9,2016,June
2016-06,Jowar,Sangli,Tasgaon,17.23,16.51,17.99,89.2,2016,June
2016-06,Jowar,Akola,Telhara,13.09,12.6,13.69,40.0,2016,June
2016-06,Jowar,Osmanabad,Tuljapur,20.04,19.0,20.25,8.0,2016,June
2016-06,Jowar,Thane,Ulhasnagar,33.33,25.6,38.67,110.5,2016,June
2016-06,Jowar,Nagpur,Umared,19.36,19.0,19.86,2.0,2016,June
2016-06,Jowar,Osmanabad,Umarga,17.44,17.05,17.84,2.9,2016,June
2016-06,Jowar,Nanded,Umari,13.84,13.37,14.44,13.2,2016,June
2016-06,Jowar,Satara,Vaduj,22.56,21.89,23.22,284.0,2016,June
2016-06,Jowar,Aurangabad,Vaijapur,18.9,17.78,19.35,84.2,2016,June
2016-06,Jowar,Amaravathi,Varud-Rajura Bazar,15.27,15.16,15.4,4.0,2016,June
2016-06,Jowar,Wardha,Wardha,16.83,14.5,16.83,1.0,2016,June
2016-06,Jowar,Wasim,Washim,13.71,12.61,14.67,16.1,2016,June
2016-06,Jowar,Wasim,Washim-Ansing,13.04,12.76,13.43,3.9,2016,June
2016-06,Jowar,Jalgaon,Yawal,13.4,12.0,14.25,7.5,2016,June
2016-06,Jowar,Nasik,Yeola,16.66,16.28,17.23,6.9,2016,June
2016-06,Jowar,Yewatmal,Yeotmal,16.4,16.4,16.4,0.8,2016,June
2016-06,Onion,Ahmadnagar,Ahmednagar,7.5,1.0,13.54,15816.4,2016,June
2016-06,Onion,Solapur,Akluj,8.4,3.86,8.4,90.9,2016,June
2016-06,Onion,Ahmadnagar,Akole,7.54,1.59,12.64,5713.3,2016,June
2016-06,Onion,Jalgaon,Amalner,4.75,1.85,7.15,295.0,2016,June
2016-06,Onion,Amaravathi,Amarawati,5.51,3.66,7.36,545.3,2016,June
2016-06,Onion,Amaravathi,Amarawati-Fruit And Vegetables,5.03,3.41,6.91,905.0,2016,June
2016-06,Onion,Aurangabad,Aurangabad,5.65,2.65,8.69,1132.4,2016,June
2016-06,Onion,Pune,Baramati,6.26,2.0,8.85,286.4,2016,June
2016-06,Onion,Solapur,Barshi,5.0,2.0,6.6,23.7,2016,June
2016-06,Onion,Thane,Bhivandi,9.2,7.63,10.42,10079.0,2016,June
2016-06,Onion,Jalgaon,Chalisgaon,5.94,3.56,8.52,2333.4,2016,June
2016-06,Onion,Chandrapur,Chandrapur-Ganjwad,9.44,7.85,10.85,1646.7,2016,June
2016-06,Onion,Nasik,Chandvad,7.54,2.1,9.46,7845.0,2016,June
2016-06,Onion,Nasik,Devala,7.61,3.01,9.17,7117.9,2016,June
2016-06,Onion,Dhule,Dhule,6.04,2.32,8.07,8741.5,2016,June
2016-06,Onion,Nasik,Dindori,6.82,5.28,8.49,2161.5,2016,June
2016-06,Onion,Nasik,Dindori-Vani,7.84,5.59,10.14,13967.5,2016,June
2016-06,Onion,Aurangabad,Gangapur,5.38,1.97,9.99,226.1,2016,June
2016-06,Onion,Pune,Indapur,4.35,1.09,8.65,132.3,2016,June
2016-06,Onion,Jalgaon,Jalgaon,5.48,3.4,7.98,455.0,2016,June
2016-06,Onion,Ahmadnagar,Jamkhed,6.63,1.0,12.25,555.8,2016,June
2016-06,Onion,Pune,Junnar,10.39,5.67,11.29,4812.8,2016,June
2016-06,Onion,Pune,Junnar (Alephata),11.92,6.92,12.81,8125.1,2016,June
2016-06,Onion,Pune,Junnar-Otur,9.22,5.52,10.0,7172.4,2016,June
2016-06,Onion,Nasik,Kalvan,8.08,2.87,9.91,17593.6,2016,June
2016-06,Onion,Thane,Kalyan,8.56,7.47,9.51,13.5,2016,June
2016-06,Onion,Nagpur,Kamthi,8.22,4.26,10.17,16.0,2016,June
2016-06,Onion,Satara,Karad,10.0,5.77,10.0,428.1,2016,June
2016-06,Onion,Pune,Khed-Chakan,7.28,5.44,9.22,818.0,2016,June
2016-06,Onion,Kolhapur,Kolhapur,7.96,3.0,11.94,11062.3,2016,June
2016-06,Onion,Ahmadnagar,Kopargaon,9.12,3.38,11.31,4362.5,2016,June
2016-06,Onion,Satara,Koregaon,4.81,2.0,7.63,68.0,2016,June
2016-06,Onion,Solapur,Kurdwadi,5.51,2.2,8.43,28.3,2016,June
2016-06,Onion,Solapur,Kurdwadi-Modnimb,4.5,1.97,8.31,108.2,2016,June
2016-06,Onion,Nasik,Lasalgaon,8.49,3.43,9.66,26194.2,2016,June
2016-06,Onion,Nasik,Lasalgaon-Niphad,7.13,3.48,8.29,2518.4,2016,June
2016-06,Onion,Aurangabad,Lasur Station,5.76,1.69,11.09,4737.9,2016,June
2016-06,Onion,Satara,Lonand,7.39,2.72,9.84,966.4,2016,June
2016-06,Onion,Nasik,Malegaon,6.44,2.21,9.1,8419.6,2016,June
2016-06,Onion,Buldhana,Malkapur,5.54,2.57,7.53,896.1,2016,June
2016-06,Onion,Pune,Manchar,7.32,5.41,9.81,5590.6,2016,June
2016-06,Onion,Nasik,Manmad,7.31,3.11,9.42,9963.9,2016,June
2016-06,Onion,Mumbai,Mumbai-Onion And Potato Mkt,7.23,5.29,9.4,23735.0,2016,June
2016-06,Onion,Nagpur,Nagpur,6.88,3.49,7.99,12647.5,2016,June
2016-06,Onion,Nasik,Nampur,7.45,3.33,9.34,10420.0,2016,June
2016-06,Onion,Nasik,Nandgaon,6.82,2.2,8.86,3593.6,2016,June
2016-06,Onion,Buldhana,Nandura,7.67,3.19,7.67,900.1,2016,June
2016-06,Onion,Nasik,Nashik,5.33,2.1,9.45,7392.5,2016,June
2016-06,Onion,Ahmadnagar,Newasa-Ghodegaon,8.92,1.92,11.46,37479.4,2016,June
2016-06,Onion,Osmanabad,Osmanabad,8.36,6.56,10.18,23.3,2016,June
2016-06,Onion,Aurangabad,Paithan,7.32,1.61,10.46,1126.9,2016,June
2016-06,Onion,Thane,Palghar(Bevur),8.32,8.13,8.52,98.3,2016,June
2016-06,Onion,Sangli,Palus,6.5,6.0,7.0,29.5,2016,June
2016-06,Onion,Solapur,Pandharpur,6.85,1.41,11.2,403.4,2016,June
2016-06,Onion,Osmanabad,Paranda,2.99,1.11,5.44,59.7,2016,June
2016-06,Onion,Ahmadnagar,Parner,7.81,3.54,11.97,6977.7,2016,June
2016-06,Onion,Ahmadnagar,Pathardi,8.63,2.04,11.95,1364.6,2016,June
2016-06,Onion,Satara,Phaltan,8.08,3.5,11.25,2146.7,2016,June
2016-06,Onion,Nasik,Pimpalgaon (B)-Saykheda,6.07,2.18,8.74,7365.9,2016,June
2016-06,Onion,Nasik,Pimpalgaon Basawant,6.75,2.58,10.59,42684.4,2016,June
2016-06,Onion,Pune,Pune,9.48,5.24,11.26,24681.5,2016,June
2016-06,Onion,Pune,Pune-Manjri,3.02,2.5,7.82,13.0,2016,June
2016-06,Onion,Pune,Pune-Moshi,5.77,3.57,10.0,120.6,2016,June
2016-06,Onion,Pune,Pune-Pimpri,7.43,6.44,8.13,28.8,2016,June
2016-06,Onion,Ahmadnagar,Rahata,7.79,2.0,13.29,11382.8,2016,June
2016-06,Onion,Ahmadnagar,Rahuri,8.55,3.27,11.36,17136.6,2016,June
2016-06,Onion,Ahmadnagar,Rahuri-Vambori,6.46,1.77,10.92,6480.7,2016,June
2016-06,Onion,Nagpur,Ramtek,9.14,8.5,9.78,34.5,2016,June
2016-06,Onion,Dhule,Sakri,3.89,1.62,8.06,7990.2,2016,June
2016-06,Onion,Ahmadnagar,Sangamner,8.7,3.04,12.96,11487.9,2016,June
2016-06,Onion,Sangli,Sangli-Phale Bhajipalam,6.95,2.15,11.45,5403.3,2016,June
2016-06,Onion,Nasik,Satana,7.78,2.84,9.72,14169.2,2016,June
2016-06,Onion,Satara,Satara,7.33,5.0,9.56,415.2,2016,June
2016-06,Onion,Dhule,Shirpur,5.58,1.46,6.59,617.3,2016,June
2016-06,Onion,Ahmadnagar,Shrigonda,5.18,1.5,8.0,214.0,2016,June
2016-06,Onion,Ahmadnagar,Shrirampur,7.73,1.88,11.19,21378.7,2016,June
2016-06,Onion,Nasik,Sinner,7.04,1.07,10.44,10826.3,2016,June
2016-06,Onion,Solapur,Solapur,5.63,1.04,12.8,22166.3,2016,June
2016-06,Onion,Thane,Ulhasnagar,11.17,8.85,13.23,529.0,2016,June
2016-06,Onion,Nasik,Umrane,7.88,4.2,9.57,19917.7,2016,June
2016-06,Onion,Aurangabad,Vaijapur,7.02,2.52,10.96,4619.9,2016,June
2016-06,Onion,Thane,Vasai,9.29,8.09,11.26,1115.1,2016,June
2016-06,Onion,Jalgaon,Yawal,3.13,2.26,4.33,112.0,2016,June
2016-06,Onion,Nasik,Yeola,7.34,2.31,9.23,13770.7,2016,June
2016-06,Rice,Gondiya,Aamgaon,16.04,15.36,16.7,1027.8,2016,June
2016-06,Rice,Gadchiroli,Aheri,18.3857,18.3857,18.3857,92.1,2016,June
2016-06,Rice,Akola,Akola,42.8,34.0,51.6,1.8,2016,June
2016-06,Rice,Ahmadnagar,Akole,16.69,15.0,20.0,20.0,2016,June
2016-06,Rice,Raigad,Alibag,27.8436,25.1767,30.5106,141.5,2016,June
2016-06,Rice,Gondiya,Arjuni Morgaon,18.75,18.42,18.75,822.1,2016,June
2016-06,Rice,Gadchiroli,Armori,18.17,17.25,18.46,464.2,2016,June
2016-06,Rice,Gadchiroli,Armori-Desaiganj,19.07,17.45,19.3,3151.7,2016,June
2016-06,Rice,Solapur,Barshi,17.7889,17.3972,18.0163,38.0,2016,June
2016-06,Rice,Bhandara,Bhandara,31.44,30.22,32.29,21.9,2016,June
2016-06,Rice,Thane,Bhivandi,22.15,20.29,23.83,59535.3,2016,June
2016-06,Rice,Nagpur,Bhiwapur,23.26,22.88,23.68,166.5,2016,June
2016-06,Rice,Nanded,Bhokar,17.05,17.05,17.05,0.1,2016,June
2016-06,Rice,Chandrapur,Brahmpuri,21.46,20.5,22.28,527.2,2016,June
2016-06,Rice,Gadchiroli,Chamorshi,23.89,23.45,24.29,3387.6,2016,June
2016-06,Rice,Chandrapur,Chimur,23.41,22.66,23.96,871.5,2016,June
2016-06,Rice,Nasik,Devala,16.75,16.75,16.75,0.1,2016,June
2016-06,Rice,Yewatmal,Digras,12.55,12.55,12.55,0.1,2016,June
2016-06,Rice,Gadchiroli,Gadchiroli,19.69,18.26,19.98,553.4,2016,June
2016-06,Rice,Gondiya,Gondiya,17.4,16.44,18.35,3033.5,2016,June
2016-06,Rice,Chandrapur,Gondpimpri,22.16,21.84,22.46,1267.2,2016,June
2016-06,Rice,Pune,Indapur,13.71,13.71,13.71,0.1,2016,June
2016-06,Rice,Pune,Indapur (Nimgaon Ketki),11.51,11.51,11.51,0.1,2016,June
2016-06,Rice,Pune,Indapur-Bhigwan,17.9,17.67,18.09,31.8,2016,June
2016-06,Rice,Osmanabad,Kalamb (Os),11.0,11.0,11.0,0.1,2016,June
2016-06,Rice,Thane,Kalyan,33.7667,18.5333,36.5167,0.9,2016,June
2016-06,Rice,Raigad,Karjat (Raigad),23.0897,16.8938,34.2763,494.7,2016,June
2016-06,Rice,Raigad,Khalapur(Shil-Phata),37.19,24.63,67.25,18.4,2016,June
2016-06,Rice,Kolhapur,Kolhapur-Laxmipuri,37.0658,20.7424,49.5375,410.0,2016,June
2016-06,Rice,Bhandara,Lakhandur,17.36,17.19,17.52,1828.4,2016,June
2016-06,Rice,Bhandara,Lakhani,20.75,20.75,20.75,7.6,2016,June
2016-06,Rice,Nasik,Lasalgaon,18.16,18.16,18.16,0.6,2016,June
2016-06,Rice,Raigad,Mahad,14.31,14.12,14.52,3.9,2016,June
2016-06,Rice,Raigad,Mangaon(Bhadav),15.5372,14.266,16.5854,443.8,2016,June
2016-06,Rice,Chandrapur,Mul,23.66,21.09,24.35,3219.8,2016,June
2016-06,Rice,Mumbai,Mumbai,60.28,47.98,72.59,46751.1,2016,June
2016-06,Rice,Thane,Murbad,15.35,14.46,16.32,58.9,2016,June
2016-06,Rice,Raigad,Murud,23.0218,20.4104,25.6382,138.5,2016,June
2016-06,Rice,Chandrapur,Nagbhid,22.45,19.17,22.49,981.8,2016,June
2016-06,Rice,Nagpur,Nagpur,29.49,27.36,30.2,275.4,2016,June
2016-06,Rice,Nandurbar,Nandurbar,26.84,26.84,26.84,6.3,2016,June
2016-06,Rice,Nandurbar,Navapur,12.53,12.5,12.63,8.3,2016,June
2016-06,Rice,Pune,Nira-Saswad,32.2,29.6,34.8,10.7,2016,June
2016-06,Rice,Jalgaon,Pachora,15.62,15.53,15.72,0.7,2016,June
2016-06,Rice,Thane,Palghar(Bevur),28.39,21.63,36.85,706.3,2016,June
2016-06,Rice,Raigad,Panvel,14.3,14.1,14.55,0.3,2016,June
2016-06,Rice,Bhandara,Pavani,20.8,20.32,21.18,261.7,2016,June
2016-06,Rice,Raigad,Pen,23.3198,21.4899,30.4574,41.7,2016,June
2016-06,Rice,Chandrapur,Pombhurni,21.12,20.0,23.0,656.8,2016,June
2016-06,Rice,Pune,Pune,54.53,47.94,57.66,3502.2,2016,June
2016-06,Rice,Jalgaon,Raver,16.14,16.0,16.14,0.9,2016,June
2016-06,Rice,Raigad,Roha,14.17,14.1,14.25,346.3,2016,June
2016-06,Rice,Gondiya,Sadak Arjuni,14.73,14.34,14.75,135.1,2016,June
2016-06,Rice,Sangli,Sangali,44.81,19.63,58.58,2108.2,2016,June
2016-06,Rice,Ahmadnagar,Sangamner,15.49,15.49,15.49,1.0,2016,June
2016-06,Rice,Chandrapur,Savali,20.62,19.96,21.26,1413.8,2016,June
2016-06,Rice,Thane,Shahapur,14.3,14.1,14.5,0.3,2016,June
2016-06,Rice,Chandrapur,Sindevahi,18.04,18.04,19.04,566.0,2016,June
2016-06,Rice,Nasik,Sinner,17.0,17.0,17.0,0.4,2016,June
2016-06,Rice,Gadchiroli,Sironcha,16.0418,16.0418,16.0418,719.2,2016,June
2016-06,Rice,Solapur,Solapur,32.98,22.25,56.46,1255.8,2016,June
2016-06,Rice,Gondiya,Tiroda,17.62,16.92,18.32,2889.8,2016,June
2016-06,Rice,Bhandara,Tumsar,18.533,17.5165,23.0357,2573.3,2016,June
2016-06,Rice,Thane,Ulhasnagar,45.97,33.24,58.63,707.8,2016,June
2016-06,Rice,Nagpur,Umared,33.44,20.0,39.17,329.2,2016,June
2016-06,Rice,Thane,Vasai,27.05,19.13,42.13,1358.4,2016,June
2016-06,Soybean,Yewatmal,Aarni,34.67,32.33,37.55,118.0,2016,June
2016-06,Soybean,Amaravathi,Achalpur,36.64,35.34,37.9,933.9,2016,June
2016-06,Soybean,Gadchiroli,Aheri,34.6,34.6,34.6,70.5,2016,June
2016-06,Soybean,Latur,Ahmedpur,37.64,37.11,38.1,120.5,2016,June
2016-06,Soybean,Hingoli,Akhadabalapur,36.67,36.0,37.33,11.8,2016,June
2016-06,Soybean,Akola,Akola,35.35,32.8,37.85,2494.9,2016,June
2016-06,Soybean,Ahmadnagar,Akole,35.0,32.0,37.25,10.0,2016,June
2016-06,Soybean,Akola,Akot,35.34,33.18,37.7,465.0,2016,June
2016-06,Soybean,Jalgaon,Amalner,33.44,30.16,33.44,5.1,2016,June
2016-06,Soybean,Amaravathi,Amarawati,33.54,30.02,37.27,4830.1,2016,June
2016-06,Soybean,Beed,Ambejogai,37.88,36.26,39.03,620.1,2016,June
2016-06,Soybean,Amaravathi,Anajngaon Surji,34.69,32.46,37.27,184.3,2016,June
2016-06,Soybean,Wardha,Arvi,34.98,33.15,37.04,110.5,2016,June
2016-06,Soybean,Wardha,Ashti-Karanja,34.75,31.0,37.19,117.3,2016,June
2016-06,Soybean,Latur,Aurad Shahajani,38.06,37.54,38.51,161.2,2016,June
2016-06,Soybean,Latur,Ausa,37.97,36.08,38.68,123.6,2016,June
2016-06,Soybean,Yewatmal,Babhulgaon,35.94,34.06,37.8,451.3,2016,June
2016-06,Soybean,Akola,Balapur,36.0,34.0,36.75,113.2,2016,June
2016-06,Soybean,Pune,Baramati,32.0,31.5,33.5,0.6,2016,June
2016-06,Soybean,Solapur,Barshi,38.51,38.0,38.51,5.6,2016,June
2016-06,Soybean,Solapur,Barshi-Vairag,38.63,38.14,38.75,12.7,2016,June
2016-06,Soybean,Hingoli,Basmat,37.3,37.3,37.3,6.0,2016,June
2016-06,Soybean,Beed,Beed,37.5,37.5,37.65,2.6,2016,June
2016-06,Soybean,Bhandara,Bhandara,35.0,35.0,35.0,0.1,2016,June
2016-06,Soybean,Nagpur,Bhiwapur,35.81,34.88,36.9,40.2,2016,June
2016-06,Soybean,Nanded,Bhokar,35.56,34.59,36.58,32.5,2016,June
2016-06,Soybean,Jalna,Bhokardan,37.87,37.29,38.36,14.0,2016,June
2016-06,Soybean,Jalna,Bhokardan-Pimpalgaon Renu,37.5,37.0,38.0,2.9,2016,June
2016-06,Soybean,Buldhana,Buldhana,35.92,34.62,37.24,135.5,2016,June
2016-06,Soybean,Buldhana,Buldhana-Dhad,36.04,34.96,37.14,1173.5,2016,June
2016-06,Soybean,Latur,Chakur,38.1,36.87,39.42,31.3,2016,June
2016-06,Soybean,Jalgaon,Chalisgaon,32.75,30.0,34.0,0.7,2016,June
2016-06,Soybean,Chandrapur,Chandrapur,36.36,35.84,36.64,76.2,2016,June
2016-06,Soybean,Amaravathi,Chandur Bajar,38.05,33.75,39.88,111.4,2016,June
2016-06,Soybean,Amaravathi,Chandur Rly.,35.35,33.98,36.18,113.1,2016,June
2016-06,Soybean,Buldhana,Chikhali,36.82,35.57,38.07,1351.8,2016,June
2016-06,Soybean,Chandrapur,Chimur,32.73,31.65,34.03,8.4,2016,June
2016-06,Soybean,Jalgaon,Chopda,32.69,31.94,32.69,1.2,2016,June
2016-06,Soybean,Amaravathi,Daryapur,35.28,31.15,36.88,147.8,2016,June
2016-06,Soybean,Amaravathi,Dhamangaon-Rly,36.43,35.15,38.38,1543.3,2016,June
2016-06,Soybean,Dhule,Dhule,36.28,29.67,36.28,3.3,2016,June
2016-06,Soybean,Yewatmal,Digras,37.73,37.14,38.19,54.0,2016,June
2016-06,Soybean,Parbhani,Gangakhed,36.88,35.55,38.38,160.5,2016,June
2016-06,Soybean,Beed,Gevrai,34.69,34.45,34.82,4.1,2016,June
2016-06,Soybean,Jalna,Ghansawangi,36.75,35.0,38.5,2.5,2016,June
2016-06,Soybean,Chandrapur,Gondpimpri,35.75,35.08,36.23,113.5,2016,June
2016-06,Soybean,Wardha,Hinganghat,33.89,31.38,37.69,2360.1,2016,June
2016-06,Soybean,Hingoli,Hingoli,38.04,36.41,38.18,691.1,2016,June
2016-06,Soybean,Pune,Indapur-Bhigwan,31.51,31.51,31.51,0.1,2016,June
2016-06,Soybean,Jalgaon,Jalgaon,37.0,37.0,37.0,0.6,2016,June
2016-06,Soybean,Buldhana,Jalgaon Jamod,33.0,33.0,33.0,0.5,2016,June
2016-06,Soybean,Buldhana,Jalgaon Jamod-Aasalgaon,34.71,30.57,36.57,57.0,2016,June
2016-06,Soybean,Latur,Jalkot,37.41,36.48,38.25,54.9,2016,June
2016-06,Soybean,Jalna,Jalna,37.0,33.96,37.86,262.5,2016,June
2016-06,Soybean,Ahmadnagar,Jamkhed,32.8,30.02,35.57,21.2,2016,June
2016-06,Soybean,Hingoli,Jawala-Bajar,37.3,36.55,37.43,133.3,2016,June
2016-06,Soybean,Parbhani,Jintur,36.49,34.1,37.42,98.5,2016,June
2016-06,Soybean,Parbhani,Jintur-Bori,36.08,33.13,36.5,5.7,2016,June
2016-06,Soybean,Beed,Kada,36.0,35.0,36.5,0.7,2016,June
2016-06,Soybean,Beed,Kada (Ashti),35.0,35.0,35.0,0.1,2016,June
2016-06,Soybean,Osmanabad,Kalamb (Os),38.38,35.95,38.79,197.6,2016,June
2016-06,Soybean,Yewatmal,Kalamb (Yawatmal),35.8,34.4,37.1,8.2,2016,June
2016-06,Soybean,Nagpur,Kalmeshwar,36.56,35.15,37.3,16.0,2016,June
2016-06,Soybean,Nasik,Kalvan,38.07,35.8,38.25,12.3,2016,June
2016-06,Soybean,Wasim,Karanja,35.52,32.26,38.54,3329.0,2016,June
2016-06,Soybean,Nagpur,Katol,35.18,30.59,37.19,722.0,2016,June
2016-06,Soybean,Beed,Kej,37.14,34.56,38.01,41.9,2016,June
2016-06,Soybean,Buldhana,Khamgaon,36.61,33.24,38.42,5837.0,2016,June
2016-06,Soybean,Beed,Kille Dharur,38.0,32.75,38.38,62.0,2016,June
2016-06,Soybean,Ahmadnagar,Kopargaon,36.71,33.73,37.52,33.9,2016,June
2016-06,Soybean,Nasik,Lasalgaon,38.49,22.05,38.96,268.4,2016,June
2016-06,Soybean,Nasik,Lasalgaon-Niphad,38.26,32.29,38.63,20.8,2016,June
2016-06,Soybean,Nasik,Lasalgaon-Vinchur,38.29,31.16,38.83,79.3,2016,June
2016-06,Soybean,Aurangabad,Lasur Station,38.05,37.75,38.13,13.3,2016,June
2016-06,Soybean,Latur,Latur,38.87,35.73,39.87,8253.6,2016,June
2016-06,Soybean,Latur,Latur-Murud,37.27,33.37,38.25,34.1,2016,June
2016-06,Soybean,Buldhana,Lonar,37.19,36.69,37.72,826.5,2016,June
2016-06,Soybean,Beed,Majalgaon,36.95,32.14,39.01,104.5,2016,June
2016-06,Soybean,Nasik,Malegaon,37.26,37.26,37.26,0.2,2016,June
2016-06,Soybean,Wasim,Malegaon (Washim),37.11,35.31,37.87,788.7,2016,June
2016-06,Soybean,Buldhana,Malkapur,37.42,34.63,40.49,539.0,2016,June
2016-06,Soybean,Nagpur,Mandhal,36.02,35.25,36.87,13.8,2016,June
2016-06,Soybean,Wasim,Mangrulpeer,37.71,35.87,38.73,1240.5,2016,June
2016-06,Soybean,Wasim,Manora,36.41,35.3,38.12,358.7,2016,June
2016-06,Soybean,Jalna,Mantha,36.63,33.25,37.5,15.2,2016,June
2016-06,Soybean,Parbhani,Manwat,35.59,33.89,37.0,14.9,2016,June
2016-06,Soybean,Buldhana,Mehkar,37.4,35.12,38.61,1703.0,2016,June
2016-06,Soybean,Amaravathi,Morshi,33.63,32.6,34.65,80.0,2016,June
2016-06,Soybean,Akola,Murtizapur,36.05,34.5,37.73,631.2,2016,June
2016-06,Soybean,Osmanabad,Murum,37.69,37.4,37.99,4.5,2016,June
2016-06,Soybean,Nagpur,Nagpur,36.46,33.1,37.58,140.9,2016,June
2016-06,Soybean,Nasik,Nampur,32.0,32.0,32.0,0.1,2016,June
2016-06,Soybean,Nanded,Nanded,36.93,36.71,36.95,248.2,2016,June
2016-06,Soybean,Amaravathi,Nandgaon Khandeshwar,32.97,27.85,37.85,147.3,2016,June
2016-06,Soybean,Buldhana,Nandura,37.91,32.92,38.07,181.6,2016,June
2016-06,Soybean,Nandurbar,Nandurbar,36.34,36.07,36.34,3.6,2016,June
2016-06,Soybean,Nandurbar,Navapur,40.0,40.0,40.0,0.5,2016,June
2016-06,Soybean,Yewatmal,Ner Parasopant,35.75,34.6,36.81,247.7,2016,June
2016-06,Soybean,Latur,Nilanga,38.71,35.87,39.52,124.2,2016,June
2016-06,Soybean,Pune,Nira-Saswad,33.5,33.5,33.5,0.4,2016,June
2016-06,Soybean,Osmanabad,Osmanabad,37.0,35.45,37.51,9.5,2016,June
2016-06,Soybean,Jalgaon,Pachora,32.97,30.8,35.3,4.2,2016,June
2016-06,Soybean,Parbhani,Palam,36.0,36.0,36.0,2.5,2016,June
2016-06,Soybean,Yewatmal,Pandharkawada,36.13,36.06,36.18,8.5,2016,June
2016-06,Soybean,Parbhani,Parbhani,36.66,36.01,37.0,43.8,2016,June
2016-06,Soybean,Beed,Parli-Vaijnath,38.34,36.24,39.05,249.0,2016,June
2016-06,Soybean,Jalna,Partur,36.6,35.87,37.2,15.8,2016,June
2016-06,Soybean,Parbhani,Pathari,35.46,28.58,37.1,22.7,2016,June
2016-06,Soybean,Akola,Patur,35.92,34.58,36.83,29.2,2016,June
2016-06,Soybean,Wardha,Pulgaon,35.82,34.15,36.43,46.7,2016,June
2016-06,Soybean,Parbhani,Purna,36.69,32.93,37.65,37.6,2016,June
2016-06,Soybean,Yewatmal,Pusad,36.95,33.58,38.43,147.1,2016,June
2016-06,Soybean,Ahmadnagar,Rahata,37.07,37.07,37.2,1.7,2016,June
2016-06,Soybean,Ahmadnagar,Rahuri-Vambori,35.11,35.07,35.14,4.3,2016,June
2016-06,Soybean,Chandrapur,Rajura,35.94,35.03,36.16,39.8,2016,June
2016-06,Soybean,Wasim,Risod,36.99,35.54,38.39,2280.0,2016,June
2016-06,Soybean,Parbhani,Sailu,36.14,33.8,38.08,15.6,2016,June
2016-06,Soybean,Sangli,Sangali,39.01,37.63,39.84,340.4,2016,June
2016-06,Soybean,Ahmadnagar,Sangamner,37.44,35.88,38.5,7.3,2016,June
2016-06,Soybean,Buldhana,Sangrampur-Varvatbakal,32.27,29.62,35.12,13.8,2016,June
2016-06,Soybean,Nagpur,Savner,33.53,31.79,34.49,19.2,2016,June
2016-06,Soybean,Hingoli,Sengaon,37.01,35.94,37.99,210.9,2016,June
2016-06,Soybean,Buldhana,Shegaon,35.9,31.56,37.71,156.0,2016,June
2016-06,Soybean,Dhule,Shirpur,36.37,33.26,37.19,3.2,2016,June
2016-06,Soybean,Ahmadnagar,Shrirampur,36.88,36.88,36.88,0.3,2016,June
2016-06,Soybean,Aurangabad,Sillod,37.97,37.23,38.67,18.0,2016,June
2016-06,Soybean,Aurangabad,Sillod-Bharadi,36.61,36.32,36.89,4.3,2016,June
2016-06,Soybean,Wardha,Sindi,34.68,31.39,36.63,25.0,2016,June
2016-06,Soybean,Wardha,Sindi (Selu),35.64,33.28,37.83,154.6,2016,June
2016-06,Soybean,Buldhana,Sindkhed Raja,38.88,37.8,39.75,22.8,2016,June
2016-06,Soybean,Nasik,Sinner,38.75,35.61,38.86,6.7,2016,June
2016-06,Soybean,Parbhani,Sonpeth,37.34,34.84,38.28,27.1,2016,June
2016-06,Soybean,Akola,Telhara,35.32,34.26,36.52,64.5,2016,June
2016-06,Soybean,Osmanabad,Tuljapur,37.0,36.0,38.5,0.9,2016,June
2016-06,Soybean,Latur,Udgir,38.77,38.56,38.77,433.4,2016,June
2016-06,Soybean,Nagpur,Umared,35.89,33.78,38.05,1135.3,2016,June
2016-06,Soybean,Osmanabad,Umarga,36.86,35.65,37.37,10.4,2016,June
2016-06,Soybean,Nanded,Umari,37.1,36.79,37.43,15.0,2016,June
2016-06,Soybean,Yewatmal,Umarkhed,35.71,34.86,36.57,72.0,2016,June
2016-06,Soybean,Yewatmal,Umarkhed-Danki,36.0,35.33,36.67,54.5,2016,June
2016-06,Soybean,Satara,Vaduj,36.5,35.5,37.5,1.7,2016,June
2016-06,Soybean,Aurangabad,Vaijapur,38.01,38.01,38.01,0.1,2016,June
2016-06,Soybean,Yewatmal,Vani,36.58,34.46,37.24,144.0,2016,June
2016-06,Soybean,Chandrapur,Varora,34.19,32.0,36.38,198.5,2016,June
2016-06,Soybean,Amaravathi,Varud-Rajura Bazar,35.05,32.41,37.07,12.1,2016,June
2016-06,Soybean,Wardha,Wardha,37.63,34.5,37.63,411.7,2016,June
2016-06,Soybean,Wasim,Washim,39.14,37.26,40.76,3121.0,2016,June
2016-06,Soybean,Wasim,Washim-Ansing,37.75,36.65,38.72,559.0,2016,June
2016-06,Soybean,Yewatmal,Yeotmal,36.57,34.63,38.16,648.2,2016,June
2016-06,Sugarcane,Thane,Ulhasnagar,4.24,3.0,9.72,538.7,2016,June
2016-07,Bajra,Latur,Ahmedpur,14.25,14.25,14.25,0.3,2016,July
2016-07,Bajra,Ahmadnagar,Akole,17.19,14.5,22.0,3.2,2016,July
2016-07,Bajra,Jalgaon,Amalner,18.62,17.39,18.62,6.4,2016,July
2016-07,Bajra,Amaravathi,Amarawati,19.64,18.14,21.14,2.1,2016,July
2016-07,Bajra,Jalna,Ambad(Vadi Godri),17.28,15.95,19.15,71.5,2016,July
2016-07,Bajra,Pune,Baramati,18.5,17.0,23.0,26.0,2016,July
2016-07,Bajra,Solapur,Barshi,17.97,17.64,18.18,10.6,2016,July
2016-07,Bajra,Beed,Beed,17.29,16.08,18.19,34.1,2016,July
2016-07,Bajra,Jalna,Bhokardan,14.35,14.28,14.53,1.9,2016,July
2016-07,Bajra,Jalgaon,Bhusaval,17.0,15.5,17.75,2.4,2016,July
2016-07,Bajra,Jalgaon,Chalisgaon,17.98,13.9,19.0,9.6,2016,July
2016-07,Bajra,Buldhana,Chikhali,14.5,13.0,16.0,1.5,2016,July
2016-07,Bajra,Jalgaon,Chopda,16.79,15.67,17.52,4.0,2016,July
2016-07,Bajra,Nasik,Devala,17.62,15.77,19.04,7.4,2016,July
2016-07,Bajra,Jalgaon,Dharangaon,16.13,16.05,16.23,2.6,2016,July
2016-07,Bajra,Dhule,Dhule,17.93,15.24,19.11,47.0,2016,July
2016-07,Bajra,Dhule,Dondaicha,15.88,14.24,17.41,3.5,2016,July
2016-07,Bajra,Dhule,Dondaicha-Sindkheda,18.1,15.07,18.17,0.9,2016,July
2016-07,Bajra,Pune,Dound,19.91,17.64,21.41,34.5,2016,July
2016-07,Bajra,Solapur,Dudhani,16.58,15.98,17.05,4.9,2016,July
2016-07,Bajra,Aurangabad,Gangapur,18.46,17.48,19.17,11.5,2016,July
2016-07,Bajra,Beed,Gevrai,17.71,16.53,18.98,112.3,2016,July
2016-07,Bajra,Jalna,Ghansawangi,17.33,16.0,18.67,2.9,2016,July
2016-07,Bajra,Pune,Indapur,18.0,16.0,19.75,1.8,2016,July
2016-07,Bajra,Pune,Indapur (Nimgaon Ketki),17.21,17.21,17.21,0.2,2016,July
2016-07,Bajra,Pune,Indapur-Bhigwan,17.45,15.9,20.0,29.9,2016,July
2016-07,Bajra,Jalgaon,Jalgaon,18.0,17.92,18.12,15.3,2016,July
2016-07,Bajra,Jalna,Jalna,18.22,16.7,20.18,229.2,2016,July
2016-07,Bajra,Ahmadnagar,Jamkhed,17.7,16.2,19.2,2.5,2016,July
2016-07,Bajra,Beed,Kada,16.88,14.0,17.88,6.6,2016,July
2016-07,Bajra,Beed,Kada (Ashti),18.51,18.51,18.51,0.1,2016,July
2016-07,Bajra,Osmanabad,Kalamb (Os),16.38,15.38,16.75,0.7,2016,July
2016-07,Bajra,Nasik,Kalvan,17.81,15.81,18.16,6.7,2016,July
2016-07,Bajra,Thane,Kalyan,19.5,18.58,20.33,1.8,2016,July
2016-07,Bajra,Aurangabad,Kannad,16.97,16.21,17.6,12.5,2016,July
2016-07,Bajra,Beed,Kej,14.57,13.62,16.29,11.8,2016,July
2016-07,Bajra,Buldhana,Khamgaon,15.75,15.75,15.75,1.6,2016,July
2016-07,Bajra,Beed,Kille Dharur,19.57,17.13,20.51,12.8,2016,July
2016-07,Bajra,Kolhapur,Kolhapur-Laxmipuri,21.8,19.87,23.26,9.2,2016,July
2016-07,Bajra,Ahmadnagar,Kopargaon,17.51,15.2,18.71,2.7,2016,July
2016-07,Bajra,Nasik,Lasalgaon,18.85,15.64,20.93,17.7,2016,July
2016-07,Bajra,Aurangabad,Lasur Station,17.43,16.32,18.54,73.2,2016,July
2016-07,Bajra,Latur,Latur,16.8,15.01,17.2,0.9,2016,July
2016-07,Bajra,Satara,Lonand,18.13,17.0,19.25,28.2,2016,July
2016-07,Bajra,Beed,Majalgaon,17.93,14.68,18.39,16.9,2016,July
2016-07,Bajra,Nasik,Malegaon,18.04,16.62,21.18,5.4,2016,July
2016-07,Bajra,Solapur,Mangalwedha,18.75,18.75,18.75,0.2,2016,July
2016-07,Bajra,Nasik,Manmad,17.98,16.05,19.24,5.0,2016,July
2016-07,Bajra,Nasik,Nampur,18.0,18.0,18.0,0.1,2016,July
2016-07,Bajra,Buldhana,Nandura,16.03,14.87,16.03,0.6,2016,July
2016-07,Bajra,Nandurbar,Nandurbar,16.1,14.72,17.13,3.3,2016,July
2016-07,Bajra,Ahmadnagar,Newasa,15.0,15.0,15.0,0.1,2016,July
2016-07,Bajra,Pune,Nira-Saswad,19.27,16.27,22.28,7.1,2016,July
2016-07,Bajra,Jalgaon,Pachora,17.13,15.92,18.35,27.4,2016,July
2016-07,Bajra,Aurangabad,Paithan,16.53,14.84,17.77,23.4,2016,July
2016-07,Bajra,Solapur,Pandharpur,18.6,18.6,18.6,0.4,2016,July
2016-07,Bajra,Beed,Parli-Vaijnath,16.91,16.91,16.91,0.8,2016,July
2016-07,Bajra,Jalgaon,Parola,15.36,13.79,17.32,7.5,2016,July
2016-07,Bajra,Jalna,Partur,15.8,15.0,15.88,3.6,2016,July
2016-07,Bajra,Ahmadnagar,Pathardi,25.4,21.75,28.8,24.2,2016,July
2016-07,Bajra,Satara,Phaltan,19.17,16.17,22.33,53.3,2016,July
2016-07,Bajra,Pune,Pune,22.97,21.56,23.51,147.3,2016,July
2016-07,Bajra,Yewatmal,Pusad,18.76,17.67,19.75,3.0,2016,July
2016-07,Bajra,Ahmadnagar,Rahata,16.41,16.41,16.41,1.8,2016,July
2016-07,Bajra,Ahmadnagar,Rahuri-Songaon,13.5,13.0,14.0,0.3,2016,July
2016-07,Bajra,Ahmadnagar,Rahuri-Vambori,18.75,18.29,19.22,1.3,2016,July
2016-07,Bajra,Jalgaon,Raver,16.95,16.95,16.95,0.4,2016,July
2016-07,Bajra,Dhule,Sakri,15.5,13.67,17.0,1.1,2016,July
2016-07,Bajra,Sangli,Sangali,19.5,17.93,20.57,104.8,2016,July
2016-07,Bajra,Ahmadnagar,Sangamner,19.02,17.63,20.1,24.5,2016,July
2016-07,Bajra,Nasik,Satana,18.87,16.53,20.04,3.4,2016,July
2016-07,Bajra,Ahmadnagar,Shevgaon,18.46,15.32,18.46,57.7,2016,July
2016-07,Bajra,Ahmadnagar,Shevgaon-Bodhegaon,17.82,15.96,17.82,94.8,2016,July
2016-07,Bajra,Dhule,Shirpur,17.23,15.08,17.89,5.0,2016,July
2016-07,Bajra,Pune,Shirur,17.05,15.91,17.6,14.4,2016,July
2016-07,Bajra,Ahmadnagar,Shrigonda,16.0,16.0,20.0,0.5,2016,July
2016-07,Bajra,Ahmadnagar,Shrirampur,18.1,16.25,18.8,1.6,2016,July
2016-07,Bajra,Ahmadnagar,Shrirampur-Belapur,15.0,15.0,15.0,0.2,2016,July
2016-07,Bajra,Aurangabad,Sillod,15.94,14.81,16.31,8.0,2016,July
2016-07,Bajra,Aurangabad,Sillod-Bharadi,15.5,14.5,16.0,1.3,2016,July
2016-07,Bajra,Nasik,Sinner,18.66,15.81,20.02,15.5,2016,July
2016-07,Bajra,Parbhani,Sonpeth,16.71,16.71,16.71,0.1,2016,July
2016-07,Bajra,Thane,Ulhasnagar,20.64,16.36,25.45,99.0,2016,July
2016-07,Bajra,Satara,Vaduj,19.94,19.22,20.67,5.2,2016,July
2016-07,Bajra,Aurangabad,Vaijapur,19.53,18.27,20.3,54.3,2016,July
2016-07,Bajra,Jalgaon,Yawal,13.2,12.0,15.0,5.5,2016,July
2016-07,Bajra,Nasik,Yeola,18.58,17.48,19.29,1.9,2016,July
2016-07,Cotton,Akola,Telhara,44.5,44.0,45.0,45.0,2016,July
2016-07,Cotton,Jalgaon,Yawal,47.0,45.0,49.0,1.6,2016,July
2016-07,Jowar,Amaravathi,Achalpur,15.61,15.23,16.01,66.2,2016,July
2016-07,Jowar,Latur,Ahmedpur,16.58,15.76,17.16,39.1,2016,July
2016-07,Jowar,Hingoli,Akhadabalapur,15.0,15.0,15.0,3.5,2016,July
2016-07,Jowar,Akola,Akola,17.95,16.9,18.99,11.9,2016,July
2016-07,Jowar,Akola,Akot,14.66,14.21,15.16,30.8,2016,July
2016-07,Jowar,Jalgaon,Amalner,18.18,17.18,18.18,12.5,2016,July
2016-07,Jowar,Amaravathi,Amarawati,19.5,17.63,21.38,4.2,2016,July
2016-07,Jowar,Jalna,Ambad(Vadi Godri),18.73,15.51,21.64,138.8,2016,July
2016-07,Jowar,Beed,Ambejogai,17.81,17.69,18.13,1.3,2016,July
2016-07,Jowar,Amaravathi,Anajngaon Surji,13.79,12.0,15.43,3.0,2016,July
2016-07,Jowar,Sangli,Atpadi,20.0,18.0,22.0,1.2,2016,July
2016-07,Jowar,Latur,Ausa,17.53,15.52,18.56,16.4,2016,July
2016-07,Jowar,Akola,Balapur,18.0,14.2,18.1,6.8,2016,July
2016-07,Jowar,Pune,Baramati,19.2,15.83,24.0,66.3,2016,July
2016-07,Jowar,Solapur,Barshi,22.09,16.02,24.81,663.2,2016,July
2016-07,Jowar,Solapur,Barshi-Vairag,20.81,16.92,25.6,102.8,2016,July
2016-07,Jowar,Beed,Beed,17.94,16.7,19.46,70.5,2016,July
2016-07,Jowar,Nanded,Bhokar,15.13,14.31,16.18,29.8,2016,July
2016-07,Jowar,Jalna,Bhokardan,15.69,15.52,15.85,9.6,2016,July
2016-07,Jowar,Jalna,Bhokardan-Pimpalgaon Renu,15.68,15.5,15.85,2.5,2016,July
2016-07,Jowar,Jalgaon,Bhusaval,14.79,14.71,15.07,4.5,2016,July
2016-07,Jowar,Buldhana,Buldhana,14.38,12.94,15.69,34.5,2016,July
2016-07,Jowar,Jalgaon,Chalisgaon,15.13,14.08,15.94,7.4,2016,July
2016-07,Jowar,Amaravathi,Chandur Bajar,14.49,14.25,16.0,1.1,2016,July
2016-07,Jowar,Buldhana,Chikhali,14.99,13.0,16.97,16.0,2016,July
2016-07,Jowar,Jalgaon,Chopda,18.54,14.0,21.0,0.3,2016,July
2016-07,Jowar,Nasik,Devala,19.49,18.67,19.67,0.9,2016,July
2016-07,Jowar,Nandurbar,Dhadgaon,14.28,13.89,14.66,184.9,2016,July
2016-07,Jowar,Jalgaon,Dharangaon,15.29,15.11,15.6,1.9,2016,July
2016-07,Jowar,Amaravathi,Dharni,15.07,14.59,15.55,70.0,2016,July
2016-07,Jowar,Dhule,Dhule,17.5,16.67,17.7,22.1,2016,July
2016-07,Jowar,Yewatmal,Digras,15.7,15.44,15.96,3.7,2016,July
2016-07,Jowar,Dhule,Dondaicha,16.49,15.92,16.89,10.3,2016,July
2016-07,Jowar,Dhule,Dondaicha-Sindkheda,19.0,19.0,19.0,0.3,2016,July
2016-07,Jowar,Pune,Dound,20.42,17.44,21.45,120.1,2016,July
2016-07,Jowar,Solapur,Dudhani,21.2,19.1,22.05,2.2,2016,July
2016-07,Jowar,Aurangabad,Gangapur,18.48,17.33,19.36,28.8,2016,July
2016-07,Jowar,Beed,Gevrai,18.19,17.13,20.2,270.4,2016,July
2016-07,Jowar,Jalna,Ghansawangi,18.5,17.13,20.0,7.0,2016,July
2016-07,Jowar,Hingoli,Hingoli,17.88,17.88,17.88,5.1,2016,July
2016-07,Jowar,Pune,Indapur,21.01,18.75,24.51,2.6,2016,July
2016-07,Jowar,Pune,Indapur-Bhigwan,18.75,16.0,23.56,49.7,2016,July
2016-07,Jowar,Jalna,Jafrabad,11.5,10.7,12.3,6.8,2016,July
2016-07,Jowar,Jalgaon,Jalgaon,18.96,18.21,19.1,26.6,2016,July
2016-07,Jowar,Buldhana,Jalgaon Jamod-Aasalgaon,13.75,13.0,14.5,6.1,2016,July
2016-07,Jowar,Latur,Jalkot,14.93,14.71,15.0,23.4,2016,July
2016-07,Jowar,Jalna,Jalna,19.51,15.13,25.8,665.2,2016,July
2016-07,Jowar,Ahmadnagar,Jamkhed,23.21,17.71,28.71,491.7,2016,July
2016-07,Jowar,Parbhani,Jintur,18.01,15.56,18.93,7.6,2016,July
2016-07,Jowar,Beed,Kada,20.26,16.88,27.38,31.7,2016,July
2016-07,Jowar,Beed,Kada (Ashti),18.5,16.0,22.51,2.4,2016,July
2016-07,Jowar,Osmanabad,Kalamb (Os),18.21,16.19,19.59,37.0,2016,July
2016-07,Jowar,Thane,Kalyan,20.22,18.33,21.22,2.7,2016,July
2016-07,Jowar,Aurangabad,Kannad,15.17,15.01,15.37,0.6,2016,July
2016-07,Jowar,Solapur,Karmala,23.43,16.86,29.59,208.9,2016,July
2016-07,Jowar,Nagpur,Katol,14.63,14.62,14.63,2.2,2016,July
2016-07,Jowar,Beed,Kej,16.75,16.15,18.17,29.5,2016,July
2016-07,Jowar,Buldhana,Khamgaon,15.2,14.64,15.79,37.4,2016,July
2016-07,Jowar,Beed,Kille Dharur,17.83,16.72,18.22,20.8,2016,July
2016-07,Jowar,Kolhapur,Kolhapur-Laxmipuri,26.91,17.76,35.85,196.1,2016,July
2016-07,Jowar,Ahmadnagar,Kopargaon,17.76,16.3,19.11,3.6,2016,July
2016-07,Jowar,Solapur,Kurdwadi,20.29,17.69,23.29,13.2,2016,July
2016-07,Jowar,Solapur,Kurdwadi-Modnimb,19.31,15.91,23.61,7.3,2016,July
2016-07,Jowar,Nasik,Lasalgaon,17.62,14.82,19.36,8.7,2016,July
2016-07,Jowar,Nasik,Lasalgaon-Vinchur,17.88,17.87,17.88,2.2,2016,July
2016-07,Jowar,Aurangabad,Lasur Station,19.24,17.88,21.79,103.9,2016,July
2016-07,Jowar,Latur,Latur,17.08,16.02,19.26,149.3,2016,July
2016-07,Jowar,Latur,Latur-Murud,16.21,15.1,16.7,34.9,2016,July
2016-07,Jowar,Nanded,Loha,16.54,16.16,17.04,42.2,2016,July
2016-07,Jowar,Satara,Lonand,19.0,17.5,20.75,34.8,2016,July
2016-07,Jowar,Buldhana,Lonar,15.22,14.53,16.0,7.7,2016,July
2016-07,Jowar,Yewatmal,Mahagaon,18.0,15.9,19.0,10.0,2016,July
2016-07,Jowar,Beed,Majalgaon,18.07,14.88,19.08,32.3,2016,July
2016-07,Jowar,Nasik,Malegaon,20.0,15.7,21.36,0.4,2016,July
2016-07,Jowar,Buldhana,Malkapur,15.65,14.87,16.29,90.5,2016,July
2016-07,Jowar,Solapur,Mangalwedha,21.32,17.21,23.74,60.1,2016,July
2016-07,Jowar,Wasim,Mangrulpeer,13.08,12.92,13.08,1.4,2016,July
2016-07,Jowar,Nasik,Manmad,18.21,13.52,20.0,0.8,2016,July
2016-07,Jowar,Jalna,Mantha,18.0,16.83,19.83,4.1,2016,July
2016-07,Jowar,Parbhani,Manwat,18.0,16.78,19.54,2.5,2016,July
2016-07,Jowar,Buldhana,Mehkar,14.28,13.18,15.2,4.3,2016,July
2016-07,Jowar,Solapur,Mohol,19.24,16.5,20.52,15.4,2016,July
2016-07,Jowar,Amaravathi,Morshi,14.67,14.17,15.0,17.0,2016,July
2016-07,Jowar,Osmanabad,Murum,21.62,21.01,22.23,2.0,2016,July
2016-07,Jowar,Nanded,Nanded,14.63,14.42,14.75,8.1,2016,July
2016-07,Jowar,Buldhana,Nandura,15.6,13.68,15.69,50.7,2016,July
2016-07,Jowar,Nandurbar,Nandurbar,15.21,14.14,16.18,22.0,2016,July
2016-07,Jowar,Nandurbar,Navapur,15.25,15.25,15.25,1.5,2016,July
2016-07,Jowar,Ahmadnagar,Newasa,16.46,16.25,16.83,3.1,2016,July
2016-07,Jowar,Pune,Nira-Saswad,20.05,16.66,23.43,17.0,2016,July
2016-07,Jowar,Osmanabad,Osmanabad,19.84,17.07,21.55,19.4,2016,July
2016-07,Jowar,Jalgaon,Pachora,16.8,16.21,17.33,100.7,2016,July
2016-07,Jowar,Aurangabad,Paithan,18.04,17.11,18.46,53.8,2016,July
2016-07,Jowar,Solapur,Pandharpur,18.99,18.86,19.39,21.9,2016,July
2016-07,Jowar,Osmanabad,Paranda,20.4,16.8,24.5,16.4,2016,July
2016-07,Jowar,Parbhani,Parbhani,17.29,16.19,17.78,22.5,2016,July
2016-07,Jowar,Beed,Parli-Vaijnath,16.93,16.63,17.32,11.3,2016,July
2016-07,Jowar,Jalgaon,Parola,14.89,14.79,15.34,6.6,2016,July
2016-07,Jowar,Jalna,Partur,18.19,17.56,18.63,27.0,2016,July
2016-07,Jowar,Ahmadnagar,Pathardi,17.07,15.83,19.13,50.5,2016,July
2016-07,Jowar,Parbhani,Pathari,18.0,16.0,18.65,0.8,2016,July
2016-07,Jowar,Akola,Patur,16.08,15.0,17.61,3.1,2016,July
2016-07,Jowar,Satara,Phaltan,20.0,16.0,25.67,58.5,2016,July
2016-07,Jowar,Pune,Pune,28.78,26.28,29.88,974.2,2016,July
2016-07,Jowar,Yewatmal,Pusad,16.2,15.45,17.57,55.7,2016,July
2016-07,Jowar,Ahmadnagar,Rahata,15.14,14.64,15.54,15.7,2016,July
2016-07,Jowar,Ahmadnagar,Rahuri-Vambori,17.37,16.08,18.43,10.2,2016,July
2016-07,Jowar,Jalgaon,Raver,15.88,14.91,15.96,9.7,2016,July
2016-07,Jowar,Parbhani,Sailu,18.38,15.5,18.81,11.5,2016,July
2016-07,Jowar,Sangli,Sangali,22.23,17.24,24.79,619.4,2016,July
2016-07,Jowar,Ahmadnagar,Sangamner,17.0,16.69,17.3,6.3,2016,July
2016-07,Jowar,Buldhana,Sangrampur-Varvatbakal,14.63,13.5,15.51,4.5,2016,July
2016-07,Jowar,Nagpur,Savner,11.81,11.81,11.81,1.5,2016,July
2016-07,Jowar,Nandurbar,Shahada,17.38,17.38,17.38,0.7,2016,July
2016-07,Jowar,Buldhana,Shegaon,14.92,14.11,15.5,17.6,2016,July
2016-07,Jowar,Ahmadnagar,Shevgaon,20.89,17.91,20.89,173.2,2016,July
2016-07,Jowar,Ahmadnagar,Shevgaon-Bodhegaon,18.43,16.61,18.43,141.0,2016,July
2016-07,Jowar,Dhule,Shirpur,18.42,17.67,19.46,7.2,2016,July
2016-07,Jowar,Pune,Shirur,17.27,16.37,17.93,10.6,2016,July
2016-07,Jowar,Ahmadnagar,Shrigonda,20.67,18.33,23.33,8.9,2016,July
2016-07,Jowar,Ahmadnagar,Shrirampur,18.17,16.67,19.34,4.4,2016,July
2016-07,Jowar,Ahmadnagar,Shrirampur-Belapur,15.0,15.0,15.0,0.1,2016,July
2016-07,Jowar,Aurangabad,Sillod-Bharadi,14.0,14.0,14.0,0.1,2016,July
2016-07,Jowar,Wardha,Sindi (Selu),11.0,10.0,11.75,0.3,2016,July
2016-07,Jowar,Buldhana,Sindkhed Raja,16.42,15.38,17.29,8.2,2016,July
2016-07,Jowar,Nasik,Sinner,15.73,15.58,15.92,1.6,2016,July
2016-07,Jowar,Solapur,Solapur,22.35,17.51,25.98,79.0,2016,July
2016-07,Jowar,Parbhani,Sonpeth,17.1,13.71,18.4,3.3,2016,July
2016-07,Jowar,Pune,Talegaon Dabhade,7.86,7.86,7.86,0.4,2016,July
2016-07,Jowar,Sangli,Tasgaon,17.38,16.63,18.1,87.5,2016,July
2016-07,Jowar,Akola,Telhara,12.89,12.42,13.38,16.0,2016,July
2016-07,Jowar,Osmanabad,Tuljapur,20.9,20.9,20.9,4.1,2016,July
2016-07,Jowar,Latur,Udgir,15.22,15.2,15.25,1.5,2016,July
2016-07,Jowar,Thane,Ulhasnagar,34.64,26.56,39.64,127.0,2016,July
2016-07,Jowar,Nagpur,Umared,15.5,15.5,15.5,0.3,2016,July
2016-07,Jowar,Osmanabad,Umarga,15.88,15.88,15.88,0.7,2016,July
2016-07,Jowar,Satara,Vaduj,22.56,22.06,23.06,221.0,2016,July
2016-07,Jowar,Aurangabad,Vaijapur,19.24,18.49,19.59,46.6,2016,July
2016-07,Jowar,Amaravathi,Varud-Rajura Bazar,15.58,15.5,15.74,4.2,2016,July
2016-07,Jowar,Wardha,Wardha,12.0,12.0,12.0,0.8,2016,July
2016-07,Jowar,Wasim,Washim,14.27,13.75,15.09,21.2,2016,July
2016-07,Jowar,Wasim,Washim-Ansing,12.89,12.71,13.27,0.9,2016,July
2016-07,Jowar,Jalgaon,Yawal,13.7,12.3,14.8,8.8,2016,July
2016-07,Jowar,Nasik,Yeola,18.33,18.18,18.55,0.8,2016,July
2016-07,Jowar,Yewatmal,Yeotmal,16.33,16.33,16.33,1.9,2016,July
2016-07,Onion,Ahmadnagar,Ahmednagar,7.36,1.0,11.36,13107.7,2016,July
2016-07,Onion,Solapur,Akluj,9.85,3.95,9.85,59.1,2016,July
2016-07,Onion,Ahmadnagar,Akole,6.97,1.25,11.36,2389.7,2016,July
2016-07,Onion,Amaravathi,Amarawati,6.25,4.0,8.5,142.0,2016,July
2016-07,Onion,Amaravathi,Amarawati-Fruit And Vegetables,5.15,3.17,6.84,646.3,2016,July
2016-07,Onion,Aurangabad,Aurangabad,5.03,2.05,8.01,1370.5,2016,July
2016-07,Onion,Thane,Bhivandi,9.4,8.5,10.36,1400.0,2016,July
2016-07,Onion,Jalgaon,Chalisgaon,5.08,3.22,8.07,709.1,2016,July
2016-07,Onion,Chandrapur,Chandrapur,7.0,6.0,8.0,39.2,2016,July
2016-07,Onion,Chandrapur,Chandrapur-Ganjwad,7.28,6.28,8.28,756.0,2016,July
2016-07,Onion,Nasik,Chandvad,7.67,3.5,8.82,1642.6,2016,July
2016-07,Onion,Nasik,Devala,7.29,2.83,9.26,1572.0,2016,July
2016-07,Onion,Dhule,Dhule,5.86,1.77,7.59,4278.0,2016,July
2016-07,Onion,Nasik,Dindori,6.5,5.85,7.75,43.4,2016,July
2016-07,Onion,Nasik,Dindori-Vani,8.23,5.81,9.81,2286.0,2016,July
2016-07,Onion,Aurangabad,Gangapur,5.08,2.35,9.2,121.4,2016,July
2016-07,Onion,Pune,Indapur,4.69,1.11,9.36,80.3,2016,July
2016-07,Onion,Jalgaon,Jalgaon,5.57,3.55,8.45,405.0,2016,July
2016-07,Onion,Ahmadnagar,Jamkhed,6.04,1.42,10.67,238.2,2016,July
2016-07,Onion,Pune,Junnar,9.75,5.75,10.35,5682.2,2016,July
2016-07,Onion,Pune,Junnar (Alephata),9.46,4.92,10.93,5419.8,2016,July
2016-07,Onion,Pune,Junnar-Otur,9.36,5.64,10.14,5864.6,2016,July
2016-07,Onion,Beed,Kada,6.88,1.5,9.75,1758.0,2016,July
2016-07,Onion,Nasik,Kalvan,8.0,2.9,9.56,2610.0,2016,July
2016-07,Onion,Thane,Kalyan,7.78,6.63,10.37,13.8,2016,July
2016-07,Onion,Nagpur,Kamthi,10.88,6.56,13.19,11.2,2016,July
2016-07,Onion,Satara,Karad,10.3,6.75,10.3,289.8,2016,July
2016-07,Onion,Pune,Khed-Chakan,7.44,5.72,9.22,584.1,2016,July
2016-07,Onion,Kolhapur,Kolhapur,8.05,3.0,11.77,6158.9,2016,July
2016-07,Onion,Ahmadnagar,Kopargaon,7.98,2.78,9.94,5705.7,2016,July
2016-07,Onion,Satara,Koregaon,4.5,3.0,6.0,36.0,2016,July
2016-07,Onion,Solapur,Kurdwadi,5.91,2.5,9.4,41.1,2016,July
2016-07,Onion,Solapur,Kurdwadi-Modnimb,6.25,2.01,9.63,26.8,2016,July
2016-07,Onion,Nasik,Lasalgaon,8.29,3.93,9.43,5654.7,2016,July
2016-07,Onion,Nasik,Lasalgaon-Niphad,7.48,3.93,8.32,417.3,2016,July
2016-07,Onion,Aurangabad,Lasur Station,5.63,2.19,8.73,4946.7,2016,July
2016-07,Onion,Satara,Lonand,6.15,2.8,8.11,190.3,2016,July
2016-07,Onion,Nasik,Malegaon,6.59,2.84,8.21,1261.8,2016,July
2016-07,Onion,Buldhana,Malkapur,5.48,2.88,7.56,668.6,2016,July
2016-07,Onion,Pune,Manchar,7.24,5.47,9.66,6717.0,2016,July
2016-07,Onion,Nasik,Manmad,7.26,3.78,8.95,1754.1,2016,July
2016-07,Onion,Mumbai,Mumbai-Onion And Potato Mkt,8.64,6.98,10.38,20110.0,2016,July
2016-07,Onion,Nagpur,Nagpur,7.21,3.64,8.5,6654.8,2016,July
2016-07,Onion,Nasik,Nampur,8.3,4.0,10.15,2338.0,2016,July
2016-07,Onion,Nasik,Nandgaon,7.08,3.72,8.22,611.0,2016,July
2016-07,Onion,Buldhana,Nandura,5.72,3.47,6.05,192.5,2016,July
2016-07,Onion,Nasik,Nashik,4.91,1.81,8.77,8979.5,2016,July
2016-07,Onion,Ahmadnagar,Newasa-Ghodegaon,7.67,2.0,10.28,26359.8,2016,July
2016-07,Onion,Osmanabad,Osmanabad,8.19,6.4,9.99,16.6,2016,July
2016-07,Onion,Aurangabad,Paithan,6.71,1.91,10.23,1121.4,2016,July
2016-07,Onion,Thane,Palghar(Bevur),9.47,9.47,9.47,29.8,2016,July
2016-07,Onion,Solapur,Pandharpur,6.46,1.58,10.35,223.4,2016,July
2016-07,Onion,Osmanabad,Paranda,4.7,1.8,8.2,17.1,2016,July
2016-07,Onion,Ahmadnagar,Parner,7.52,3.08,9.71,4414.9,2016,July
2016-07,Onion,Ahmadnagar,Pathardi,7.99,2.0,10.75,1212.5,2016,July
2016-07,Onion,Satara,Phaltan,6.75,2.0,9.26,414.5,2016,July
2016-07,Onion,Nasik,Pimpalgaon (B)-Saykheda,6.2,2.06,8.69,2122.0,2016,July
2016-07,Onion,Nasik,Pimpalgaon Basawant,6.49,2.5,9.43,7828.1,2016,July
2016-07,Onion,Pune,Pune,9.46,5.4,10.92,22373.7,2016,July
2016-07,Onion,Pune,Pune-Manjri,6.77,6.0,9.69,11.0,2016,July
2016-07,Onion,Pune,Pune-Moshi,7.14,4.78,9.6,166.6,2016,July
2016-07,Onion,Pune,Pune-Pimpri,8.84,7.52,9.69,24.6,2016,July
2016-07,Onion,Ahmadnagar,Rahata,7.6,2.0,11.67,17978.4,2016,July
2016-07,Onion,Ahmadnagar,Rahuri,7.42,3.0,10.11,16346.1,2016,July
2016-07,Onion,Ahmadnagar,Rahuri-Vambori,6.0,1.89,9.61,6678.3,2016,July
2016-07,Onion,Nagpur,Ramtek,8.96,7.92,10.01,12.8,2016,July
2016-07,Onion,Dhule,Sakri,4.05,1.8,7.5,2722.0,2016,July
2016-07,Onion,Ahmadnagar,Sangamner,8.17,3.0,11.94,8035.4,2016,July
2016-07,Onion,Sangli,Sangli-Phale Bhajipalam,8.07,2.8,11.88,3337.5,2016,July
2016-07,Onion,Nasik,Satana,8.01,2.75,10.01,2536.2,2016,July
2016-07,Onion,Satara,Satara,7.75,5.25,9.88,332.2,2016,July
2016-07,Onion,Dhule,Shirpur,6.26,1.25,7.19,159.4,2016,July
2016-07,Onion,Ahmadnagar,Shrirampur,7.65,2.4,10.48,17976.2,2016,July
2016-07,Onion,Nasik,Sinner,7.24,1.11,10.45,12141.0,2016,July
2016-07,Onion,Solapur,Solapur,6.33,1.0,12.65,11837.3,2016,July
2016-07,Onion,Thane,Ulhasnagar,12.48,10.0,14.88,507.1,2016,July
2016-07,Onion,Nasik,Umrane,7.66,4.6,9.31,4073.1,2016,July
2016-07,Onion,Satara,Vai,5.4,4.0,7.0,20.0,2016,July
2016-07,Onion,Aurangabad,Vaijapur,6.71,2.33,9.17,2938.5,2016,July
2016-07,Onion,Thane,Vasai,9.17,8.0,10.67,114.5,2016,July
2016-07,Onion,Sangli,Vita,0.07,0.05,0.09,3.3,2016,July
2016-07,Onion,Nasik,Yeola,7.74,2.66,9.33,4333.7,2016,July
2016-07,Rice,Gondiya,Aamgaon,16.93,16.26,17.52,180.5,2016,July
2016-07,Rice,Gadchiroli,Aheri,21.4468,21.4468,21.4468,10.8,2016,July
2016-07,Rice,Latur,Ahmedpur,15.0,14.11,15.0,2.2,2016,July
2016-07,Rice,Akola,Akola,32.8,31.25,35.17,1.1,2016,July
2016-07,Rice,Ahmadnagar,Akole,16.63,15.0,20.0,9.5,2016,July
2016-07,Rice,Raigad,Alibag,27.625,25.0,30.25,144.0,2016,July
2016-07,Rice,Gondiya,Arjuni Morgaon,20.93,20.61,20.93,882.5,2016,July
2016-07,Rice,Gadchiroli,Armori,19.16,18.23,19.5,327.5,2016,July
2016-07,Rice,Gadchiroli,Armori-Desaiganj,18.76,17.4,19.01,1430.3,2016,July
2016-07,Rice,Solapur,Barshi,18.12,16.91,18.25,14.6,2016,July
2016-07,Rice,Bhandara,Bhandara,33.85,32.35,34.88,17.6,2016,July
2016-07,Rice,Thane,Bhivandi,29.4,21.9,41.57,59688.3,2016,July
2016-07,Rice,Nagpur,Bhiwapur,21.0,20.83,21.25,72.5,2016,July
2016-07,Rice,Chandrapur,Brahmpuri,22.23,21.55,22.86,188.5,2016,July
2016-07,Rice,Gadchiroli,Chamorshi,23.67,23.23,24.05,574.4,2016,July
2016-07,Rice,Chandrapur,Chimur,23.26,22.8,23.76,557.9,2016,July
2016-07,Rice,Gondiya,Devri,14.1,13.6,14.5,16.0,2016,July
2016-07,Rice,Gadchiroli,Gadchiroli,19.92,18.98,20.27,150.4,2016,July
2016-07,Rice,Gondiya,Gondiya,17.88,17.26,18.5,555.0,2016,July
2016-07,Rice,Chandrapur,Gondpimpri,23.17,22.8,23.44,217.6,2016,July
2016-07,Rice,Pune,Indapur-Bhigwan,17.71,17.45,17.81,21.4,2016,July
2016-07,Rice,Thane,Kalyan,35.04,25.25,43.5,3.6,2016,July
2016-07,Rice,Raigad,Karjat (Raigad),21.483,16.3039,30.9769,343.5,2016,July
2016-07,Rice,Raigad,Khalapur(Shil-Phata),37.93,24.57,69.0,21.1,2016,July
2016-07,Rice,Kolhapur,Kolhapur-Laxmipuri,38.54,22.43,51.57,243.0,2016,July
2016-07,Rice,Bhandara,Lakhandur,17.93,17.86,18.0,40.3,2016,July
2016-07,Rice,Raigad,Mahad,14.3,14.2,14.5,0.3,2016,July
2016-07,Rice,Raigad,Mangaon(Bhadav),23.0981,16.6221,28.0767,51.5,2016,July
2016-07,Rice,Nagpur,Mauda,21.9,20.8,23.0,18.4,2016,July
2016-07,Rice,Chandrapur,Mul,23.21,20.55,23.91,1685.8,2016,July
2016-07,Rice,Mumbai,Mumbai,56.38,44.16,68.57,36832.8,2016,July
2016-07,Rice,Thane,Murbad,15.47,14.5,16.5,10.4,2016,July
2016-07,Rice,Raigad,Murud,23.965,21.245,26.69,144.0,2016,July
2016-07,Rice,Chandrapur,Nagbhid,22.56,20.43,22.66,482.7,2016,July
2016-07,Rice,Nagpur,Nagpur,29.6004,27.6309,30.4716,275.4,2016,July
2016-07,Rice,Nandurbar,Navapur,13.5,13.5,13.5,1.6,2016,July
2016-07,Rice,Pune,Nira-Saswad,31.0,28.13,33.88,2.9,2016,July
2016-07,Rice,Thane,Palghar(Bevur),26.82,26.4,26.88,504.9,2016,July
2016-07,Rice,Nagpur,Parshiwani,21.0,20.0,22.0,10.0,2016,July
2016-07,Rice,Bhandara,Pavani,22.13,21.94,22.24,45.4,2016,July
2016-07,Rice,Raigad,Pen,22.3479,20.7321,28.7546,42.6,2016,July
2016-07,Rice,Chandrapur,Pombhurni,21.3,20.34,23.07,163.5,2016,July
2016-07,Rice,Pune,Pune,53.69,45.52,57.1,2464.4,2016,July
2016-07,Rice,Jalgaon,Raver,15.89,15.8,16.11,0.6,2016,July
2016-07,Rice,Raigad,Roha,14.15,14.1,14.2,34.1,2016,July
2016-07,Rice,Gondiya,Sadak Arjuni,14.5,14.1,14.5,8.2,2016,July
2016-07,Rice,Sangli,Sangali,44.86,19.61,56.09,1107.2,2016,July
2016-07,Rice,Chandrapur,Savali,22.92,22.15,23.44,244.3,2016,July
2016-07,Rice,Chandrapur,Sindevahi,19.0,19.0,19.96,272.0,2016,July
2016-07,Rice,Gadchiroli,Sironcha,19.3089,19.3089,19.3089,276.5,2016,July
2016-07,Rice,Solapur,Solapur,32.77,21.6,56.98,1372.0,2016,July
2016-07,Rice,Gondiya,Tiroda,17.86,17.15,18.56,688.9,2016,July
2016-07,Rice,Bhandara,Tumsar,19.0309,18.1659,19.5679,854.1,2016,July
2016-07,Rice,Thane,Ulhasnagar,48.14,32.7,61.35,571.0,2016,July
2016-07,Rice,Nagpur,Umared,35.0,20.0,39.88,156.0,2016,July
2016-07,Rice,Thane,Vasai,27.87,20.96,43.28,722.5,2016,July
2016-07,Soybean,Yewatmal,Aarni,34.5,32.0,36.64,60.5,2016,July
2016-07,Soybean,Amaravathi,Achalpur,35.41,34.18,36.64,576.0,2016,July
2016-07,Soybean,Latur,Ahmedpur,36.31,36.07,36.44,50.5,2016,July
2016-07,Soybean,Hingoli,Akhadabalapur,36.41,35.88,36.94,30.7,2016,July
2016-07,Soybean,Akola,Akola,34.95,32.83,37.04,734.9,2016,July
2016-07,Soybean,Ahmadnagar,Akole,34.75,33.0,36.25,14.6,2016,July
2016-07,Soybean,Akola,Akot,32.2,29.61,34.42,128.5,2016,July
2016-07,Soybean,Amaravathi,Amarawati,33.66,30.88,36.45,715.3,2016,July
2016-07,Soybean,Beed,Ambejogai,36.63,35.5,37.33,70.0,2016,July
2016-07,Soybean,Amaravathi,Anajngaon Surji,32.0,29.38,34.66,94.4,2016,July
2016-07,Soybean,Wardha,Arvi,34.88,33.5,36.5,15.0,2016,July
2016-07,Soybean,Wardha,Ashti (Wardha),33.0,30.0,35.0,10.0,2016,July
2016-07,Soybean,Wardha,Ashti-Karanja,34.0,31.63,35.9,21.3,2016,July
2016-07,Soybean,Latur,Aurad Shahajani,36.08,35.65,36.51,75.0,2016,July
2016-07,Soybean,Latur,Ausa,36.58,34.19,37.01,40.1,2016,July
2016-07,Soybean,Yewatmal,Babhulgaon,35.64,33.76,37.08,110.0,2016,July
2016-07,Soybean,Akola,Balapur,35.0,34.4,35.5,89.9,2016,July
2016-07,Soybean,Solapur,Barshi-Vairag,36.2,35.25,36.94,11.4,2016,July
2016-07,Soybean,Beed,Beed,36.63,36.38,36.88,3.1,2016,July
2016-07,Soybean,Nagpur,Bhiwapur,33.3,32.0,35.0,11.0,2016,July
2016-07,Soybean,Nanded,Bhokar,34.5,33.67,35.01,3.0,2016,July
2016-07,Soybean,Jalna,Bhokardan,35.33,34.97,35.73,17.6,2016,July
2016-07,Soybean,Jalna,Bhokardan-Pimpalgaon Renu,37.63,37.0,38.25,2.1,2016,July
2016-07,Soybean,Buldhana,Buldhana,34.7,33.7,35.66,102.0,2016,July
2016-07,Soybean,Buldhana,Buldhana-Dhad,35.08,34.09,36.05,160.0,2016,July
2016-07,Soybean,Latur,Chakur,35.47,33.8,36.72,4.8,2016,July
2016-07,Soybean,Chandrapur,Chandrapur,35.3,34.5,35.85,18.5,2016,July
2016-07,Soybean,Amaravathi,Chandur Bajar,33.3,31.5,35.38,55.4,2016,July
2016-07,Soybean,Amaravathi,Chandur Rly.,33.47,31.89,34.35,29.0,2016,July
2016-07,Soybean,Buldhana,Chikhali,34.93,33.67,36.09,569.7,2016,July
2016-07,Soybean,Amaravathi,Daryapur,34.05,30.09,35.46,31.4,2016,July
2016-07,Soybean,Amaravathi,Dhamangaon-Rly,35.83,34.5,37.88,170.0,2016,July
2016-07,Soybean,Amaravathi,Dharni,39.5,39.0,40.0,5.0,2016,July
2016-07,Soybean,Dhule,Dhule,35.26,34.71,35.26,3.0,2016,July
2016-07,Soybean,Yewatmal,Digras,36.02,35.39,36.61,29.5,2016,July
2016-07,Soybean,Aurangabad,Gangapur,35.96,35.96,35.96,0.1,2016,July
2016-07,Soybean,Beed,Gevrai,32.62,32.45,32.62,1.1,2016,July
2016-07,Soybean,Jalna,Ghansawangi,32.75,32.0,33.25,0.9,2016,July
2016-07,Soybean,Chandrapur,Gondpimpri,34.75,34.25,35.25,28.0,2016,July
2016-07,Soybean,Wardha,Hinganghat,32.41,30.39,35.9,1457.4,2016,July
2016-07,Soybean,Hingoli,Hingoli,37.38,35.47,37.38,275.3,2016,July
2016-07,Soybean,Jalna,Jafrabad,36.75,36.0,37.5,4.1,2016,July
2016-07,Soybean,Buldhana,Jalgaon Jamod,31.5,30.0,33.0,0.8,2016,July
2016-07,Soybean,Buldhana,Jalgaon Jamod-Aasalgaon,34.17,31.0,35.89,34.9,2016,July
2016-07,Soybean,Latur,Jalkot,37.18,36.21,37.93,23.7,2016,July
2016-07,Soybean,Jalna,Jalna,35.1,32.82,35.43,83.4,2016,July
2016-07,Soybean,Ahmadnagar,Jamkhed,32.21,30.0,34.43,3.3,2016,July
2016-07,Soybean,Hingoli,Jawala-Bajar,37.03,36.5,37.27,14.8,2016,July
2016-07,Soybean,Parbhani,Jintur,35.22,33.78,35.92,17.8,2016,July
2016-07,Soybean,Beed,Kada,34.5,34.0,35.0,3.0,2016,July
2016-07,Soybean,Beed,Kada (Ashti),34.5,34.0,35.0,0.3,2016,July
2016-07,Soybean,Osmanabad,Kalamb (Os),36.87,34.92,37.38,38.1,2016,July
2016-07,Soybean,Yewatmal,Kalamb (Yawatmal),32.4,31.4,33.5,14.1,2016,July
2016-07,Soybean,Nagpur,Kalmeshwar,32.08,31.4,32.15,1.3,2016,July
2016-07,Soybean,Nasik,Kalvan,37.1,37.0,37.5,3.1,2016,July
2016-07,Soybean,Wasim,Karanja,35.26,32.15,37.27,2237.0,2016,July
2016-07,Soybean,Nagpur,Katol,33.9,30.24,35.8,580.0,2016,July
2016-07,Soybean,Beed,Kej,34.27,31.83,35.18,23.0,2016,July
2016-07,Soybean,Buldhana,Khamgaon,34.82,32.08,36.54,2706.5,2016,July
2016-07,Soybean,Beed,Kille Dharur,36.0,33.0,36.17,25.8,2016,July
2016-07,Soybean,Ahmadnagar,Kopargaon,36.37,34.37,36.87,1.2,2016,July
2016-07,Soybean,Solapur,Kurdwadi,34.0,34.0,34.0,0.3,2016,July
2016-07,Soybean,Nasik,Lasalgaon,36.25,25.15,36.78,57.5,2016,July
2016-07,Soybean,Nasik,Lasalgaon-Niphad,35.66,33.76,36.02,9.2,2016,July
2016-07,Soybean,Nasik,Lasalgaon-Vinchur,36.3,28.58,36.77,8.6,2016,July
2016-07,Soybean,Aurangabad,Lasur Station,35.0,33.5,35.03,2.4,2016,July
2016-07,Soybean,Latur,Latur,36.77,34.58,37.46,1850.1,2016,July
2016-07,Soybean,Latur,Latur-Murud,35.69,34.02,36.36,16.4,2016,July
2016-07,Soybean,Buldhana,Lonar,35.64,35.19,36.48,238.5,2016,July
2016-07,Soybean,Beed,Majalgaon,36.65,33.63,36.92,6.2,2016,July
2016-07,Soybean,Wasim,Malegaon (Washim),36.1,34.73,36.79,285.5,2016,July
2016-07,Soybean,Buldhana,Malkapur,34.4,32.39,36.21,192.5,2016,July
2016-07,Soybean,Nagpur,Mandhal,32.14,31.95,32.33,1.3,2016,July
2016-07,Soybean,Wasim,Mangrulpeer,36.33,34.4,37.15,703.8,2016,July
2016-07,Soybean,Wasim,Manora,35.67,34.67,36.83,147.7,2016,July
2016-07,Soybean,Jalna,Mantha,35.67,33.83,36.42,4.7,2016,July
2016-07,Soybean,Parbhani,Manwat,35.0,35.0,35.0,0.8,2016,July
2016-07,Soybean,Nagpur,Mauda,33.0,32.0,34.0,0.1,2016,July
2016-07,Soybean,Buldhana,Mehkar,36.24,34.72,37.52,342.2,2016,July
2016-07,Soybean,Amaravathi,Morshi,34.07,33.0,34.83,12.5,2016,July
2016-07,Soybean,Akola,Murtizapur,35.36,34.2,36.57,55.1,2016,July
2016-07,Soybean,Osmanabad,Murum,37.35,37.2,37.49,0.5,2016,July
2016-07,Soybean,Nagpur,Nagpur,35.0,31.69,36.1,55.2,2016,July
2016-07,Soybean,Nanded,Nanded,35.84,35.46,35.84,54.0,2016,July
2016-07,Soybean,Amaravathi,Nandgaon Khandeshwar,32.61,29.33,35.89,66.3,2016,July
2016-07,Soybean,Buldhana,Nandura,35.11,30.67,35.34,58.0,2016,July
2016-07,Soybean,Yewatmal,Ner Parasopant,35.36,34.67,36.04,76.1,2016,July
2016-07,Soybean,Latur,Nilanga,36.63,35.25,37.08,18.8,2016,July
2016-07,Soybean,Pune,Nira-Saswad,33.0,33.0,33.0,0.2,2016,July
2016-07,Soybean,Osmanabad,Osmanabad,35.33,31.25,35.57,18.4,2016,July
2016-07,Soybean,Jalgaon,Pachora,32.48,29.0,35.96,1.6,2016,July
2016-07,Soybean,Parbhani,Palam,36.0,35.91,36.0,2.1,2016,July
2016-07,Soybean,Yewatmal,Pandharkawada,34.35,34.35,34.35,1.2,2016,July
2016-07,Soybean,Parbhani,Parbhani,35.06,34.34,35.49,48.0,2016,July
2016-07,Soybean,Beed,Parli-Vaijnath,37.53,35.56,37.72,11.5,2016,July
2016-07,Soybean,Jalna,Partur,33.8,32.26,34.81,7.5,2016,July
2016-07,Soybean,Akola,Patur,34.46,31.7,36.22,22.9,2016,July
2016-07,Soybean,Yewatmal,Pusad,35.85,32.55,36.77,92.1,2016,July
2016-07,Soybean,Ahmadnagar,Rahata,35.61,35.61,35.73,10.5,2016,July
2016-07,Soybean,Ahmadnagar,Rahuri-Vambori,34.25,33.92,34.59,2.2,2016,July
2016-07,Soybean,Wasim,Risod,34.95,33.84,36.63,1465.0,2016,July
2016-07,Soybean,Parbhani,Sailu,34.75,34.01,35.85,4.7,2016,July
2016-07,Soybean,Sangli,Sangali,38.93,37.64,39.68,50.5,2016,July
2016-07,Soybean,Ahmadnagar,Sangamner,35.0,35.0,35.0,2.0,2016,July
2016-07,Soybean,Buldhana,Sangrampur-Varvatbakal,32.67,31.17,34.42,6.0,2016,July
2016-07,Soybean,Nagpur,Savner,32.98,31.44,33.67,7.7,2016,July
2016-07,Soybean,Hingoli,Sengaon,35.99,35.23,36.67,53.5,2016,July
2016-07,Soybean,Buldhana,Shegaon,34.39,31.67,35.74,45.9,2016,July
2016-07,Soybean,Dhule,Shirpur,34.59,32.76,36.09,0.9,2016,July
2016-07,Soybean,Pune,Shirur,32.67,32.67,32.67,0.7,2016,July
2016-07,Soybean,Aurangabad,Sillod,35.2,34.6,35.8,6.9,2016,July
2016-07,Soybean,Aurangabad,Sillod-Bharadi,34.5,34.25,34.75,1.8,2016,July
2016-07,Soybean,Wardha,Sindi,32.5,31.0,35.05,1.3,2016,July
2016-07,Soybean,Wardha,Sindi (Selu),33.18,31.44,34.98,49.1,2016,July
2016-07,Soybean,Buldhana,Sindkhed Raja,37.55,36.27,38.36,11.1,2016,July
2016-07,Soybean,Nasik,Sinner,37.1,35.97,37.27,1.2,2016,July
2016-07,Soybean,Parbhani,Sonpeth,36.75,35.0,37.05,4.1,2016,July
2016-07,Soybean,Akola,Telhara,34.34,33.33,35.46,22.5,2016,July
2016-07,Soybean,Latur,Udgir,36.85,36.6,73.0,176.0,2016,July
2016-07,Soybean,Nagpur,Umared,34.33,33.22,35.47,479.0,2016,July
2016-07,Soybean,Osmanabad,Umarga,34.33,34.33,34.4,0.7,2016,July
2016-07,Soybean,Yewatmal,Umarkhed,36.38,35.5,37.25,29.0,2016,July
2016-07,Soybean,Yewatmal,Umarkhed-Danki,37.0,36.0,38.0,7.0,2016,July
2016-07,Soybean,Satara,Vaduj,36.0,35.25,36.75,1.7,2016,July
2016-07,Soybean,Aurangabad,Vaijapur,33.25,33.25,33.25,0.5,2016,July
2016-07,Soybean,Yewatmal,Vani,35.11,33.72,35.83,23.8,2016,July
2016-07,Soybean,Chandrapur,Varora,33.42,31.33,35.5,36.9,2016,July
2016-07,Soybean,Amaravathi,Varud-Rajura Bazar,35.63,34.86,37.39,18.0,2016,July
2016-07,Soybean,Wardha,Wardha,34.61,32.49,35.03,79.3,2016,July
2016-07,Soybean,Wasim,Washim,39.2,38.18,40.11,648.0,2016,July
2016-07,Soybean,Wasim,Washim-Ansing,36.52,35.23,37.74,241.5,2016,July
2016-07,Soybean,Yewatmal,Yeotmal,36.4,34.85,37.68,126.9,2016,July
2016-07,Sugarcane,Thane,Ulhasnagar,4.0,3.08,5.15,196.2,2016,July
2016-08,Bajra,Ahmadnagar,Ahmednagar,17.57,17.33,17.67,2.4,2016,August
2016-08,Bajra,Latur,Ahmedpur,13.51,12.69,13.67,3.9,2016,August
2016-08,Bajra,Akola,Akola,19.83,19.4,20.25,1.1,2016,August
2016-08,Bajra,Ahmadnagar,Akole,16.75,14.33,20.33,3.1,2016,August
2016-08,Bajra,Jalgaon,Amalner,17.14,15.37,17.14,20.0,2016,August
2016-08,Bajra,Amaravathi,Amarawati,20.2,19.2,21.2,3.0,2016,August
2016-08,Bajra,Jalna,Ambad(Vadi Godri),16.41,14.7,17.97,89.3,2016,August
2016-08,Bajra,Aurangabad,Aurangabad,16.5,15.5,17.5,9.8,2016,August
2016-08,Bajra,Latur,Ausa,14.75,14.71,15.0,0.2,2016,August
2016-08,Bajra,Pune,Baramati,17.72,16.02,19.76,179.3,2016,August
2016-08,Bajra,Solapur,Barshi,17.25,17.25,17.25,2.8,2016,August
2016-08,Bajra,Beed,Beed,16.45,15.12,17.26,177.3,2016,August
2016-08,Bajra,Jalna,Bhokardan,14.43,14.0,14.63,2.8,2016,August
2016-08,Bajra,Jalgaon,Bhusaval,15.5,15.5,15.5,0.9,2016,August
2016-08,Bajra,Jalgaon,Chalisgaon,15.69,13.5,17.37,15.3,2016,August
2016-08,Bajra,Jalgaon,Chopda,17.71,16.97,17.81,17.2,2016,August
2016-08,Bajra,Nasik,Devala,17.3,15.42,18.56,45.7,2016,August
2016-08,Bajra,Jalgaon,Dharangaon,17.19,17.02,17.37,1.7,2016,August
2016-08,Bajra,Dhule,Dhule,18.27,14.88,19.17,71.2,2016,August
2016-08,Bajra,Dhule,Dondaicha,16.26,13.91,17.07,14.3,2016,August
2016-08,Bajra,Dhule,Dondaicha-Sindkheda,15.0,14.11,15.88,9.4,2016,August
2016-08,Bajra,Pune,Dound,18.38,15.65,20.77,190.6,2016,August
2016-08,Bajra,Solapur,Dudhani,15.45,14.35,15.94,20.8,2016,August
2016-08,Bajra,Aurangabad,Gangapur,17.48,16.71,18.18,37.9,2016,August
2016-08,Bajra,Beed,Gevrai,16.55,15.15,17.62,479.6,2016,August
2016-08,Bajra,Jalna,Ghansawangi,16.5,15.5,18.0,2.0,2016,August
2016-08,Bajra,Pune,Indapur,18.44,16.38,19.38,4.8,2016,August
2016-08,Bajra,Pune,Indapur (Nimgaon Ketki),18.51,16.75,18.51,0.2,2016,August
2016-08,Bajra,Pune,Indapur-Bhigwan,17.25,15.25,21.8,54.3,2016,August
2016-08,Bajra,Jalgaon,Jalgaon,17.88,17.78,18.03,4.7,2016,August
2016-08,Bajra,Jalna,Jalna,17.1,15.81,18.8,508.4,2016,August
2016-08,Bajra,Jalna,Jalna-Badnapur,16.01,15.84,16.01,3.4,2016,August
2016-08,Bajra,Ahmadnagar,Jamkhed,16.63,15.08,18.17,13.6,2016,August
2016-08,Bajra,Beed,Kada,15.94,14.13,18.08,86.5,2016,August
2016-08,Bajra,Beed,Kada (Ashti),17.51,17.51,17.51,0.3,2016,August
2016-08,Bajra,Osmanabad,Kalamb (Os),15.81,15.24,16.22,5.7,2016,August
2016-08,Bajra,Nasik,Kalvan,15.56,14.88,16.26,3.8,2016,August
2016-08,Bajra,Thane,Kalyan,18.92,17.67,19.83,1.8,2016,August
2016-08,Bajra,Aurangabad,Kannad,17.33,16.51,18.09,17.3,2016,August
2016-08,Bajra,Solapur,Karmala,17.5,13.5,18.0,2.7,2016,August
2016-08,Bajra,Beed,Kej,14.85,14.24,16.19,23.2,2016,August
2016-08,Bajra,Buldhana,Khamgaon,15.33,15.33,15.33,0.4,2016,August
2016-08,Bajra,Beed,Kille Dharur,18.1,15.17,19.15,29.7,2016,August
2016-08,Bajra,Kolhapur,Kolhapur-Laxmipuri,20.79,19.58,22.42,13.3,2016,August
2016-08,Bajra,Ahmadnagar,Kopargaon,16.06,14.67,17.58,20.7,2016,August
2016-08,Bajra,Nasik,Lasalgaon,18.11,13.84,20.34,70.9,2016,August
2016-08,Bajra,Nasik,Lasalgaon-Vinchur,19.1,17.86,19.1,0.8,2016,August
2016-08,Bajra,Aurangabad,Lasur Station,16.49,14.8,17.99,188.0,2016,August
2016-08,Bajra,Latur,Latur,15.75,15.23,16.61,5.3,2016,August
2016-08,Bajra,Satara,Lonand,17.63,15.38,19.69,11.3,2016,August
2016-08,Bajra,Beed,Majalgaon,16.67,13.46,17.63,55.0,2016,August
2016-08,Bajra,Nasik,Malegaon,19.8,16.0,22.23,23.2,2016,August
2016-08,Bajra,Buldhana,Malkapur,15.84,15.78,16.53,1.2,2016,August
2016-08,Bajra,Solapur,Mangalwedha,18.88,18.88,18.88,1.9,2016,August
2016-08,Bajra,Nasik,Manmad,17.73,14.71,19.22,43.0,2016,August
2016-08,Bajra,Parbhani,Manwat,17.84,17.84,17.84,0.3,2016,August
2016-08,Bajra,Osmanabad,Murum,17.84,17.84,17.84,0.7,2016,August
2016-08,Bajra,Nasik,Nampur,16.45,15.46,17.24,2.1,2016,August
2016-08,Bajra,Nasik,Nandgaon,16.99,15.38,19.31,43.0,2016,August
2016-08,Bajra,Buldhana,Nandura,14.8,14.63,14.8,1.3,2016,August
2016-08,Bajra,Nandurbar,Nandurbar,15.63,13.41,16.43,13.1,2016,August
2016-08,Bajra,Pune,Nira-Saswad,18.26,15.2,21.31,10.6,2016,August
2016-08,Bajra,Jalgaon,Pachora,16.05,14.41,17.69,82.2,2016,August
2016-08,Bajra,Aurangabad,Paithan,14.95,13.59,16.61,40.5,2016,August
2016-08,Bajra,Beed,Parli-Vaijnath,15.04,14.96,15.15,2.6,2016,August
2016-08,Bajra,Jalgaon,Parola,16.92,16.14,17.91,16.8,2016,August
2016-08,Bajra,Jalna,Partur,13.83,13.3,14.42,1.7,2016,August
2016-08,Bajra,Ahmadnagar,Pathardi,16.21,13.42,17.67,64.3,2016,August
2016-08,Bajra,Parbhani,Pathari,15.47,14.8,16.05,2.5,2016,August
2016-08,Bajra,Satara,Phaltan,17.5,15.25,19.66,138.5,2016,August
2016-08,Bajra,Pune,Pune,22.99,21.08,24.1,80.3,2016,August
2016-08,Bajra,Yewatmal,Pusad,19.01,18.93,19.25,1.4,2016,August
2016-08,Bajra,Ahmadnagar,Rahata,16.43,16.07,16.84,6.0,2016,August
2016-08,Bajra,Ahmadnagar,Rahuri-Vambori,17.21,15.9,18.31,17.9,2016,August
2016-08,Bajra,Dhule,Sakri,14.8,13.8,15.97,0.9,2016,August
2016-08,Bajra,Sangli,Sangali,19.35,17.59,20.41,129.6,2016,August
2016-08,Bajra,Ahmadnagar,Sangamner,18.38,16.61,19.5,20.6,2016,August
2016-08,Bajra,Nasik,Satana,18.18,15.17,19.86,41.8,2016,August
2016-08,Bajra,Nandurbar,Shahada,16.38,16.38,16.38,0.2,2016,August
2016-08,Bajra,Buldhana,Shegaon,15.08,15.08,15.08,1.1,2016,August
2016-08,Bajra,Ahmadnagar,Shevgaon,17.59,14.74,17.59,101.0,2016,August
2016-08,Bajra,Ahmadnagar,Shevgaon-Bodhegaon,16.97,15.21,16.97,133.0,2016,August
2016-08,Bajra,Dhule,Shirpur,16.95,14.32,17.58,21.6,2016,August
2016-08,Bajra,Pune,Shirur,16.35,14.66,17.12,43.8,2016,August
2016-08,Bajra,Ahmadnagar,Shrigonda,17.0,16.5,18.0,4.7,2016,August
2016-08,Bajra,Ahmadnagar,Shrirampur,16.62,15.82,17.71,1.2,2016,August
2016-08,Bajra,Ahmadnagar,Shrirampur-Belapur,17.56,17.56,17.56,0.5,2016,August
2016-08,Bajra,Aurangabad,Sillod,14.94,14.34,15.34,16.5,2016,August
2016-08,Bajra,Aurangabad,Sillod-Bharadi,15.57,14.82,16.07,1.1,2016,August
2016-08,Bajra,Nasik,Sinner,17.81,16.05,19.37,40.8,2016,August
2016-08,Bajra,Solapur,Solapur,16.15,16.15,16.15,0.3,2016,August
2016-08,Bajra,Parbhani,Sonpeth,15.9,15.76,16.0,0.7,2016,August
2016-08,Bajra,Osmanabad,Tuljapur,16.0,16.0,16.0,0.4,2016,August
2016-08,Bajra,Thane,Ulhasnagar,22.08,17.33,26.42,132.4,2016,August
2016-08,Bajra,Osmanabad,Umarga,13.36,13.16,13.96,1.2,2016,August
2016-08,Bajra,Satara,Vaduj,17.7,17.0,18.4,3.5,2016,August
2016-08,Bajra,Aurangabad,Vaijapur,18.31,17.01,18.75,176.1,2016,August
2016-08,Bajra,Jalgaon,Yawal,13.2,12.0,15.0,5.4,2016,August
2016-08,Bajra,Nasik,Yeola,17.12,15.43,18.65,36.3,2016,August
2016-08,Cotton,Jalgaon,Yawal,47.0,45.0,49.5,3.2,2016,August
2016-08,Jowar,Amaravathi,Achalpur,15.82,15.36,16.28,49.5,2016,August
2016-08,Jowar,Gadchiroli,Aheri,14.5,14.5,14.5,0.3,2016,August
2016-08,Jowar,Ahmadnagar,Ahmednagar,18.22,16.59,19.65,86.9,2016,August
2016-08,Jowar,Latur,Ahmedpur,15.46,14.71,15.85,207.1,2016,August
2016-08,Jowar,Akola,Akola,17.54,15.85,19.29,56.6,2016,August
2016-08,Jowar,Akola,Akot,14.96,14.63,15.28,94.4,2016,August
2016-08,Jowar,Jalgaon,Amalner,17.1,15.8,17.1,36.3,2016,August
2016-08,Jowar,Amaravathi,Amarawati,18.25,17.08,19.43,11.7,2016,August
2016-08,Jowar,Jalna,Ambad(Vadi Godri),16.83,15.75,20.09,204.4,2016,August
2016-08,Jowar,Beed,Ambejogai,15.82,15.82,15.98,6.7,2016,August
2016-08,Jowar,Amaravathi,Anajngaon Surji,14.42,12.94,16.17,6.1,2016,August
2016-08,Jowar,Sangli,Atpadi,20.0,17.33,22.67,3.1,2016,August
2016-08,Jowar,Aurangabad,Aurangabad,17.5,16.0,19.0,1.0,2016,August
2016-08,Jowar,Latur,Ausa,15.98,14.74,16.84,66.7,2016,August
2016-08,Jowar,Akola,Balapur,17.5,13.65,17.5,10.7,2016,August
2016-08,Jowar,Pune,Baramati,18.62,16.95,21.36,220.8,2016,August
2016-08,Jowar,Solapur,Barshi,19.09,15.43,23.43,1139.1,2016,August
2016-08,Jowar,Solapur,Barshi-Vairag,20.91,18.19,24.65,167.0,2016,August
2016-08,Jowar,Beed,Beed,16.82,16.08,17.89,247.0,2016,August
2016-08,Jowar,Nanded,Bhokar,15.1,14.66,15.84,57.2,2016,August
2016-08,Jowar,Jalna,Bhokardan,16.28,16.09,16.48,8.1,2016,August
2016-08,Jowar,Jalna,Bhokardan-Pimpalgaon Renu,16.26,16.02,16.5,5.5,2016,August
2016-08,Jowar,Jalgaon,Bhusaval,13.96,13.96,14.04,4.0,2016,August
2016-08,Jowar,Buldhana,Buldhana,14.8,13.55,16.05,4.6,2016,August
2016-08,Jowar,Latur,Chakur,16.7,16.7,16.7,0.2,2016,August
2016-08,Jowar,Jalgaon,Chalisgaon,14.52,13.55,16.0,11.5,2016,August
2016-08,Jowar,Amaravathi,Chandur Bajar,14.25,13.0,15.5,1.5,2016,August
2016-08,Jowar,Buldhana,Chikhali,14.32,12.82,15.82,26.3,2016,August
2016-08,Jowar,Jalgaon,Chopda,15.63,14.93,16.07,9.5,2016,August
2016-08,Jowar,Amaravathi,Daryapur,18.0,18.0,18.0,1.8,2016,August
2016-08,Jowar,Nasik,Devala,15.12,14.84,15.16,1.9,2016,August
2016-08,Jowar,Nandurbar,Dhadgaon,14.86,14.5,15.16,74.0,2016,August
2016-08,Jowar,Jalgaon,Dharangaon,14.8,14.61,14.97,4.4,2016,August
2016-08,Jowar,Amaravathi,Dharni,16.1,15.67,16.53,78.0,2016,August
2016-08,Jowar,Dhule,Dhule,16.32,15.74,16.69,27.6,2016,August
2016-08,Jowar,Yewatmal,Digras,15.12,14.93,15.46,8.0,2016,August
2016-08,Jowar,Dhule,Dondaicha,16.93,15.76,17.65,9.8,2016,August
2016-08,Jowar,Dhule,Dondaicha-Sindkheda,17.53,15.6,17.88,3.5,2016,August
2016-08,Jowar,Pune,Dound,20.61,18.44,22.42,329.8,2016,August
2016-08,Jowar,Solapur,Dudhani,19.03,16.67,20.81,32.2,2016,August
2016-08,Jowar,Aurangabad,Gangapur,17.57,16.88,18.4,83.7,2016,August
2016-08,Jowar,Beed,Gevrai,16.75,15.48,17.76,713.6,2016,August
2016-08,Jowar,Jalna,Ghansawangi,18.04,16.92,19.83,7.1,2016,August
2016-08,Jowar,Pune,Indapur,21.38,17.83,26.25,37.9,2016,August
2016-08,Jowar,Pune,Indapur (Nimgaon Ketki),18.59,17.5,19.34,0.8,2016,August
2016-08,Jowar,Pune,Indapur-Bhigwan,20.0,16.06,24.63,43.5,2016,August
2016-08,Jowar,Jalna,Jafrabad,12.28,11.5,13.17,11.4,2016,August
2016-08,Jowar,Jalgaon,Jalgaon,17.07,16.72,17.3,45.5,2016,August
2016-08,Jowar,Buldhana,Jalgaon Jamod-Aasalgaon,13.92,13.17,14.67,7.3,2016,August
2016-08,Jowar,Latur,Jalkot,17.83,17.5,18.17,9.5,2016,August
2016-08,Jowar,Jalna,Jalna,18.03,15.12,23.24,1653.9,2016,August
2016-08,Jowar,Jalna,Jalna-Badnapur,16.83,16.04,17.08,3.1,2016,August
2016-08,Jowar,Ahmadnagar,Jamkhed,21.39,17.86,24.93,1105.6,2016,August
2016-08,Jowar,Parbhani,Jintur,16.47,15.27,17.41,8.5,2016,August
2016-08,Jowar,Beed,Kada,19.41,16.1,23.07,285.4,2016,August
2016-08,Jowar,Beed,Kada (Ashti),19.2,16.2,21.91,22.3,2016,August
2016-08,Jowar,Osmanabad,Kalamb (Os),16.21,15.0,16.9,143.3,2016,August
2016-08,Jowar,Nasik,Kalvan,15.67,15.67,15.67,1.0,2016,August
2016-08,Jowar,Thane,Kalyan,20.75,19.0,21.96,3.6,2016,August
2016-08,Jowar,Aurangabad,Kannad,17.18,16.85,17.4,1.8,2016,August
2016-08,Jowar,Wasim,Karanja,17.08,16.63,19.14,13.5,2016,August
2016-08,Jowar,Solapur,Karmala,21.76,16.2,27.27,265.4,2016,August
2016-08,Jowar,Nagpur,Katol,13.23,13.23,13.23,1.2,2016,August
2016-08,Jowar,Beed,Kej,16.71,15.61,17.39,59.6,2016,August
2016-08,Jowar,Buldhana,Khamgaon,15.32,14.88,15.92,119.6,2016,August
2016-08,Jowar,Beed,Kille Dharur,18.58,16.79,19.21,19.7,2016,August
2016-08,Jowar,Kolhapur,Kolhapur-Laxmipuri,24.88,17.48,39.06,132.5,2016,August
2016-08,Jowar,Ahmadnagar,Kopargaon,16.41,15.18,17.21,30.3,2016,August
2016-08,Jowar,Solapur,Kurdwadi,19.2,16.77,21.63,21.5,2016,August
2016-08,Jowar,Solapur,Kurdwadi-Modnimb,18.75,15.05,23.19,22.1,2016,August
2016-08,Jowar,Nasik,Lasalgaon,15.88,12.96,17.17,30.9,2016,August
2016-08,Jowar,Nasik,Lasalgaon-Vinchur,16.3,14.79,16.94,5.8,2016,August
2016-08,Jowar,Aurangabad,Lasur Station,17.21,15.51,19.21,194.7,2016,August
2016-08,Jowar,Latur,Latur,16.53,15.66,17.86,584.0,2016,August
2016-08,Jowar,Latur,Latur-Murud,15.4,15.06,15.72,19.4,2016,August
2016-08,Jowar,Nanded,Loha,15.51,15.37,16.12,32.8,2016,August
2016-08,Jowar,Satara,Lonand,19.0,17.1,20.65,5.3,2016,August
2016-08,Jowar,Buldhana,Lonar,16.92,16.45,17.5,26.3,2016,August
2016-08,Jowar,Beed,Majalgaon,16.75,12.92,17.7,65.3,2016,August
2016-08,Jowar,Nasik,Malegaon,16.16,16.13,16.88,2.4,2016,August
2016-08,Jowar,Buldhana,Malkapur,15.46,15.17,15.79,135.4,2016,August
2016-08,Jowar,Solapur,Mangalwedha,20.06,16.5,22.14,71.2,2016,August
2016-08,Jowar,Wasim,Mangrulpeer,14.16,14.16,14.16,0.9,2016,August
2016-08,Jowar,Nasik,Manmad,18.0,17.9,18.61,0.4,2016,August
2016-08,Jowar,Wasim,Manora,16.5,16.0,18.0,0.9,2016,August
2016-08,Jowar,Jalna,Mantha,16.06,14.13,16.69,11.6,2016,August
2016-08,Jowar,Parbhani,Manwat,16.53,15.55,18.17,18.6,2016,August
2016-08,Jowar,Buldhana,Mehkar,16.56,16.22,17.12,17.0,2016,August
2016-08,Jowar,Solapur,Mohol,18.88,16.85,20.26,43.9,2016,August
2016-08,Jowar,Amaravathi,Morshi,13.96,13.64,14.39,27.8,2016,August
2016-08,Jowar,Osmanabad,Murum,19.69,19.22,20.29,5.9,2016,August
2016-08,Jowar,Nanded,Naigaon,15.6,14.0,15.7,0.1,2016,August
2016-08,Jowar,Nanded,Nanded,15.16,14.92,15.23,15.4,2016,August
2016-08,Jowar,Buldhana,Nandura,15.53,14.22,15.53,80.4,2016,August
2016-08,Jowar,Nandurbar,Nandurbar,14.77,13.71,15.58,46.8,2016,August
2016-08,Jowar,Ahmadnagar,Newasa,16.68,16.62,16.78,1.8,2016,August
2016-08,Jowar,Latur,Nilanga,14.9,14.5,15.1,15.6,2016,August
2016-08,Jowar,Pune,Nira-Saswad,19.9,16.0,23.82,26.3,2016,August
2016-08,Jowar,Osmanabad,Osmanabad,17.72,17.39,19.77,4.2,2016,August
2016-08,Jowar,Jalgaon,Pachora,16.04,15.5,16.58,239.7,2016,August
2016-08,Jowar,Aurangabad,Paithan,16.3,16.0,16.86,79.2,2016,August
2016-08,Jowar,Yewatmal,Pandharkawada,14.85,14.85,14.85,0.9,2016,August
2016-08,Jowar,Solapur,Pandharpur,19.03,18.96,19.04,7.5,2016,August
2016-08,Jowar,Osmanabad,Paranda,18.25,15.5,21.5,27.8,2016,August
2016-08,Jowar,Parbhani,Parbhani,17.24,16.52,17.8,19.4,2016,August
2016-08,Jowar,Beed,Parli-Vaijnath,16.06,15.96,16.16,51.5,2016,August
2016-08,Jowar,Jalgaon,Parola,14.77,14.27,15.4,15.9,2016,August
2016-08,Jowar,Jalna,Partur,16.9,16.13,17.27,57.2,2016,August
2016-08,Jowar,Ahmadnagar,Pathardi,17.12,15.94,18.61,83.8,2016,August
2016-08,Jowar,Parbhani,Pathari,16.61,15.94,17.25,13.3,2016,August
2016-08,Jowar,Akola,Patur,15.11,14.08,15.93,19.5,2016,August
2016-08,Jowar,Satara,Phaltan,19.13,16.25,23.09,104.6,2016,August
2016-08,Jowar,Pune,Pune,30.39,28.76,31.28,1030.4,2016,August
2016-08,Jowar,Yewatmal,Pusad,15.73,14.77,16.56,94.6,2016,August
2016-08,Jowar,Ahmadnagar,Rahata,14.74,14.74,14.74,9.8,2016,August
2016-08,Jowar,Ahmadnagar,Rahuri-Vambori,15.6,14.0,16.73,28.7,2016,August
2016-08,Jowar,Jalgaon,Raver,15.94,15.1,16.05,15.4,2016,August
2016-08,Jowar,Parbhani,Sailu,16.35,15.1,17.41,8.3,2016,August
2016-08,Jowar,Sangli,Sangali,23.02,17.8,25.56,865.5,2016,August
2016-08,Jowar,Ahmadnagar,Sangamner,17.04,16.34,17.36,7.8,2016,August
2016-08,Jowar,Buldhana,Sangrampur-Varvatbakal,13.83,12.95,14.61,6.9,2016,August
2016-08,Jowar,Nagpur,Savner,11.75,11.75,11.75,0.6,2016,August
2016-08,Jowar,Nandurbar,Shahada,15.55,15.55,15.97,0.9,2016,August
2016-08,Jowar,Buldhana,Shegaon,14.92,14.01,15.24,34.9,2016,August
2016-08,Jowar,Ahmadnagar,Shevgaon,19.59,16.5,19.59,183.6,2016,August
2016-08,Jowar,Ahmadnagar,Shevgaon-Bodhegaon,18.17,16.23,18.17,185.9,2016,August
2016-08,Jowar,Dhule,Shirpur,16.07,14.1,17.4,16.5,2016,August
2016-08,Jowar,Pune,Shirur,16.83,16.13,17.05,14.3,2016,August
2016-08,Jowar,Ahmadnagar,Shrigonda,18.5,16.7,21.0,20.2,2016,August
2016-08,Jowar,Ahmadnagar,Shrirampur,16.16,14.7,16.95,27.6,2016,August
2016-08,Jowar,Ahmadnagar,Shrirampur-Belapur,15.0,15.0,15.0,0.1,2016,August
2016-08,Jowar,Aurangabad,Sillod,15.0,14.23,15.4,1.6,2016,August
2016-08,Jowar,Aurangabad,Sillod-Bharadi,14.37,13.83,14.5,0.9,2016,August
2016-08,Jowar,Buldhana,Sindkhed Raja,16.52,16.06,16.9,15.7,2016,August
2016-08,Jowar,Nasik,Sinner,15.23,14.6,15.69,2.0,2016,August
2016-08,Jowar,Solapur,Solapur,19.07,18.04,20.02,98.5,2016,August
2016-08,Jowar,Parbhani,Sonpeth,16.79,14.92,17.69,22.7,2016,August
2016-08,Jowar,Sangli,Tasgaon,17.82,17.21,18.42,66.0,2016,August
2016-08,Jowar,Akola,Telhara,12.97,12.58,13.55,34.5,2016,August
2016-08,Jowar,Latur,Udgir,15.21,15.07,15.23,10.5,2016,August
2016-08,Jowar,Thane,Ulhasnagar,35.18,29.91,40.0,108.5,2016,August
2016-08,Jowar,Osmanabad,Umarga,16.04,15.54,17.05,6.6,2016,August
2016-08,Jowar,Satara,Vaduj,22.11,21.44,22.78,167.0,2016,August
2016-08,Jowar,Aurangabad,Vaijapur,17.61,17.18,17.83,121.1,2016,August
2016-08,Jowar,Amaravathi,Varud-Rajura Bazar,14.59,14.35,14.71,0.5,2016,August
2016-08,Jowar,Wardha,Wardha,13.45,13.45,13.45,0.6,2016,August
2016-08,Jowar,Wasim,Washim,14.72,14.19,15.07,16.5,2016,August
2016-08,Jowar,Wasim,Washim-Ansing,14.03,13.85,14.33,0.9,2016,August
2016-08,Jowar,Nasik,Yeola,16.66,16.31,17.15,5.7,2016,August
2016-08,Jowar,Yewatmal,Yeotmal,16.45,16.45,16.45,0.3,2016,August
2016-08,Onion,Ahmadnagar,Ahmednagar,8.04,1.0,11.03,24348.4,2016,August
2016-08,Onion,Solapur,Akluj,8.2,3.24,8.2,71.6,2016,August
2016-08,Onion,Ahmadnagar,Akole,6.82,1.2,10.86,2297.1,2016,August
2016-08,Onion,Amaravathi,Amarawati,5.71,2.68,8.71,370.3,2016,August
2016-08,Onion,Amaravathi,Amarawati-Fruit And Vegetables,5.17,2.46,7.54,914.0,2016,August
2016-08,Onion,Aurangabad,Aurangabad,4.41,1.66,7.17,1406.4,2016,August
2016-08,Onion,Pune,Baramati,5.13,2.0,7.94,199.4,2016,August
2016-08,Onion,Solapur,Barshi,5.48,0.88,7.5,34.9,2016,August
2016-08,Onion,Jalgaon,Chalisgaon,5.01,3.13,8.01,2258.6,2016,August
2016-08,Onion,Chandrapur,Chandrapur-Ganjwad,7.56,6.4,8.68,1171.9,2016,August
2016-08,Onion,Nasik,Chandvad,6.51,2.64,7.98,4726.5,2016,August
2016-08,Onion,Nasik,Devala,6.11,3.11,7.33,6202.5,2016,August
2016-08,Onion,Dhule,Dhule,4.73,1.53,6.26,8691.6,2016,August
2016-08,Onion,Nasik,Dindori-Vani,6.61,4.59,8.54,5790.6,2016,August
2016-08,Onion,Aurangabad,Gangapur,4.82,1.83,8.01,143.9,2016,August
2016-08,Onion,Pune,Indapur,4.76,1.07,9.09,238.8,2016,August
2016-08,Onion,Jalgaon,Jalgaon,4.59,2.78,7.0,314.5,2016,August
2016-08,Onion,Ahmadnagar,Jamkhed,4.71,1.0,9.57,479.1,2016,August
2016-08,Onion,Pune,Junnar,8.79,5.43,9.37,4150.8,2016,August
2016-08,Onion,Pune,Junnar (Alephata),8.77,4.5,9.96,8460.6,2016,August
2016-08,Onion,Pune,Junnar-Otur,8.57,5.29,9.43,7771.6,2016,August
2016-08,Onion,Beed,Kada,7.0,1.0,9.0,408.0,2016,August
2016-08,Onion,Nasik,Kalvan,6.44,2.59,7.99,9727.0,2016,August
2016-08,Onion,Thane,Kalyan,7.08,6.21,7.78,13.8,2016,August
2016-08,Onion,Nagpur,Kamthi,10.14,6.14,12.29,11.3,2016,August
2016-08,Onion,Satara,Karad,10.0,6.85,10.0,372.6,2016,August
2016-08,Onion,Pune,Khed-Chakan,6.22,4.86,7.61,504.8,2016,August
2016-08,Onion,Kolhapur,Kolhapur,7.38,2.79,10.38,9240.0,2016,August
2016-08,Onion,Ahmadnagar,Kopargaon,7.22,2.25,9.12,8035.7,2016,August
2016-08,Onion,Solapur,Kurdwadi,4.32,1.6,6.89,50.5,2016,August
2016-08,Onion,Solapur,Kurdwadi-Modnimb,4.02,1.22,6.63,42.3,2016,August
2016-08,Onion,Nasik,Lasalgaon,7.2,2.74,8.77,19738.2,2016,August
2016-08,Onion,Nasik,Lasalgaon-Niphad,6.32,2.8,7.3,4028.1,2016,August
2016-08,Onion,Aurangabad,Lasur Station,5.05,1.8,8.3,3516.3,2016,August
2016-08,Onion,Satara,Lonand,5.32,1.71,7.36,283.0,2016,August
2016-08,Onion,Nasik,Malegaon,5.96,2.31,7.36,7943.6,2016,August
2016-08,Onion,Buldhana,Malkapur,4.91,2.89,6.52,751.3,2016,August
2016-08,Onion,Pune,Manchar,7.03,5.5,8.67,3526.1,2016,August
2016-08,Onion,Nasik,Manmad,6.57,2.94,8.15,7005.9,2016,August
2016-08,Onion,Mumbai,Mumbai-Onion And Potato Mkt,7.75,6.04,9.06,24795.0,2016,August
2016-08,Onion,Nagpur,Nagpur,6.93,3.29,8.22,6659.4,2016,August
2016-08,Onion,Nasik,Nampur,6.52,3.55,7.8,7356.5,2016,August
2016-08,Onion,Nasik,Nandgaon,5.84,2.31,7.36,1719.8,2016,August
2016-08,Onion,Buldhana,Nandura,6.4,3.12,6.4,383.7,2016,August
2016-08,Onion,Nasik,Nashik,5.04,1.7,7.93,8752.9,2016,August
2016-08,Onion,Ahmadnagar,Newasa-Ghodegaon,6.86,1.79,9.89,36777.7,2016,August
2016-08,Onion,Osmanabad,Osmanabad,6.61,2.5,10.75,0.5,2016,August
2016-08,Onion,Aurangabad,Paithan,6.32,1.86,9.07,1367.3,2016,August
2016-08,Onion,Thane,Palghar(Bevur),10.75,10.75,10.75,56.4,2016,August
2016-08,Onion,Solapur,Pandharpur,5.57,0.95,9.23,238.5,2016,August
2016-08,Onion,Osmanabad,Paranda,3.33,0.83,6.33,12.2,2016,August
2016-08,Onion,Ahmadnagar,Parner,6.9,2.96,8.94,4946.4,2016,August
2016-08,Onion,Ahmadnagar,Pathardi,7.01,1.84,9.03,1011.4,2016,August
2016-08,Onion,Satara,Phaltan,5.5,2.0,8.21,1660.1,2016,August
2016-08,Onion,Nasik,Pimpalgaon (B)-Saykheda,5.28,2.11,7.0,8545.3,2016,August
2016-08,Onion,Nasik,Pimpalgaon Basawant,6.42,2.47,8.8,30328.7,2016,August
2016-08,Onion,Pune,Pune,7.94,4.56,9.02,24055.7,2016,August
2016-08,Onion,Pune,Pune-Manjri,11.14,10.93,11.36,2.7,2016,August
2016-08,Onion,Pune,Pune-Moshi,6.49,4.42,8.61,99.6,2016,August
2016-08,Onion,Pune,Pune-Pimpri,7.22,6.04,7.78,20.1,2016,August
2016-08,Onion,Ahmadnagar,Rahata,6.21,1.89,9.82,18942.8,2016,August
2016-08,Onion,Ahmadnagar,Rahuri,6.86,2.64,9.73,23100.1,2016,August
2016-08,Onion,Ahmadnagar,Rahuri-Vambori,5.73,1.5,9.35,9521.4,2016,August
2016-08,Onion,Nagpur,Ramtek,9.36,8.73,10.0,11.1,2016,August
2016-08,Onion,Dhule,Sakri,3.26,1.67,5.57,4557.2,2016,August
2016-08,Onion,Ahmadnagar,Sangamner,7.53,3.0,11.17,9917.4,2016,August
2016-08,Onion,Sangli,Sangli-Phale Bhajipalam,7.75,3.82,11.52,3702.2,2016,August
2016-08,Onion,Nasik,Satana,6.4,2.25,8.08,9806.3,2016,August
2016-08,Onion,Satara,Satara,5.64,3.57,7.86,215.5,2016,August
2016-08,Onion,Ahmadnagar,Shrigonda,5.0,5.0,5.0,2.6,2016,August
2016-08,Onion,Ahmadnagar,Shrirampur,6.79,1.92,9.42,20686.6,2016,August
2016-08,Onion,Nasik,Sinner,6.15,0.73,9.02,17265.9,2016,August
2016-08,Onion,Solapur,Solapur,5.06,1.0,11.38,14771.8,2016,August
2016-08,Onion,Thane,Ulhasnagar,12.08,9.92,14.42,474.0,2016,August
2016-08,Onion,Nasik,Umrane,6.74,3.97,8.14,21044.2,2016,August
2016-08,Onion,Aurangabad,Vaijapur,6.27,2.33,9.37,4587.4,2016,August
2016-08,Onion,Sangli,Vita,0.07,0.05,0.09,13.8,2016,August
2016-08,Onion,Nasik,Yeola,6.19,2.46,8.01,14233.8,2016,August
2016-08,Rice,Gondiya,Aamgaon,16.67,15.98,17.13,181.9,2016,August
2016-08,Rice,Gadchiroli,Aheri,15.9067,15.9067,15.9067,34.3,2016,August
2016-08,Rice,Latur,Ahmedpur,14.05,13.81,14.05,2.8,2016,August
2016-08,Rice,Akola,Akola,33.23,26.31,40.15,1.7,2016,August
2016-08,Rice,Ahmadnagar,Akole,17.0,15.0,22.0,9.3,2016,August
2016-08,Rice,Raigad,Alibag,27.5361,24.931,30.1361,143.2,2016,August
2016-08,Rice,Gondiya,Arjuni Morgaon,20.02,19.64,20.02,432.0,2016,August
2016-08,Rice,Gadchiroli,Armori,20.32,19.78,20.53,148.3,2016,August
2016-08,Rice,Gadchiroli,Armori-Desaiganj,18.54,17.33,19.02,1789.6,2016,August
2016-08,Rice,Latur,Ausa,11.51,11.01,12.0,0.1,2016,August
2016-08,Rice,Pune,Baramati,17.28,17.14,17.36,9.1,2016,August
2016-08,Rice,Solapur,Barshi,17.21,16.85,18.2,48.0,2016,August
2016-08,Rice,Bhandara,Bhandara,31.26,30.19,31.62,18.6,2016,August
2016-08,Rice,Thane,Bhivandi,25.03,22.87,32.62,74588.0,2016,August
2016-08,Rice,Nagpur,Bhiwapur,23.25,23.0,23.5,6.5,2016,August
2016-08,Rice,Chandrapur,Brahmpuri,22.85,22.15,23.54,168.7,2016,August
2016-08,Rice,Gadchiroli,Chamorshi,23.23,22.64,23.82,596.2,2016,August
2016-08,Rice,Chandrapur,Chimur,23.37,22.81,23.77,408.0,2016,August
2016-08,Rice,Gadchiroli,Gadchiroli,19.63,18.87,19.92,377.2,2016,August
2016-08,Rice,Gondiya,Gondiya,16.99,16.44,17.53,873.7,2016,August
2016-08,Rice,Chandrapur,Gondpimpri,23.73,23.48,23.97,80.0,2016,August
2016-08,Rice,Pune,Indapur-Bhigwan,17.11,15.95,17.18,20.1,2016,August
2016-08,Rice,Osmanabad,Kalamb (Os),12.0,12.0,12.0,0.1,2016,August
2016-08,Rice,Thane,Kalyan,34.05,23.93,42.61,4.2,2016,August
2016-08,Rice,Raigad,Karjat (Raigad),30.0,20.0,46.09,116.3,2016,August
2016-08,Rice,Raigad,Khalapur(Shil-Phata),37.25,25.0,71.25,13.7,2016,August
2016-08,Rice,Kolhapur,Kolhapur-Laxmipuri,34.71,21.75,50.21,266.0,2016,August
2016-08,Rice,Nasik,Lasalgaon,17.02,16.51,17.02,0.3,2016,August
2016-08,Rice,Nasik,Lasalgaon-Vinchur,15.26,15.26,15.26,0.1,2016,August
2016-08,Rice,Raigad,Mangaon(Bhadav),27.71,18.64,36.71,29.5,2016,August
2016-08,Rice,Chandrapur,Mul,23.2,20.55,23.93,1790.8,2016,August
2016-08,Rice,Mumbai,Mumbai,55.18,42.76,68.17,44225.7,2016,August
2016-08,Rice,Thane,Murbad,15.5,14.5,16.5,10.2,2016,August
2016-08,Rice,Raigad,Murud,22.4094,19.9585,24.8654,143.1,2016,August
2016-08,Rice,Chandrapur,Nagbhid,22.72,20.26,22.72,743.0,2016,August
2016-08,Rice,Nagpur,Nagpur,30.68,28.63,31.52,108.1,2016,August
2016-08,Rice,Pune,Nira-Saswad,26.81,21.75,31.88,17.8,2016,August
2016-08,Rice,Jalgaon,Pachora,14.22,14.11,14.34,2.1,2016,August
2016-08,Rice,Thane,Palghar(Bevur),28.75,25.98,33.3,783.3,2016,August
2016-08,Rice,Bhandara,Pavani,21.26,21.18,21.32,21.1,2016,August
2016-08,Rice,Raigad,Pen,23.1442,21.3679,30.1226,31.8,2016,August
2016-08,Rice,Chandrapur,Pombhurni,21.14,20.0,23.07,113.9,2016,August
2016-08,Rice,Pune,Pune,53.05,46.98,57.61,2501.2,2016,August
2016-08,Rice,Yewatmal,Pusad,9.6,9.6,9.6,0.3,2016,August
2016-08,Rice,Jalgaon,Raver,15.27,15.27,15.27,0.5,2016,August
2016-08,Rice,Raigad,Roha,14.15,14.1,14.2,3.2,2016,August
2016-08,Rice,Gondiya,Sadak Arjuni,14.5,14.1,14.5,24.1,2016,August
2016-08,Rice,Sangli,Sangali,44.96,20.07,56.65,1257.8,2016,August
2016-08,Rice,Ahmadnagar,Sangamner,15.5,15.5,15.5,0.7,2016,August
2016-08,Rice,Chandrapur,Savali,23.61,23.32,23.91,202.0,2016,August
2016-08,Rice,Chandrapur,Sindevahi,21.87,21.87,22.97,206.5,2016,August
2016-08,Rice,Gadchiroli,Sironcha,20.0,20.0,20.0,1460.0,2016,August
2016-08,Rice,Solapur,Solapur,32.25,22.15,55.96,1966.3,2016,August
2016-08,Rice,Gondiya,Tiroda,17.88,17.26,18.49,784.4,2016,August
2016-08,Rice,Bhandara,Tumsar,18.8011,17.8432,19.512,1167.5,2016,August
2016-08,Rice,Thane,Ulhasnagar,45.0,31.35,57.73,555.7,2016,August
2016-08,Rice,Nagpur,Umared,34.83,20.33,39.75,101.0,2016,August
2016-08,Rice,Thane,Vasai,26.12,22.15,34.6,916.0,2016,August
2016-08,Soybean,Amaravathi,Achalpur,33.41,32.13,34.75,362.5,2016,August
2016-08,Soybean,Gadchiroli,Aheri,34.0,34.0,34.0,54.0,2016,August
2016-08,Soybean,Latur,Ahmedpur,34.17,33.71,34.4,188.0,2016,August
2016-08,Soybean,Hingoli,Akhadabalapur,35.94,35.25,36.63,29.4,2016,August
2016-08,Soybean,Akola,Akola,33.02,31.23,34.72,1908.2,2016,August
2016-08,Soybean,Ahmadnagar,Akole,34.25,32.5,35.25,8.7,2016,August
2016-08,Soybean,Akola,Akot,32.25,30.02,34.58,208.3,2016,August
2016-08,Soybean,Jalgaon,Amalner,30.43,25.78,30.43,1.3,2016,August
2016-08,Soybean,Amaravathi,Amarawati,33.38,31.38,35.38,2338.3,2016,August
2016-08,Soybean,Beed,Ambejogai,34.33,33.08,34.94,317.0,2016,August
2016-08,Soybean,Amaravathi,Anajngaon Surji,31.86,29.86,33.73,61.3,2016,August
2016-08,Soybean,Latur,Aurad Shahajani,34.84,34.09,35.64,48.9,2016,August
2016-08,Soybean,Latur,Ausa,34.33,31.64,34.88,71.7,2016,August
2016-08,Soybean,Yewatmal,Babhulgaon,32.8,30.79,34.27,214.0,2016,August
2016-08,Soybean,Akola,Balapur,34.13,33.0,34.88,60.2,2016,August
2016-08,Soybean,Pune,Baramati,31.0,30.01,33.0,2.0,2016,August
2016-08,Soybean,Solapur,Barshi-Vairag,35.16,35.16,35.46,2.8,2016,August
2016-08,Soybean,Beed,Beed,34.03,32.64,34.14,3.1,2016,August
2016-08,Soybean,Nanded,Bhokar,32.5,32.09,32.84,11.0,2016,August
2016-08,Soybean,Jalna,Bhokardan,34.77,34.32,35.3,8.6,2016,August
2016-08,Soybean,Jalna,Bhokardan-Pimpalgaon Renu,35.42,34.9,36.0,8.4,2016,August
2016-08,Soybean,Buldhana,Buldhana,33.34,32.34,34.3,59.3,2016,August
2016-08,Soybean,Buldhana,Buldhana-Dhad,33.95,32.82,34.98,334.0,2016,August
2016-08,Soybean,Latur,Chakur,34.18,33.03,35.17,28.2,2016,August
2016-08,Soybean,Amaravathi,Chandur Bajar,31.12,29.0,32.84,45.0,2016,August
2016-08,Soybean,Amaravathi,Chandur Rly.,31.53,31.1,31.78,315.5,2016,August
2016-08,Soybean,Buldhana,Chikhali,33.77,33.01,34.53,618.9,2016,August
2016-08,Soybean,Jalgaon,Chopda,28.26,28.26,28.26,0.6,2016,August
2016-08,Soybean,Amaravathi,Daryapur,31.32,27.59,32.96,98.4,2016,August
2016-08,Soybean,Amaravathi,Dhamangaon-Rly,31.56,30.1,34.11,631.0,2016,August
2016-08,Soybean,Dhule,Dhule,32.56,31.6,32.58,3.3,2016,August
2016-08,Soybean,Yewatmal,Digras,34.61,33.69,35.37,92.4,2016,August
2016-08,Soybean,Dhule,Dondaicha,33.0,33.0,33.0,0.1,2016,August
2016-08,Soybean,Aurangabad,Gangapur,34.0,34.0,34.0,0.1,2016,August
2016-08,Soybean,Beed,Gevrai,30.71,29.48,31.02,2.6,2016,August
2016-08,Soybean,Wardha,Hinganghat,31.71,29.62,34.75,1395.0,2016,August
2016-08,Soybean,Hingoli,Hingoli,35.21,33.85,35.39,351.4,2016,August
2016-08,Soybean,Pune,Indapur,31.11,31.11,31.11,0.1,2016,August
2016-08,Soybean,Jalna,Jafrabad,34.5,33.0,35.0,1.0,2016,August
2016-08,Soybean,Buldhana,Jalgaon Jamod-Aasalgaon,32.56,30.13,34.25,32.9,2016,August
2016-08,Soybean,Latur,Jalkot,35.5,35.0,36.0,7.0,2016,August
2016-08,Soybean,Jalna,Jalna,33.78,32.24,34.2,73.2,2016,August
2016-08,Soybean,Ahmadnagar,Jamkhed,31.33,30.0,32.67,3.1,2016,August
2016-08,Soybean,Parbhani,Jintur,33.36,31.8,33.92,25.7,2016,August
2016-08,Soybean,Osmanabad,Kalamb (Os),34.87,33.42,35.11,124.7,2016,August
2016-08,Soybean,Yewatmal,Kalamb (Yawatmal),32.0,31.0,33.0,25.6,2016,August
2016-08,Soybean,Wasim,Karanja,33.93,31.4,35.85,2095.5,2016,August
2016-08,Soybean,Nagpur,Katol,32.65,30.94,34.16,308.1,2016,August
2016-08,Soybean,Beed,Kej,33.98,32.81,34.26,32.3,2016,August
2016-08,Soybean,Buldhana,Khamgaon,32.76,30.26,34.85,3545.6,2016,August
2016-08,Soybean,Beed,Kille Dharur,33.49,30.42,33.7,28.3,2016,August
2016-08,Soybean,Ahmadnagar,Kopargaon,32.98,30.78,33.57,40.0,2016,August
2016-08,Soybean,Nasik,Lasalgaon,34.44,22.82,35.31,224.9,2016,August
2016-08,Soybean,Nasik,Lasalgaon-Niphad,34.8,31.83,34.99,33.0,2016,August
2016-08,Soybean,Nasik,Lasalgaon-Vinchur,34.0,26.15,34.57,50.7,2016,August
2016-08,Soybean,Aurangabad,Lasur Station,34.88,34.63,35.13,4.7,2016,August
2016-08,Soybean,Latur,Latur,35.33,33.95,36.21,5916.9,2016,August
2016-08,Soybean,Latur,Latur-Murud,34.23,32.55,34.77,29.9,2016,August
2016-08,Soybean,Buldhana,Lonar,34.12,33.51,34.7,429.2,2016,August
2016-08,Soybean,Beed,Majalgaon,33.86,23.63,35.19,10.9,2016,August
2016-08,Soybean,Wasim,Malegaon (Washim),34.63,33.39,35.3,188.0,2016,August
2016-08,Soybean,Buldhana,Malkapur,33.68,31.45,34.36,233.0,2016,August
2016-08,Soybean,Wasim,Mangrulpeer,34.52,32.86,35.2,1121.9,2016,August
2016-08,Soybean,Wasim,Manora,34.25,33.13,35.61,278.3,2016,August
2016-08,Soybean,Jalna,Mantha,32.5,31.16,33.05,7.1,2016,August
2016-08,Soybean,Parbhani,Manwat,32.0,30.77,32.88,11.5,2016,August
2016-08,Soybean,Buldhana,Mehkar,34.18,32.66,35.37,1104.7,2016,August
2016-08,Soybean,Amaravathi,Morshi,31.4,30.5,32.06,43.6,2016,August
2016-08,Soybean,Akola,Murtizapur,32.89,31.9,34.04,460.0,2016,August
2016-08,Soybean,Osmanabad,Murum,34.02,33.88,34.17,3.9,2016,August
2016-08,Soybean,Nagpur,Nagpur,33.63,31.0,34.5,58.3,2016,August
2016-08,Soybean,Nanded,Nanded,33.57,33.52,33.63,196.1,2016,August
2016-08,Soybean,Amaravathi,Nandgaon Khandeshwar,31.43,29.05,33.83,61.7,2016,August
2016-08,Soybean,Buldhana,Nandura,33.96,29.73,33.96,92.8,2016,August
2016-08,Soybean,Nandurbar,Nandurbar,29.57,29.57,29.57,0.4,2016,August
2016-08,Soybean,Yewatmal,Ner Parasopant,33.53,32.51,34.54,154.1,2016,August
2016-08,Soybean,Latur,Nilanga,34.82,33.27,35.56,42.8,2016,August
2016-08,Soybean,Pune,Nira-Saswad,29.5,29.0,30.0,0.2,2016,August
2016-08,Soybean,Osmanabad,Osmanabad,34.78,34.78,34.78,0.3,2016,August
2016-08,Soybean,Parbhani,Palam,33.0,33.0,33.0,1.2,2016,August
2016-08,Soybean,Yewatmal,Pandharkawada,33.0,33.0,33.0,0.6,2016,August
2016-08,Soybean,Parbhani,Parbhani,34.4,33.83,34.71,34.8,2016,August
2016-08,Soybean,Beed,Parli-Vaijnath,33.46,31.69,33.94,105.8,2016,August
2016-08,Soybean,Jalna,Partur,31.94,31.37,32.13,6.7,2016,August
2016-08,Soybean,Parbhani,Pathari,32.0,29.67,32.86,2.7,2016,August
2016-08,Soybean,Akola,Patur,32.91,30.79,34.14,47.0,2016,August
2016-08,Soybean,Yewatmal,Pusad,34.71,32.76,35.36,162.7,2016,August
2016-08,Soybean,Ahmadnagar,Rahata,34.22,34.22,34.28,3.4,2016,August
2016-08,Soybean,Ahmadnagar,Rahuri-Vambori,29.38,26.51,32.26,1.3,2016,August
2016-08,Soybean,Wasim,Risod,33.17,31.75,34.54,832.7,2016,August
2016-08,Soybean,Parbhani,Sailu,32.01,32.01,33.01,0.3,2016,August
2016-08,Soybean,Sangli,Sangali,37.03,34.75,37.75,35.1,2016,August
2016-08,Soybean,Ahmadnagar,Sangamner,32.5,30.5,34.36,0.8,2016,August
2016-08,Soybean,Buldhana,Sangrampur-Varvatbakal,31.25,30.0,32.94,7.6,2016,August
2016-08,Soybean,Nagpur,Savner,31.22,31.0,31.27,2.1,2016,August
2016-08,Soybean,Hingoli,Sengaon,34.32,33.56,35.22,111.0,2016,August
2016-08,Soybean,Buldhana,Shegaon,32.6,30.9,33.93,46.0,2016,August
2016-08,Soybean,Dhule,Shirpur,26.06,26.06,26.06,0.3,2016,August
2016-08,Soybean,Pune,Shirur,31.34,31.34,31.34,2.2,2016,August
2016-08,Soybean,Ahmadnagar,Shrirampur,32.0,25.0,32.51,0.9,2016,August
2016-08,Soybean,Aurangabad,Sillod,33.95,32.8,34.53,14.2,2016,August
2016-08,Soybean,Aurangabad,Sillod-Bharadi,33.58,33.25,34.25,1.1,2016,August
2016-08,Soybean,Wardha,Sindi (Selu),32.59,30.16,34.39,16.7,2016,August
2016-08,Soybean,Buldhana,Sindkhed Raja,36.75,36.0,37.75,5.6,2016,August
2016-08,Soybean,Nasik,Sinner,35.32,34.73,35.51,2.6,2016,August
2016-08,Soybean,Parbhani,Sonpeth,32.89,31.93,33.98,7.2,2016,August
2016-08,Soybean,Akola,Telhara,33.0,31.96,34.0,52.5,2016,August
2016-08,Soybean,Osmanabad,Tuljapur,34.05,34.03,34.08,2.1,2016,August
2016-08,Soybean,Latur,Udgir,35.63,35.47,35.64,453.5,2016,August
2016-08,Soybean,Nagpur,Umared,32.83,32.0,33.96,122.1,2016,August
2016-08,Soybean,Osmanabad,Umarga,32.92,32.61,33.26,8.6,2016,August
2016-08,Soybean,Yewatmal,Umarkhed,37.0,36.0,38.0,20.0,2016,August
2016-08,Soybean,Yewatmal,Umarkhed-Danki,36.42,35.67,37.17,20.0,2016,August
2016-08,Soybean,Aurangabad,Vaijapur,33.17,32.59,33.17,1.5,2016,August
2016-08,Soybean,Yewatmal,Vani,29.23,28.88,29.5,4.0,2016,August
2016-08,Soybean,Chandrapur,Varora,31.02,29.48,32.56,43.9,2016,August
2016-08,Soybean,Amaravathi,Varud-Rajura Bazar,33.08,31.71,34.41,8.9,2016,August
2016-08,Soybean,Wardha,Wardha,33.61,30.88,33.66,84.1,2016,August
2016-08,Soybean,Wasim,Washim,35.94,35.48,36.42,1715.8,2016,August
2016-08,Soybean,Wasim,Washim-Ansing,35.78,34.69,36.56,173.0,2016,August
2016-08,Soybean,Jalgaon,Yawal,34.0,32.0,36.0,9.7,2016,August
2016-08,Soybean,Yewatmal,Yeotmal,32.82,30.89,34.38,353.9,2016,August
2016-08,Sugarcane,Thane,Ulhasnagar,4.25,3.17,5.38,70.0,2016,August
2016-09,Bajra,Ahmadnagar,Ahmednagar,17.29,16.46,18.02,13.8,2016,September
2016-09,Bajra,Latur,Ahmedpur,13.51,13.51,13.51,0.1,2016,September
2016-09,Bajra,Solapur,Akkolkot,14.64,14.55,14.72,3.8,2016,September
2016-09,Bajra,Solapur,Akluj,15.56,15.06,17.06,1.4,2016,September
2016-09,Bajra,Akola,Akola,12.0,12.0,12.0,0.9,2016,September
2016-09,Bajra,Ahmadnagar,Akole,16.0,14.56,19.75,2.9,2016,September
2016-09,Bajra,Jalgaon,Amalner,16.19,15.0,16.19,73.7,2016,September
2016-09,Bajra,Amaravathi,Amarawati,20.54,19.58,21.5,5.4,2016,September
2016-09,Bajra,Jalna,Ambad(Vadi Godri),15.53,14.4,17.68,134.8,2016,September
2016-09,Bajra,Jalna,Ashti (Jalna),13.76,13.76,13.78,1.5,2016,September
2016-09,Bajra,Sangli,Atpadi,18.67,17.33,20.0,3.6,2016,September
2016-09,Bajra,Pune,Baramati,17.63,15.81,18.92,783.9,2016,September
2016-09,Bajra,Solapur,Barshi,15.07,14.51,15.67,38.1,2016,September
2016-09,Bajra,Beed,Beed,15.66,14.64,16.95,152.5,2016,September
2016-09,Bajra,Jalna,Bhokardan,14.44,14.13,14.73,7.7,2016,September
2016-09,Bajra,Jalna,Bhokardan-Pimpalgaon Renu,14.81,14.6,15.15,1.6,2016,September
2016-09,Bajra,Jalgaon,Bhusaval,15.0,15.0,15.0,0.2,2016,September
2016-09,Bajra,Jalgaon,Chalisgaon,16.12,13.71,17.53,33.5,2016,September
2016-09,Bajra,Jalgaon,Chopda,16.46,15.15,16.79,24.3,2016,September
2016-09,Bajra,Nasik,Devala,15.6,13.91,17.73,91.8,2016,September
2016-09,Bajra,Jalgaon,Dharangaon,16.49,16.34,16.61,1.7,2016,September
2016-09,Bajra,Dhule,Dhule,16.91,13.71,18.31,124.6,2016,September
2016-09,Bajra,Yewatmal,Digras,19.45,19.45,19.45,0.4,2016,September
2016-09,Bajra,Dhule,Dondaicha,14.91,13.18,15.69,34.3,2016,September
2016-09,Bajra,Dhule,Dondaicha-Sindkheda,14.03,12.92,14.87,10.1,2016,September
2016-09,Bajra,Pune,Dound,17.26,14.73,19.37,186.7,2016,September
2016-09,Bajra,Solapur,Dudhani,15.86,13.7,16.72,170.8,2016,September
2016-09,Bajra,Aurangabad,Gangapur,15.27,14.68,15.87,57.6,2016,September
2016-09,Bajra,Beed,Gevrai,15.17,13.64,16.73,400.6,2016,September
2016-09,Bajra,Jalna,Ghansawangi,12.5,11.5,13.75,6.4,2016,September
2016-09,Bajra,Pune,Indapur,18.1,15.45,20.07,10.6,2016,September
2016-09,Bajra,Pune,Indapur (Nimgaon Ketki),15.85,14.38,17.45,3.5,2016,September
2016-09,Bajra,Pune,Indapur-Bhigwan,16.42,13.5,19.13,137.6,2016,September
2016-09,Bajra,Jalgaon,Jalgaon,17.19,17.03,17.19,7.9,2016,September
2016-09,Bajra,Jalgaon,Jalgaon-Masawat,17.06,17.0,17.28,3.1,2016,September
2016-09,Bajra,Jalna,Jalna,15.35,14.43,17.31,451.5,2016,September
2016-09,Bajra,Jalna,Jalna-Badnapur,15.0,15.0,15.0,2.8,2016,September
2016-09,Bajra,Ahmadnagar,Jamkhed,15.95,14.93,16.97,21.3,2016,September
2016-09,Bajra,Beed,Kada,14.18,13.04,15.84,110.7,2016,September
2016-09,Bajra,Beed,Kada (Ashti),14.51,13.88,16.0,1.8,2016,September
2016-09,Bajra,Osmanabad,Kalamb (Os),14.49,13.91,15.39,14.3,2016,September
2016-09,Bajra,Nasik,Kalvan,16.31,14.17,17.31,27.9,2016,September
2016-09,Bajra,Thane,Kalyan,18.5,16.5,20.0,0.6,2016,September
2016-09,Bajra,Aurangabad,Kannad,15.61,14.76,16.44,19.6,2016,September
2016-09,Bajra,Solapur,Karmala,16.05,14.04,17.38,61.0,2016,September
2016-09,Bajra,Beed,Kej,14.92,13.65,16.93,29.9,2016,September
2016-09,Bajra,Buldhana,Khamgaon,14.88,14.2,15.35,2.6,2016,September
2016-09,Bajra,Beed,Kille Dharur,17.02,15.22,18.04,38.7,2016,September
2016-09,Bajra,Kolhapur,Kolhapur-Laxmipuri,20.0,19.0,21.0,11.2,2016,September
2016-09,Bajra,Ahmadnagar,Kopargaon,16.13,14.83,16.67,43.9,2016,September
2016-09,Bajra,Solapur,Kurdwadi,13.99,13.9,14.07,2.7,2016,September
2016-09,Bajra,Solapur,Kurdwadi-Modnimb,15.74,14.83,16.84,8.1,2016,September
2016-09,Bajra,Nasik,Lasalgaon,16.31,13.96,18.52,143.8,2016,September
2016-09,Bajra,Nasik,Lasalgaon-Vinchur,17.17,15.0,17.53,2.0,2016,September
2016-09,Bajra,Aurangabad,Lasur Station,14.76,13.46,16.27,175.2,2016,September
2016-09,Bajra,Latur,Latur,15.4,14.5,15.5,5.1,2016,September
2016-09,Bajra,Satara,Lonand,15.0,14.13,16.15,17.3,2016,September
2016-09,Bajra,Beed,Majalgaon,15.04,12.9,16.5,126.3,2016,September
2016-09,Bajra,Nasik,Malegaon,15.95,13.39,18.56,149.0,2016,September
2016-09,Bajra,Buldhana,Malkapur,17.93,17.93,17.93,0.4,2016,September
2016-09,Bajra,Solapur,Mangalwedha,15.1,13.86,15.47,22.0,2016,September
2016-09,Bajra,Nasik,Manmad,16.76,14.74,18.18,104.5,2016,September
2016-09,Bajra,Jalna,Mantha,17.0,17.0,17.0,0.2,2016,September
2016-09,Bajra,Osmanabad,Murum,14.55,14.55,14.55,0.5,2016,September
2016-09,Bajra,Nasik,Nampur,15.25,13.87,16.09,11.8,2016,September
2016-09,Bajra,Nasik,Nandgaon,15.92,14.6,17.67,57.6,2016,September
2016-09,Bajra,Buldhana,Nandura,16.67,14.95,16.67,2.6,2016,September
2016-09,Bajra,Nandurbar,Nandurbar,16.78,14.46,18.35,38.2,2016,September
2016-09,Bajra,Ahmadnagar,Newasa,14.5,12.88,14.75,1.4,2016,September
2016-09,Bajra,Pune,Nira-Saswad,18.5,15.25,21.75,50.4,2016,September
2016-09,Bajra,Jalgaon,Pachora,14.63,12.32,16.94,101.2,2016,September
2016-09,Bajra,Aurangabad,Paithan,14.71,13.82,15.82,52.8,2016,September
2016-09,Bajra,Solapur,Pandharpur,14.75,14.73,15.9,6.7,2016,September
2016-09,Bajra,Beed,Parli-Vaijnath,14.34,14.24,14.5,0.9,2016,September
2016-09,Bajra,Jalgaon,Parola,14.73,12.56,16.62,126.9,2016,September
2016-09,Bajra,Jalna,Partur,13.25,13.0,13.75,1.1,2016,September
2016-09,Bajra,Ahmadnagar,Pathardi,14.75,13.4,15.86,51.2,2016,September
2016-09,Bajra,Parbhani,Pathari,14.44,13.71,15.45,6.5,2016,September
2016-09,Bajra,Satara,Phaltan,16.33,14.5,18.17,324.9,2016,September
2016-09,Bajra,Pune,Pune,22.93,21.2,23.93,38.2,2016,September
2016-09,Bajra,Yewatmal,Pusad,18.99,17.9,20.23,3.1,2016,September
2016-09,Bajra,Ahmadnagar,Rahata,15.02,15.02,15.54,6.7,2016,September
2016-09,Bajra,Ahmadnagar,Rahuri-Vambori,15.89,13.02,17.7,117.7,2016,September
2016-09,Bajra,Dhule,Sakri,13.83,13.04,15.33,2.4,2016,September
2016-09,Bajra,Sangli,Sangali,17.76,16.0,18.5,244.7,2016,September
2016-09,Bajra,Ahmadnagar,Sangamner,16.41,15.38,17.14,22.7,2016,September
2016-09,Bajra,Nasik,Satana,16.34,13.93,18.1,47.4,2016,September
2016-09,Bajra,Nandurbar,Shahada,15.42,15.36,15.57,4.3,2016,September
2016-09,Bajra,Buldhana,Shegaon,16.17,16.17,16.17,0.9,2016,September
2016-09,Bajra,Ahmadnagar,Shevgaon,15.95,13.35,15.95,83.5,2016,September
2016-09,Bajra,Ahmadnagar,Shevgaon-Bodhegaon,15.93,13.6,15.96,81.2,2016,September
2016-09,Bajra,Dhule,Shirpur,15.47,13.55,16.39,36.4,2016,September
2016-09,Bajra,Pune,Shirur,14.77,13.68,15.32,39.2,2016,September
2016-09,Bajra,Ahmadnagar,Shrigonda,16.88,13.97,18.22,123.0,2016,September
2016-09,Bajra,Ahmadnagar,Shrirampur,16.99,16.25,17.83,7.4,2016,September
2016-09,Bajra,Aurangabad,Sillod,14.75,13.84,15.56,17.8,2016,September
2016-09,Bajra,Aurangabad,Sillod-Bharadi,14.65,13.75,15.38,3.2,2016,September
2016-09,Bajra,Nasik,Sinner,16.89,14.01,18.7,54.3,2016,September
2016-09,Bajra,Solapur,Solapur,15.61,14.83,18.93,28.3,2016,September
2016-09,Bajra,Parbhani,Sonpeth,15.13,14.63,15.28,1.5,2016,September
2016-09,Bajra,Osmanabad,Tuljapur,13.9,13.75,14.0,1.5,2016,September
2016-09,Bajra,Thane,Ulhasnagar,22.55,19.55,25.55,109.0,2016,September
2016-09,Bajra,Osmanabad,Umarga,13.68,12.51,14.12,2.4,2016,September
2016-09,Bajra,Satara,Vaduj,17.38,16.88,17.88,32.0,2016,September
2016-09,Bajra,Aurangabad,Vaijapur,16.98,15.3,17.49,130.3,2016,September
2016-09,Bajra,Nasik,Yeola,15.89,14.04,17.81,59.3,2016,September
2016-09,Jowar,Amaravathi,Achalpur,16.41,16.03,16.74,64.4,2016,September
2016-09,Jowar,Ahmadnagar,Ahmednagar,18.34,16.67,19.77,42.5,2016,September
2016-09,Jowar,Latur,Ahmedpur,16.0,15.53,16.59,77.2,2016,September
2016-09,Jowar,Hingoli,Akhadabalapur,16.85,16.85,16.85,2.7,2016,September
2016-09,Jowar,Akola,Akola,17.16,15.75,18.56,48.7,2016,September
2016-09,Jowar,Akola,Akot,14.71,14.35,15.08,80.5,2016,September
2016-09,Jowar,Jalgaon,Amalner,17.5,15.71,17.5,83.7,2016,September
2016-09,Jowar,Amaravathi,Amarawati,19.33,17.68,21.03,14.3,2016,September
2016-09,Jowar,Jalna,Ambad(Vadi Godri),16.8,15.9,21.39,208.9,2016,September
2016-09,Jowar,Beed,Ambejogai,17.1,16.92,17.36,12.6,2016,September
2016-09,Jowar,Amaravathi,Anajngaon Surji,14.21,12.5,15.79,6.4,2016,September
2016-09,Jowar,Jalna,Ashti (Jalna),14.83,14.78,15.01,3.1,2016,September
2016-09,Jowar,Sangli,Atpadi,20.0,18.0,22.0,1.2,2016,September
2016-09,Jowar,Latur,Ausa,15.87,15.04,16.44,25.4,2016,September
2016-09,Jowar,Akola,Balapur,15.0,13.0,16.5,8.6,2016,September
2016-09,Jowar,Pune,Baramati,18.71,17.22,22.1,251.1,2016,September
2016-09,Jowar,Solapur,Barshi,22.9,15.91,27.64,979.4,2016,September
2016-09,Jowar,Solapur,Barshi-Vairag,20.2,15.62,24.59,198.7,2016,September
2016-09,Jowar,Beed,Beed,16.88,16.05,18.83,178.9,2016,September
2016-09,Jowar,Nanded,Bhokar,15.5,15.0,16.0,17.8,2016,September
2016-09,Jowar,Jalna,Bhokardan,16.33,16.08,16.5,11.3,2016,September
2016-09,Jowar,Jalna,Bhokardan-Pimpalgaon Renu,15.96,15.6,16.2,6.1,2016,September
2016-09,Jowar,Jalgaon,Bhusaval,14.3,14.13,14.51,11.7,2016,September
2016-09,Jowar,Buldhana,Buldhana,14.15,12.6,15.65,13.9,2016,September
2016-09,Jowar,Buldhana,Buldhana-Dhad,14.0,12.0,16.0,6.0,2016,September
2016-09,Jowar,Latur,Chakur,17.52,17.16,18.02,0.9,2016,September
2016-09,Jowar,Jalgaon,Chalisgaon,14.92,13.98,15.78,27.3,2016,September
2016-09,Jowar,Amaravathi,Chandur Bajar,14.38,13.5,15.0,4.6,2016,September
2016-09,Jowar,Buldhana,Chikhali,14.3,12.86,15.74,23.4,2016,September
2016-09,Jowar,Jalgaon,Chopda,15.77,14.84,15.96,21.2,2016,September
2016-09,Jowar,Amaravathi,Daryapur,16.1,16.1,16.1,1.5,2016,September
2016-09,Jowar,Nasik,Devala,14.74,14.29,14.74,0.7,2016,September
2016-09,Jowar,Nandurbar,Dhadgaon,14.89,14.6,21.86,88.3,2016,September
2016-09,Jowar,Jalgaon,Dharangaon,15.02,14.85,15.15,5.8,2016,September
2016-09,Jowar,Amaravathi,Dharni,16.14,15.64,16.64,98.5,2016,September
2016-09,Jowar,Dhule,Dhule,16.56,15.72,17.07,18.0,2016,September
2016-09,Jowar,Yewatmal,Digras,15.75,15.5,16.9,14.2,2016,September
2016-09,Jowar,Dhule,Dondaicha,17.99,16.36,29.65,12.6,2016,September
2016-09,Jowar,Dhule,Dondaicha-Sindkheda,17.24,16.89,17.48,2.7,2016,September
2016-09,Jowar,Pune,Dound,18.77,16.58,21.22,126.2,2016,September
2016-09,Jowar,Solapur,Dudhani,19.83,18.53,20.23,8.9,2016,September
2016-09,Jowar,Aurangabad,Gangapur,17.52,16.85,18.14,93.3,2016,September
2016-09,Jowar,Beed,Gevrai,17.4,15.44,19.47,602.3,2016,September
2016-09,Jowar,Jalna,Ghansawangi,16.67,16.0,18.0,6.4,2016,September
2016-09,Jowar,Hingoli,Hingoli,18.0,18.0,18.0,10.5,2016,September
2016-09,Jowar,Pune,Indapur,20.94,17.51,23.3,12.6,2016,September
2016-09,Jowar,Pune,Indapur (Nimgaon Ketki),17.44,16.26,18.38,2.3,2016,September
2016-09,Jowar,Pune,Indapur-Bhigwan,19.63,16.03,25.38,65.6,2016,September
2016-09,Jowar,Jalna,Jafrabad,13.23,12.4,14.2,4.7,2016,September
2016-09,Jowar,Jalgaon,Jalgaon,17.01,16.62,17.26,70.2,2016,September
2016-09,Jowar,Buldhana,Jalgaon Jamod-Aasalgaon,14.5,13.5,15.5,3.6,2016,September
2016-09,Jowar,Jalgaon,Jalgaon-Masawat,14.99,14.79,15.37,14.1,2016,September
2016-09,Jowar,Latur,Jalkot,18.58,18.58,26.3,59.5,2016,September
2016-09,Jowar,Jalna,Jalna,18.33,15.52,24.98,1453.6,2016,September
2016-09,Jowar,Jalna,Jalna-Badnapur,16.88,16.75,16.88,4.2,2016,September
2016-09,Jowar,Ahmadnagar,Jamkhed,20.32,17.95,22.68,364.9,2016,September
2016-09,Jowar,Parbhani,Jintur,16.26,15.19,17.17,19.2,2016,September
2016-09,Jowar,Beed,Kada,19.72,16.11,23.29,159.6,2016,September
2016-09,Jowar,Beed,Kada (Ashti),17.57,16.0,19.14,13.6,2016,September
2016-09,Jowar,Osmanabad,Kalamb (Os),16.75,15.82,17.51,141.7,2016,September
2016-09,Jowar,Thane,Kalyan,20.17,18.33,23.0,1.8,2016,September
2016-09,Jowar,Aurangabad,Kannad,15.97,15.78,16.39,1.3,2016,September
2016-09,Jowar,Wasim,Karanja,15.08,14.93,17.05,6.5,2016,September
2016-09,Jowar,Solapur,Karmala,21.46,16.22,26.17,75.2,2016,September
2016-09,Jowar,Nagpur,Katol,13.89,13.86,13.9,1.8,2016,September
2016-09,Jowar,Beed,Kej,17.6,16.93,18.35,73.9,2016,September
2016-09,Jowar,Buldhana,Khamgaon,15.3,14.84,15.65,113.9,2016,September
2016-09,Jowar,Beed,Kille Dharur,17.09,15.67,17.58,66.7,2016,September
2016-09,Jowar,Kolhapur,Kolhapur-Laxmipuri,24.14,19.5,41.55,91.0,2016,September
2016-09,Jowar,Ahmadnagar,Kopargaon,15.55,14.46,16.2,32.2,2016,September
2016-09,Jowar,Solapur,Kurdwadi,20.5,18.34,22.66,14.4,2016,September
2016-09,Jowar,Solapur,Kurdwadi-Modnimb,18.9,16.96,24.34,12.4,2016,September
2016-09,Jowar,Nasik,Lasalgaon,14.71,12.54,16.14,44.0,2016,September
2016-09,Jowar,Nasik,Lasalgaon-Vinchur,15.53,12.76,16.14,2.7,2016,September
2016-09,Jowar,Aurangabad,Lasur Station,17.13,15.18,19.89,144.9,2016,September
2016-09,Jowar,Latur,Latur,16.88,16.14,17.92,650.3,2016,September
2016-09,Jowar,Latur,Latur-Murud,15.48,14.72,15.9,20.7,2016,September
2016-09,Jowar,Osmanabad,Lohara,13.21,13.21,13.21,0.4,2016,September
2016-09,Jowar,Satara,Lonand,18.63,16.0,20.69,7.7,2016,September
2016-09,Jowar,Buldhana,Lonar,16.8,15.79,18.01,21.4,2016,September
2016-09,Jowar,Beed,Majalgaon,16.21,13.69,17.44,167.7,2016,September
2016-09,Jowar,Buldhana,Malkapur,15.41,14.71,15.82,141.2,2016,September
2016-09,Jowar,Solapur,Mangalwedha,19.22,16.32,21.31,65.8,2016,September
2016-09,Jowar,Wasim,Mangrulpeer,13.82,13.82,13.82,0.7,2016,September
2016-09,Jowar,Nasik,Manmad,18.43,14.4,19.26,2.4,2016,September
2016-09,Jowar,Wasim,Manora,16.75,16.0,17.5,1.9,2016,September
2016-09,Jowar,Jalna,Mantha,16.36,15.57,16.86,12.6,2016,September
2016-09,Jowar,Buldhana,Mehkar,16.1,15.79,16.53,16.0,2016,September
2016-09,Jowar,Solapur,Mohol,20.73,17.03,22.35,36.3,2016,September
2016-09,Jowar,Amaravathi,Morshi,14.28,13.75,14.63,38.5,2016,September
2016-09,Jowar,Osmanabad,Murum,18.01,18.01,18.01,0.1,2016,September
2016-09,Jowar,Nanded,Naigaon,15.26,15.2,15.39,2.2,2016,September
2016-09,Jowar,Nanded,Nanded,15.43,15.24,15.56,10.3,2016,September
2016-09,Jowar,Nasik,Nandgaon,17.35,17.35,18.4,0.6,2016,September
2016-09,Jowar,Buldhana,Nandura,16.14,14.38,16.19,156.2,2016,September
2016-09,Jowar,Nandurbar,Nandurbar,15.69,13.86,16.77,425.8,2016,September
2016-09,Jowar,Ahmadnagar,Newasa,16.0,16.0,16.0,0.8,2016,September
2016-09,Jowar,Latur,Nilanga,14.5,14.0,15.0,2.0,2016,September
2016-09,Jowar,Pune,Nira-Saswad,19.53,16.0,23.57,34.6,2016,September
2016-09,Jowar,Osmanabad,Osmanabad,17.68,16.02,19.98,43.5,2016,September
2016-09,Jowar,Jalgaon,Pachora,15.86,15.48,16.25,237.2,2016,September
2016-09,Jowar,Aurangabad,Paithan,16.57,16.31,17.2,69.5,2016,September
2016-09,Jowar,Solapur,Pandharpur,17.77,17.33,17.94,13.1,2016,September
2016-09,Jowar,Osmanabad,Paranda,20.0,17.73,22.09,34.6,2016,September
2016-09,Jowar,Parbhani,Parbhani,17.2,16.47,17.62,31.8,2016,September
2016-09,Jowar,Beed,Parli-Vaijnath,15.85,15.59,16.1,61.1,2016,September
2016-09,Jowar,Jalgaon,Parola,14.48,14.18,14.83,42.3,2016,September
2016-09,Jowar,Jalna,Partur,16.42,15.95,16.81,67.6,2016,September
2016-09,Jowar,Ahmadnagar,Pathardi,16.77,16.25,17.36,34.5,2016,September
2016-09,Jowar,Parbhani,Pathari,16.05,15.8,16.59,19.2,2016,September
2016-09,Jowar,Akola,Patur,15.06,13.78,16.56,22.0,2016,September
2016-09,Jowar,Satara,Phaltan,18.67,16.13,22.9,74.9,2016,September
2016-09,Jowar,Pune,Pune,27.81,26.02,29.24,918.1,2016,September
2016-09,Jowar,Parbhani,Purna,17.61,16.71,18.2,3.5,2016,September
2016-09,Jowar,Yewatmal,Pusad,16.08,15.13,16.96,87.4,2016,September
2016-09,Jowar,Ahmadnagar,Rahata,14.63,14.63,14.63,1.6,2016,September
2016-09,Jowar,Ahmadnagar,Rahuri-Vambori,15.55,14.33,16.59,21.3,2016,September
2016-09,Jowar,Jalgaon,Raver,15.48,13.78,15.69,18.3,2016,September
2016-09,Jowar,Parbhani,Sailu,16.75,15.46,17.28,31.5,2016,September
2016-09,Jowar,Sangli,Sangali,22.75,17.44,25.18,991.6,2016,September
2016-09,Jowar,Ahmadnagar,Sangamner,17.5,17.38,17.73,5.7,2016,September
2016-09,Jowar,Buldhana,Sangrampur-Varvatbakal,14.15,13.0,14.85,4.9,2016,September
2016-09,Jowar,Nagpur,Savner,9.52,9.5,9.52,335.3,2016,September
2016-09,Jowar,Nandurbar,Shahada,15.37,15.37,16.96,5.3,2016,September
2016-09,Jowar,Buldhana,Shegaon,14.58,14.04,14.9,48.9,2016,September
2016-09,Jowar,Ahmadnagar,Shevgaon,18.98,16.2,18.98,116.1,2016,September
2016-09,Jowar,Ahmadnagar,Shevgaon-Bodhegaon,17.96,16.13,17.96,100.3,2016,September
2016-09,Jowar,Dhule,Shirpur,16.47,14.9,17.89,21.5,2016,September
2016-09,Jowar,Pune,Shirur,15.96,15.41,16.17,11.4,2016,September
2016-09,Jowar,Ahmadnagar,Shrigonda,18.06,16.33,21.25,32.8,2016,September
2016-09,Jowar,Ahmadnagar,Shrirampur,16.2,14.82,16.87,15.9,2016,September
2016-09,Jowar,Ahmadnagar,Shrirampur-Belapur,16.0,16.0,16.0,0.5,2016,September
2016-09,Jowar,Aurangabad,Sillod,14.25,13.5,14.75,1.9,2016,September
2016-09,Jowar,Aurangabad,Sillod-Bharadi,14.42,13.67,14.83,1.1,2016,September
2016-09,Jowar,Buldhana,Sindkhed Raja,16.55,14.95,18.05,15.1,2016,September
2016-09,Jowar,Nasik,Sinner,15.62,13.86,18.06,14.0,2016,September
2016-09,Jowar,Solapur,Solapur,19.2,17.97,20.85,40.7,2016,September
2016-09,Jowar,Parbhani,Sonpeth,16.46,15.4,17.34,13.7,2016,September
2016-09,Jowar,Parbhani,Tadkalas,16.0,16.0,16.0,1.2,2016,September
2016-09,Jowar,Sangli,Tasgaon,17.71,16.97,18.63,135.0,2016,September
2016-09,Jowar,Akola,Telhara,13.91,13.36,14.43,45.0,2016,September
2016-09,Jowar,Osmanabad,Tuljapur,14.0,14.0,14.0,0.1,2016,September
2016-09,Jowar,Latur,Udgir,15.2,15.05,15.24,4.1,2016,September
2016-09,Jowar,Thane,Ulhasnagar,29.42,24.42,33.67,117.0,2016,September
2016-09,Jowar,Nagpur,Umared,21.0,21.0,21.0,0.3,2016,September
2016-09,Jowar,Osmanabad,Umarga,15.67,14.9,16.48,4.1,2016,September
2016-09,Jowar,Satara,Vaduj,20.75,20.13,21.38,163.0,2016,September
2016-09,Jowar,Aurangabad,Vaijapur,17.05,16.24,17.36,65.2,2016,September
2016-09,Jowar,Amaravathi,Varud-Rajura Bazar,14.71,14.63,14.77,1.1,2016,September
2016-09,Jowar,Wasim,Washim,16.3,15.13,16.82,66.5,2016,September
2016-09,Jowar,Wasim,Washim-Ansing,13.37,12.6,13.62,2.4,2016,September
2016-09,Jowar,Jalgaon,Yawal,12.78,11.1,13.67,7.1,2016,September
2016-09,Jowar,Nasik,Yeola,15.89,15.8,15.92,10.5,2016,September
2016-09,Jowar,Yewatmal,Yeotmal,16.0,16.0,16.0,0.8,2016,September
2016-09,Onion,Ahmadnagar,Ahmednagar,7.38,1.1,9.85,19531.9,2016,September
2016-09,Onion,Solapur,Akluj,5.68,2.95,7.53,63.0,2016,September
2016-09,Onion,Ahmadnagar,Akole,4.85,0.5,7.71,753.8,2016,September
2016-09,Onion,Amaravathi,Amarawati,6.78,3.53,10.03,255.5,2016,September
2016-09,Onion,Amaravathi,Amarawati-Fruit And Vegetables,6.58,3.52,8.96,549.0,2016,September
2016-09,Onion,Aurangabad,Aurangabad,3.66,1.66,5.67,1538.3,2016,September
2016-09,Onion,Pune,Baramati,5.29,2.17,7.7,199.4,2016,September
2016-09,Onion,Jalgaon,Chalisgaon,3.32,2.13,5.06,2606.3,2016,September
2016-09,Onion,Chandrapur,Chandrapur-Ganjwad,7.08,5.95,8.4,959.9,2016,September
2016-09,Onion,Nasik,Chandvad,3.94,1.85,5.39,4682.0,2016,September
2016-09,Onion,Nasik,Devala,4.08,1.31,5.36,8148.5,2016,September
2016-09,Onion,Dhule,Dhule,3.69,1.3,4.91,7915.9,2016,September
2016-09,Onion,Jalgaon,Jalgaon,3.86,2.12,5.81,410.5,2016,September
2016-09,Onion,Pune,Junnar,6.86,4.43,8.07,4475.1,2016,September
2016-09,Onion,Pune,Junnar (Alephata),6.0,3.14,8.69,5307.1,2016,September
2016-09,Onion,Nasik,Kalvan,4.38,1.25,6.39,11970.0,2016,September
2016-09,Onion,Thane,Kalyan,6.43,5.47,7.24,9.3,2016,September
2016-09,Onion,Nagpur,Kamthi,8.0,6.0,10.25,10.5,2016,September
2016-09,Onion,Satara,Karad,9.32,5.14,9.32,390.0,2016,September
2016-09,Onion,Pune,Khed-Chakan,4.93,3.29,6.5,517.5,2016,September
2016-09,Onion,Kolhapur,Kolhapur,6.57,1.32,9.16,7948.6,2016,September
2016-09,Onion,Ahmadnagar,Kopargaon,5.51,1.08,7.03,5603.6,2016,September
2016-09,Onion,Solapur,Kurdwadi,4.02,1.36,6.68,37.5,2016,September
2016-09,Onion,Solapur,Kurdwadi-Modnimb,4.0,2.63,5.65,10.1,2016,September
2016-09,Onion,Nasik,Lasalgaon,4.4,1.15,6.48,14164.5,2016,September
2016-09,Onion,Nasik,Lasalgaon-Niphad,3.34,1.05,4.72,4403.7,2016,September
2016-09,Onion,Aurangabad,Lasur Station,3.0,1.0,6.5,895.0,2016,September
2016-09,Onion,Satara,Lonand,4.39,1.5,5.99,306.9,2016,September
2016-09,Onion,Nasik,Malegaon,3.6,1.48,5.38,6560.0,2016,September
2016-09,Onion,Buldhana,Malkapur,3.22,1.75,4.86,602.6,2016,September
2016-09,Onion,Pune,Manchar,4.6,2.9,6.56,2112.1,2016,September
2016-09,Onion,Solapur,Mangalwedha,5.14,3.69,6.14,6.3,2016,September
2016-09,Onion,Nasik,Manmad,3.49,1.49,5.52,7440.0,2016,September
2016-09,Onion,Mumbai,Mumbai-Onion And Potato Mkt,5.78,4.58,6.53,17330.0,2016,September
2016-09,Onion,Nagpur,Nagpur,6.37,2.99,7.48,3326.5,2016,September
2016-09,Onion,Nasik,Nampur,2.94,1.04,5.43,7184.5,2016,September
2016-09,Onion,Nasik,Nandgaon,3.72,1.09,5.48,2576.0,2016,September
2016-09,Onion,Buldhana,Nandura,5.13,2.28,5.13,103.0,2016,September
2016-09,Onion,Nasik,Nashik,4.36,1.49,6.17,3680.3,2016,September
2016-09,Onion,Nandurbar,Navapur,2.81,2.75,3.75,8.3,2016,September
2016-09,Onion,Ahmadnagar,Newasa-Ghodegaon,6.11,1.0,9.11,25873.3,2016,September
2016-09,Onion,Osmanabad,Osmanabad,7.0,7.0,7.0,0.3,2016,September
2016-09,Onion,Aurangabad,Paithan,6.75,1.5,8.0,146.1,2016,September
2016-09,Onion,Thane,Palghar(Bevur),8.32,8.32,8.32,43.9,2016,September
2016-09,Onion,Solapur,Pandharpur,5.23,0.66,8.03,338.4,2016,September
2016-09,Onion,Osmanabad,Paranda,2.75,1.5,5.5,13.6,2016,September
2016-09,Onion,Ahmadnagar,Parner,5.5,1.5,7.5,1297.3,2016,September
2016-09,Onion,Ahmadnagar,Pathardi,6.68,1.75,8.88,827.2,2016,September
2016-09,Onion,Satara,Phaltan,5.0,1.0,8.3,667.2,2016,September
2016-09,Onion,Nasik,Pimpalgaon (B)-Saykheda,3.06,1.47,4.58,8694.5,2016,September
2016-09,Onion,Nasik,Pimpalgaon Basawant,3.92,1.54,6.94,36283.6,2016,September
2016-09,Onion,Pune,Pune,6.63,3.37,7.61,17652.5,2016,September
2016-09,Onion,Pune,Pune-Manjri,6.67,6.33,7.08,4.3,2016,September
2016-09,Onion,Pune,Pune-Moshi,6.14,4.61,7.67,77.1,2016,September
2016-09,Onion,Pune,Pune-Pimpri,6.54,5.97,6.86,11.7,2016,September
2016-09,Onion,Ahmadnagar,Rahata,5.17,1.33,9.17,6673.7,2016,September
2016-09,Onion,Ahmadnagar,Rahuri,6.03,2.0,9.27,8752.4,2016,September
2016-09,Onion,Ahmadnagar,Rahuri-Vambori,4.65,1.0,8.25,6317.4,2016,September
2016-09,Onion,Nagpur,Ramtek,9.22,8.56,10.0,11.5,2016,September
2016-09,Onion,Dhule,Sakri,2.64,1.0,3.95,3181.0,2016,September
2016-09,Onion,Ahmadnagar,Sangamner,6.53,2.57,9.33,5352.4,2016,September
2016-09,Onion,Sangli,Sangli-Phale Bhajipalam,6.94,3.27,10.42,2021.2,2016,September
2016-09,Onion,Nasik,Satana,4.49,1.78,6.05,15971.4,2016,September
2016-09,Onion,Satara,Satara,5.56,3.5,7.75,367.5,2016,September
2016-09,Onion,Ahmadnagar,Shrigonda,4.0,3.0,6.0,2.3,2016,September
2016-09,Onion,Ahmadnagar,Shrirampur,5.83,1.5,8.5,10755.7,2016,September
2016-09,Onion,Nasik,Sinner,3.34,0.52,5.68,8309.1,2016,September
2016-09,Onion,Solapur,Solapur,4.65,1.0,11.3,16462.4,2016,September
2016-09,Onion,Thane,Ulhasnagar,10.08,8.53,11.74,363.2,2016,September
2016-09,Onion,Nasik,Umrane,4.78,2.16,6.1,22900.0,2016,September
2016-09,Onion,Satara,Vai,6.2,4.5,7.0,55.0,2016,September
2016-09,Onion,Sangli,Vita,6.03,4.61,7.51,12.2,2016,September
2016-09,Onion,Nasik,Yeola,3.48,1.25,5.86,13350.0,2016,September
2016-09,Rice,Gondiya,Aamgaon,16.97,16.3,17.51,197.0,2016,September
2016-09,Rice,Gadchiroli,Aheri,15.6031,15.6031,15.6031,119.0,2016,September
2016-09,Rice,Ahmadnagar,Akole,16.45,15.0,21.3,21.3,2016,September
2016-09,Rice,Raigad,Alibag,27.94,25.215,30.67,138.0,2016,September
2016-09,Rice,Gondiya,Arjuni Morgaon,20.63,20.24,20.63,452.5,2016,September
2016-09,Rice,Gadchiroli,Armori,19.53,18.93,19.81,254.7,2016,September
2016-09,Rice,Gadchiroli,Armori-Desaiganj,18.43,17.06,20.52,2102.8,2016,September
2016-09,Rice,Solapur,Barshi,18.0,17.97,18.02,39.4,2016,September
2016-09,Rice,Solapur,Barshi-Vairag,13.01,13.01,13.01,0.1,2016,September
2016-09,Rice,Bhandara,Bhandara,30.76,29.77,31.6,14.9,2016,September
2016-09,Rice,Thane,Bhivandi,27.35,23.72,34.84,65020.0,2016,September
2016-09,Rice,Nagpur,Bhiwapur,23.27,23.13,23.47,58.7,2016,September
2016-09,Rice,Chandrapur,Brahmpuri,22.61,21.78,23.53,249.6,2016,September
2016-09,Rice,Gadchiroli,Chamorshi,23.51,22.95,23.98,3041.0,2016,September
2016-09,Rice,Chandrapur,Chimur,23.46,23.09,23.86,540.3,2016,September
2016-09,Rice,Nasik,Devala,16.3,16.15,16.3,0.2,2016,September
2016-09,Rice,Gadchiroli,Gadchiroli,19.92,19.01,20.28,377.2,2016,September
2016-09,Rice,Gondiya,Gondiya,16.72,16.14,17.28,848.5,2016,September
2016-09,Rice,Chandrapur,Gondpimpri,24.55,24.23,24.8,210.8,2016,September
2016-09,Rice,Pune,Indapur-Bhigwan,17.23,17.11,17.28,31.7,2016,September
2016-09,Rice,Thane,Kalyan,31.67,20.89,39.11,2.7,2016,September
2016-09,Rice,Raigad,Karjat (Raigad),30.0,20.0,44.0,139.6,2016,September
2016-09,Rice,Kolhapur,Kolhapur-Laxmipuri,30.91,21.0,48.95,250.5,2016,September
2016-09,Rice,Bhandara,Lakhani,21.91,21.64,22.43,83.8,2016,September
2016-09,Rice,Nasik,Lasalgaon,18.38,17.51,18.38,0.6,2016,September
2016-09,Rice,Raigad,Mangaon(Bhadav),27.92,18.54,37.23,30.7,2016,September
2016-09,Rice,Chandrapur,Mul,23.67,21.23,24.52,2109.3,2016,September
2016-09,Rice,Mumbai,Mumbai,57.99,43.79,72.18,47492.3,2016,September
2016-09,Rice,Thane,Murbad,15.5,14.5,16.5,5.9,2016,September
2016-09,Rice,Raigad,Murud,22.7917,20.3593,25.2293,123.0,2016,September
2016-09,Rice,Chandrapur,Nagbhid,22.78,20.72,22.78,1290.8,2016,September
2016-09,Rice,Nagpur,Nagpur,29.67,27.61,30.42,160.9,2016,September
2016-09,Rice,Nandurbar,Nandurbar,24.28,24.28,24.28,2.1,2016,September
2016-09,Rice,Pune,Nira-Saswad,27.08,21.5,32.66,5.2,2016,September
2016-09,Rice,Jalgaon,Pachora,13.97,13.91,14.05,5.8,2016,September
2016-09,Rice,Thane,Palghar(Bevur),27.41,23.7,31.33,451.6,2016,September
2016-09,Rice,Bhandara,Pavani,21.99,21.73,22.15,84.0,2016,September
2016-09,Rice,Raigad,Pen,22.1755,20.5845,28.4395,39.6,2016,September
2016-09,Rice,Chandrapur,Pombhurni,21.1,20.3,23.0,118.4,2016,September
2016-09,Rice,Pune,Pune,50.09,41.14,57.77,2278.6,2016,September
2016-09,Rice,Jalgaon,Raver,15.36,15.0,15.36,0.7,2016,September
2016-09,Rice,Raigad,Roha,14.15,14.1,14.2,3.4,2016,September
2016-09,Rice,Gondiya,Sadak Arjuni,14.5,14.1,14.5,134.0,2016,September
2016-09,Rice,Sangli,Sangali,44.55,20.32,55.86,1528.6,2016,September
2016-09,Rice,Chandrapur,Savali,24.27,23.99,24.55,514.9,2016,September
2016-09,Rice,Chandrapur,Sindevahi,22.04,22.04,22.98,388.0,2016,September
2016-09,Rice,Gadchiroli,Sironcha,19.7349,19.7349,19.7349,788.5,2016,September
2016-09,Rice,Solapur,Solapur,32.07,22.16,55.09,1119.3,2016,September
2016-09,Rice,Gondiya,Tiroda,17.66,17.1,18.22,1061.4,2016,September
2016-09,Rice,Bhandara,Tumsar,18.8087,18.0124,19.3332,2800.8,2016,September
2016-09,Rice,Thane,Ulhasnagar,47.57,33.49,59.26,493.5,2016,September
2016-09,Rice,Nagpur,Umared,35.0,20.0,39.57,182.5,2016,September
2016-09,Rice,Chandrapur,Varora,17.5,16.0,19.0,0.7,2016,September
2016-09,Rice,Thane,Vasai,26.99,21.0,40.03,602.7,2016,September
2016-09,Soybean,Yewatmal,Aarni,31.15,29.33,32.67,148.5,2016,September
2016-09,Soybean,Amaravathi,Achalpur,30.66,29.5,31.82,235.0,2016,September
2016-09,Soybean,Gadchiroli,Aheri,34.0,34.0,34.0,3.7,2016,September
2016-09,Soybean,Latur,Ahmedpur,32.2,31.71,32.71,32.4,2016,September
2016-09,Soybean,Hingoli,Akhadabalapur,33.55,32.8,34.3,19.6,2016,September
2016-09,Soybean,Akola,Akola,30.66,28.72,32.66,601.1,2016,September
2016-09,Soybean,Ahmadnagar,Akole,30.0,28.8,31.45,5.8,2016,September
2016-09,Soybean,Akola,Akot,29.89,27.82,31.88,245.0,2016,September
2016-09,Soybean,Jalgaon,Amalner,29.0,25.5,29.0,0.6,2016,September
2016-09,Soybean,Amaravathi,Amarawati,30.48,28.36,32.61,1084.5,2016,September
2016-09,Soybean,Beed,Ambejogai,33.4,31.08,34.01,172.9,2016,September
2016-09,Soybean,Amaravathi,Anajngaon Surji,26.95,24.45,29.27,79.1,2016,September
2016-09,Soybean,Latur,Ausa,31.87,29.03,33.04,46.6,2016,September
2016-09,Soybean,Yewatmal,Babhulgaon,31.78,30.12,33.11,148.0,2016,September
2016-09,Soybean,Akola,Balapur,31.38,28.0,32.88,18.7,2016,September
2016-09,Soybean,Solapur,Barshi-Vairag,31.49,29.98,32.39,10.7,2016,September
2016-09,Soybean,Hingoli,Basmat,28.5,28.0,29.0,7.5,2016,September
2016-09,Soybean,Hingoli,Basmat (Kurunda),28.5,28.5,28.5,6.0,2016,September
2016-09,Soybean,Beed,Beed,30.25,30.1,30.3,0.7,2016,September
2016-09,Soybean,Bhandara,Bhandara,40.0,40.0,40.0,0.1,2016,September
2016-09,Soybean,Nanded,Bhokar,30.86,30.21,31.54,26.1,2016,September
2016-09,Soybean,Jalna,Bhokardan,31.14,30.58,31.75,9.0,2016,September
2016-09,Soybean,Jalna,Bhokardan-Pimpalgaon Renu,35.08,34.67,35.5,4.4,2016,September
2016-09,Soybean,Parbhani,Bori,33.0,33.0,33.0,0.7,2016,September
2016-09,Soybean,Buldhana,Buldhana,31.05,30.09,32.0,37.4,2016,September
2016-09,Soybean,Buldhana,Buldhana-Dhad,31.19,30.38,32.0,79.9,2016,September
2016-09,Soybean,Latur,Chakur,32.36,31.96,33.13,7.4,2016,September
2016-09,Soybean,Amaravathi,Chandur Bajar,29.47,26.75,31.63,51.8,2016,September
2016-09,Soybean,Amaravathi,Chandur Rly.,29.89,29.48,30.91,17.0,2016,September
2016-09,Soybean,Buldhana,Chikhali,32.11,31.55,32.64,332.8,2016,September
2016-09,Soybean,Jalgaon,Chopda,29.16,27.15,29.44,10.6,2016,September
2016-09,Soybean,Amaravathi,Daryapur,30.04,29.59,30.53,50.9,2016,September
2016-09,Soybean,Amaravathi,Dhamangaon-Rly,30.67,29.43,32.92,239.5,2016,September
2016-09,Soybean,Amaravathi,Dharni,77.5,77.0,78.0,5.0,2016,September
2016-09,Soybean,Dhule,Dhule,30.38,29.9,30.95,5.8,2016,September
2016-09,Soybean,Yewatmal,Digras,32.54,31.4,33.12,43.0,2016,September
2016-09,Soybean,Beed,Gevrai,29.22,28.17,29.65,2.2,2016,September
2016-09,Soybean,Wardha,Hinganghat,30.22,28.13,32.66,795.4,2016,September
2016-09,Soybean,Hingoli,Hingoli,33.38,30.66,33.38,303.4,2016,September
2016-09,Soybean,Pune,Indapur,31.51,31.51,31.51,0.1,2016,September
2016-09,Soybean,Pune,Indapur-Bhigwan,29.26,28.33,29.63,0.4,2016,September
2016-09,Soybean,Buldhana,Jalgaon Jamod-Aasalgaon,29.42,27.83,31.0,21.8,2016,September
2016-09,Soybean,Latur,Jalkot,35.06,35.06,35.06,10.1,2016,September
2016-09,Soybean,Jalna,Jalna,31.18,30.2,31.48,46.8,2016,September
2016-09,Soybean,Ahmadnagar,Jamkhed,29.33,28.22,30.44,7.7,2016,September
2016-09,Soybean,Parbhani,Jintur,31.77,31.46,32.24,27.9,2016,September
2016-09,Soybean,Osmanabad,Kalamb (Os),32.04,27.36,34.21,132.3,2016,September
2016-09,Soybean,Nasik,Kalvan,30.31,30.31,30.31,2.0,2016,September
2016-09,Soybean,Wasim,Karanja,31.56,30.09,33.13,624.5,2016,September
2016-09,Soybean,Nagpur,Katol,29.79,28.97,30.5,47.7,2016,September
2016-09,Soybean,Beed,Kej,32.3,30.46,33.11,9.9,2016,September
2016-09,Soybean,Buldhana,Khamgaon,30.64,27.22,32.81,1562.2,2016,September
2016-09,Soybean,Beed,Kille Dharur,32.23,30.08,32.38,10.7,2016,September
2016-09,Soybean,Ahmadnagar,Kopargaon,30.52,28.34,30.77,9.8,2016,September
2016-09,Soybean,Nasik,Lasalgaon,32.13,23.21,32.74,139.5,2016,September
2016-09,Soybean,Nasik,Lasalgaon-Niphad,32.23,30.83,32.45,13.8,2016,September
2016-09,Soybean,Nasik,Lasalgaon-Vinchur,31.84,27.31,32.26,19.6,2016,September
2016-09,Soybean,Aurangabad,Lasur Station,30.91,30.91,31.66,2.7,2016,September
2016-09,Soybean,Latur,Latur,34.36,32.51,35.21,4068.2,2016,September
2016-09,Soybean,Latur,Latur-Murud,33.62,32.95,34.1,40.8,2016,September
2016-09,Soybean,Osmanabad,Lohara,26.5,23.63,31.86,6.8,2016,September
2016-09,Soybean,Buldhana,Lonar,32.36,31.78,32.97,226.6,2016,September
2016-09,Soybean,Beed,Majalgaon,31.54,30.18,32.58,16.5,2016,September
2016-09,Soybean,Wasim,Malegaon (Washim),32.29,31.09,33.28,58.3,2016,September
2016-09,Soybean,Buldhana,Malkapur,31.74,29.79,32.46,149.2,2016,September
2016-09,Soybean,Wasim,Mangrulpeer,33.44,29.11,34.48,372.1,2016,September
2016-09,Soybean,Wasim,Manora,31.5,30.11,32.89,123.3,2016,September
2016-09,Soybean,Jalna,Mantha,27.5,27.0,31.0,1.5,2016,September
2016-09,Soybean,Buldhana,Mehkar,32.9,32.28,33.83,1036.8,2016,September
2016-09,Soybean,Amaravathi,Morshi,29.07,28.13,29.63,42.3,2016,September
2016-09,Soybean,Akola,Murtizapur,31.45,30.37,32.67,277.5,2016,September
2016-09,Soybean,Osmanabad,Murum,32.27,32.27,32.27,1.1,2016,September
2016-09,Soybean,Nagpur,Nagpur,31.88,29.25,32.75,7.4,2016,September
2016-09,Soybean,Nanded,Naigaon,33.5,33.5,33.5,2.0,2016,September
2016-09,Soybean,Nasik,Nampur,31.0,31.0,31.0,0.1,2016,September
2016-09,Soybean,Nanded,Nanded,32.35,32.33,32.52,255.4,2016,September
2016-09,Soybean,Amaravathi,Nandgaon Khandeshwar,29.33,28.03,30.56,23.5,2016,September
2016-09,Soybean,Buldhana,Nandura,32.21,28.55,32.27,91.7,2016,September
2016-09,Soybean,Yewatmal,Ner Parasopant,32.33,31.61,33.06,52.5,2016,September
2016-09,Soybean,Latur,Nilanga,33.5,31.5,34.0,3.9,2016,September
2016-09,Soybean,Osmanabad,Osmanabad,29.94,29.82,32.94,4.7,2016,September
2016-09,Soybean,Jalgaon,Pachora,28.0,28.0,28.0,0.6,2016,September
2016-09,Soybean,Parbhani,Palam,31.5,31.5,31.5,3.6,2016,September
2016-09,Soybean,Parbhani,Parbhani,32.14,31.61,32.42,18.2,2016,September
2016-09,Soybean,Beed,Parli-Vaijnath,33.37,32.66,33.94,83.3,2016,September
2016-09,Soybean,Parbhani,Pathari,29.67,29.5,30.91,1.0,2016,September
2016-09,Soybean,Akola,Patur,30.96,29.44,32.33,29.8,2016,September
2016-09,Soybean,Parbhani,Purna,33.01,32.6,33.09,9.7,2016,September
2016-09,Soybean,Yewatmal,Pusad,32.86,31.33,33.43,75.0,2016,September
2016-09,Soybean,Ahmadnagar,Rahata,31.25,31.25,31.5,1.4,2016,September
2016-09,Soybean,Ahmadnagar,Rahuri-Vambori,29.46,29.46,29.46,3.5,2016,September
2016-09,Soybean,Wasim,Risod,31.97,30.51,33.48,829.6,2016,September
2016-09,Soybean,Parbhani,Sailu,31.75,31.5,34.01,0.4,2016,September
2016-09,Soybean,Sangli,Sangali,34.0,29.5,35.0,19.8,2016,September
2016-09,Soybean,Ahmadnagar,Sangamner,30.0,30.0,30.0,0.2,2016,September
2016-09,Soybean,Buldhana,Sangrampur-Varvatbakal,29.13,28.13,29.75,2.6,2016,September
2016-09,Soybean,Nagpur,Savner,26.0,26.0,26.0,0.1,2016,September
2016-09,Soybean,Hingoli,Sengaon,31.93,31.01,32.86,53.5,2016,September
2016-09,Soybean,Buldhana,Shegaon,30.3,28.96,31.22,20.1,2016,September
2016-09,Soybean,Dhule,Shirpur,28.57,27.5,30.0,3.1,2016,September
2016-09,Soybean,Ahmadnagar,Shrigonda,30.0,30.0,30.0,0.4,2016,September
2016-09,Soybean,Aurangabad,Sillod,31.06,30.0,32.03,23.0,2016,September
2016-09,Soybean,Aurangabad,Sillod-Bharadi,31.71,30.67,32.67,1.9,2016,September
2016-09,Soybean,Wardha,Sindi (Selu),30.6,28.75,31.8,7.9,2016,September
2016-09,Soybean,Buldhana,Sindkhed Raja,29.0,27.0,31.0,0.5,2016,September
2016-09,Soybean,Nasik,Sinner,32.09,29.37,32.37,7.0,2016,September
2016-09,Soybean,Parbhani,Sonpeth,32.48,31.62,32.86,2.4,2016,September
2016-09,Soybean,Parbhani,Tadkalas,31.0,31.0,31.0,0.4,2016,September
2016-09,Soybean,Akola,Telhara,29.73,28.56,31.14,85.5,2016,September
2016-09,Soybean,Latur,Udgir,34.36,33.8,34.36,235.1,2016,September
2016-09,Soybean,Nagpur,Umared,30.6,29.57,31.39,32.2,2016,September
2016-09,Soybean,Osmanabad,Umarga,30.39,28.51,32.07,15.5,2016,September
2016-09,Soybean,Yewatmal,Umarkhed,35.0,33.0,36.0,12.0,2016,September
2016-09,Soybean,Yewatmal,Umarkhed-Danki,36.0,34.5,37.0,14.0,2016,September
2016-09,Soybean,Satara,Vaduj,31.5,30.67,32.33,2.0,2016,September
2016-09,Soybean,Aurangabad,Vaijapur,32.68,31.56,32.93,13.6,2016,September
2016-09,Soybean,Yewatmal,Vani,28.17,27.75,28.85,2.1,2016,September
2016-09,Soybean,Chandrapur,Varora,30.05,28.63,31.42,35.3,2016,September
2016-09,Soybean,Amaravathi,Varud-Rajura Bazar,32.34,31.11,33.13,1.8,2016,September
2016-09,Soybean,Wardha,Wardha,30.57,28.64,30.96,37.4,2016,September
2016-09,Soybean,Wasim,Washim,32.84,31.34,33.71,964.0,2016,September
2016-09,Soybean,Wasim,Washim-Ansing,33.57,32.25,34.16,72.0,2016,September
2016-09,Soybean,Yewatmal,Yeotmal,32.24,30.46,33.73,335.0,2016,September
2016-10,Bajra,Ahmadnagar,Ahmednagar,14.15,12.54,15.6,121.9,2016,October
2016-10,Bajra,Latur,Ahmedpur,12.67,12.5,13.01,1.7,2016,October
2016-10,Bajra,Solapur,Akkolkot,13.5,12.96,14.65,103.2,2016,October
2016-10,Bajra,Ahmadnagar,Akole,15.94,14.44,20.0,11.4,2016,October
2016-10,Bajra,Jalgaon,Amalner,13.99,11.06,13.99,288.9,2016,October
2016-10,Bajra,Amaravathi,Amarawati,19.72,18.53,20.92,6.0,2016,October
2016-10,Bajra,Jalna,Ambad(Vadi Godri),13.87,12.73,16.74,495.1,2016,October
2016-10,Bajra,Sangli,Atpadi,17.0,16.0,18.0,15.8,2016,October
2016-10,Bajra,Pune,Baramati,16.4,14.61,19.55,549.3,2016,October
2016-10,Bajra,Solapur,Barshi,13.14,12.32,13.88,81.2,2016,October
2016-10,Bajra,Solapur,Barshi-Vairag,11.4,11.4,11.4,0.3,2016,October
2016-10,Bajra,Beed,Beed,15.12,13.85,16.29,618.0,2016,October
2016-10,Bajra,Jalna,Bhokardan,14.43,14.12,14.75,15.8,2016,October
2016-10,Bajra,Jalna,Bhokardan-Pimpalgaon Renu,14.81,14.44,15.06,3.6,2016,October
2016-10,Bajra,Jalgaon,Chalisgaon,15.17,12.62,17.15,70.2,2016,October
2016-10,Bajra,Jalgaon,Chopda,13.87,11.83,14.36,41.4,2016,October
2016-10,Bajra,Nasik,Devala,13.39,12.6,14.72,200.5,2016,October
2016-10,Bajra,Jalgaon,Dharangaon,15.15,14.05,15.95,3.0,2016,October
2016-10,Bajra,Dhule,Dhule,14.2,11.16,15.93,525.3,2016,October
2016-10,Bajra,Dhule,Dondaicha,13.37,11.19,14.66,256.9,2016,October
2016-10,Bajra,Dhule,Dondaicha-Sindkheda,11.69,10.86,13.37,79.7,2016,October
2016-10,Bajra,Pune,Dound,14.63,12.52,18.35,517.3,2016,October
2016-10,Bajra,Solapur,Dudhani,16.55,12.18,18.43,1705.7,2016,October
2016-10,Bajra,Aurangabad,Gangapur,13.22,12.51,13.97,192.4,2016,October
2016-10,Bajra,Beed,Gevrai,14.61,12.48,17.03,384.5,2016,October
2016-10,Bajra,Jalna,Ghansawangi,13.17,12.33,14.5,9.5,2016,October
2016-10,Bajra,Pune,Indapur,13.26,12.5,18.38,16.8,2016,October
2016-10,Bajra,Pune,Indapur (Nimgaon Ketki),15.75,15.0,18.0,0.9,2016,October
2016-10,Bajra,Pune,Indapur-Bhigwan,13.75,12.33,19.34,117.5,2016,October
2016-10,Bajra,Jalgaon,Jalgaon,15.15,15.15,15.15,1.9,2016,October
2016-10,Bajra,Jalgaon,Jalgaon-Masawat,11.9,11.63,11.9,5.9,2016,October
2016-10,Bajra,Jalna,Jalna,13.48,11.13,18.2,1276.3,2016,October
2016-10,Bajra,Jalna,Jalna-Badnapur,13.15,12.24,13.87,97.6,2016,October
2016-10,Bajra,Beed,Kada,13.18,11.58,16.5,241.5,2016,October
2016-10,Bajra,Beed,Kada (Ashti),13.54,11.54,15.19,19.9,2016,October
2016-10,Bajra,Osmanabad,Kalamb (Os),12.43,11.71,13.97,32.3,2016,October
2016-10,Bajra,Nasik,Kalvan,14.4,12.92,15.97,151.0,2016,October
2016-10,Bajra,Aurangabad,Kannad,14.32,12.71,15.84,31.5,2016,October
2016-10,Bajra,Solapur,Karmala,13.63,11.44,16.14,41.4,2016,October
2016-10,Bajra,Beed,Kej,15.67,13.51,18.64,17.2,2016,October
2016-10,Bajra,Buldhana,Khamgaon,11.95,11.23,12.37,8.6,2016,October
2016-10,Bajra,Beed,Kille Dharur,17.23,13.93,19.19,53.6,2016,October
2016-10,Bajra,Kolhapur,Kolhapur-Laxmipuri,20.0,19.0,21.0,13.2,2016,October
2016-10,Bajra,Ahmadnagar,Kopargaon,13.91,12.09,15.15,264.9,2016,October
2016-10,Bajra,Solapur,Kurdwadi,12.71,12.49,12.94,4.4,2016,October
2016-10,Bajra,Solapur,Kurdwadi-Modnimb,12.86,12.07,14.76,25.4,2016,October
2016-10,Bajra,Nasik,Lasalgaon,14.41,13.46,16.23,102.7,2016,October
2016-10,Bajra,Nasik,Lasalgaon-Vinchur,14.13,11.17,15.23,23.2,2016,October
2016-10,Bajra,Aurangabad,Lasur Station,12.88,11.29,14.98,463.7,2016,October
2016-10,Bajra,Latur,Latur,14.85,12.86,16.27,19.2,2016,October
2016-10,Bajra,Satara,Lonand,15.38,13.75,16.96,63.8,2016,October
2016-10,Bajra,Beed,Majalgaon,13.61,13.28,15.34,87.3,2016,October
2016-10,Bajra,Nasik,Malegaon,14.15,13.3,16.51,829.0,2016,October
2016-10,Bajra,Buldhana,Malkapur,13.75,13.5,13.93,0.7,2016,October
2016-10,Bajra,Solapur,Mangalwedha,13.92,11.95,14.21,65.2,2016,October
2016-10,Bajra,Nasik,Manmad,13.29,11.93,15.57,225.8,2016,October
2016-10,Bajra,Nasik,Nampur,12.95,11.67,14.14,118.5,2016,October
2016-10,Bajra,Nasik,Nandgaon,13.25,12.41,14.04,216.6,2016,October
2016-10,Bajra,Buldhana,Nandura,15.4,12.78,15.4,13.4,2016,October
2016-10,Bajra,Nandurbar,Nandurbar,14.81,12.79,16.76,137.8,2016,October
2016-10,Bajra,Ahmadnagar,Newasa,13.58,13.37,14.0,38.6,2016,October
2016-10,Bajra,Pune,Nira-Saswad,18.09,15.13,21.05,66.8,2016,October
2016-10,Bajra,Jalgaon,Pachora,13.43,11.01,15.61,231.9,2016,October
2016-10,Bajra,Aurangabad,Paithan,13.83,13.13,15.56,289.9,2016,October
2016-10,Bajra,Solapur,Pandharpur,13.3,13.3,13.3,1.2,2016,October
2016-10,Bajra,Beed,Parli-Vaijnath,12.04,11.82,12.39,23.3,2016,October
2016-10,Bajra,Jalgaon,Parola,11.46,9.63,13.43,888.6,2016,October
2016-10,Bajra,Jalna,Partur,13.01,12.75,13.01,0.8,2016,October
2016-10,Bajra,Ahmadnagar,Pathardi,14.52,13.45,15.54,167.8,2016,October
2016-10,Bajra,Parbhani,Pathari,14.11,13.42,16.06,9.6,2016,October
2016-10,Bajra,Satara,Phaltan,16.58,14.1,19.84,459.5,2016,October
2016-10,Bajra,Pune,Pune,21.76,20.24,22.58,88.2,2016,October
2016-10,Bajra,Yewatmal,Pusad,17.51,15.64,20.31,20.0,2016,October
2016-10,Bajra,Ahmadnagar,Rahata,12.05,11.21,13.56,109.7,2016,October
2016-10,Bajra,Ahmadnagar,Rahuri-Vambori,14.86,11.36,15.67,365.9,2016,October
2016-10,Bajra,Jalgaon,Raver,12.7,12.7,12.7,1.0,2016,October
2016-10,Bajra,Parbhani,Sailu,12.01,12.01,12.01,1.1,2016,October
2016-10,Bajra,Dhule,Sakri,11.63,10.77,12.54,30.1,2016,October
2016-10,Bajra,Sangli,Sangali,16.53,15.19,17.18,191.6,2016,October
2016-10,Bajra,Ahmadnagar,Sangamner,14.48,13.5,15.9,66.6,2016,October
2016-10,Bajra,Nasik,Satana,14.55,12.18,16.27,149.4,2016,October
2016-10,Bajra,Nandurbar,Shahada,11.75,11.36,12.28,17.8,2016,October
2016-10,Bajra,Buldhana,Shegaon,12.0,12.0,12.0,0.6,2016,October
2016-10,Bajra,Ahmadnagar,Shevgaon,12.2,10.17,12.2,281.5,2016,October
2016-10,Bajra,Ahmadnagar,Shevgaon-Bodhegaon,13.7,9.95,13.7,209.0,2016,October
2016-10,Bajra,Dhule,Shirpur,13.18,10.71,14.8,188.6,2016,October
2016-10,Bajra,Pune,Shirur,13.25,12.32,13.98,136.3,2016,October
2016-10,Bajra,Ahmadnagar,Shrigonda,14.75,13.34,16.22,165.4,2016,October
2016-10,Bajra,Ahmadnagar,Shrirampur,14.0,12.27,14.95,81.0,2016,October
2016-10,Bajra,Ahmadnagar,Shrirampur-Belapur,11.44,10.41,12.47,126.3,2016,October
2016-10,Bajra,Aurangabad,Sillod,13.54,12.96,14.04,12.8,2016,October
2016-10,Bajra,Aurangabad,Sillod-Bharadi,13.41,12.5,14.13,2.5,2016,October
2016-10,Bajra,Nasik,Sinner,14.27,12.09,17.19,105.2,2016,October
2016-10,Bajra,Solapur,Solapur,14.94,14.02,15.74,34.9,2016,October
2016-10,Bajra,Parbhani,Sonpeth,13.18,11.66,14.1,11.7,2016,October
2016-10,Bajra,Osmanabad,Tuljapur,12.5,12.17,12.58,1.4,2016,October
2016-10,Bajra,Thane,Ulhasnagar,19.49,15.85,21.77,127.0,2016,October
2016-10,Bajra,Osmanabad,Umarga,12.0,9.0,12.7,1.1,2016,October
2016-10,Bajra,Satara,Vaduj,16.55,15.95,17.15,156.5,2016,October
2016-10,Bajra,Aurangabad,Vaijapur,14.88,13.06,15.91,372.6,2016,October
2016-10,Bajra,Nasik,Yeola,13.44,13.01,14.9,179.4,2016,October
2016-10,Cotton,Wardha,Arvi,47.33,47.1,47.51,60.2,2016,October
2016-10,Cotton,Nanded,Bhokar,44.17,41.42,48.17,1495.5,2016,October
2016-10,Cotton,Buldhana,Deulgaon Raja,46.4,44.67,48.82,340.7,2016,October
2016-10,Cotton,Yewatmal,Digras,46.06,44.25,47.41,204.0,2016,October
2016-10,Cotton,Beed,Gevrai,47.0,46.0,48.0,169.1,2016,October
2016-10,Cotton,Jalna,Ghansawangi,46.5,45.0,48.5,36.0,2016,October
2016-10,Cotton,Jalgaon,Jamner,40.17,38.6,42.23,171.8,2016,October
2016-10,Cotton,Jalgaon,Jamner-Neri,39.93,38.6,41.63,95.8,2016,October
2016-10,Cotton,Nagpur,Kalmeshwar,48.79,46.72,49.53,412.6,2016,October
2016-10,Cotton,Beed,Kille Dharur,47.77,46.05,49.27,992.7,2016,October
2016-10,Cotton,Nanded,Kinwat,44.09,43.18,44.93,127.4,2016,October
2016-10,Cotton,Yewatmal,Mahagaon,45.18,43.4,46.54,801.3,2016,October
2016-10,Cotton,Nagpur,Mandhal,44.48,43.89,45.05,7.1,2016,October
2016-10,Cotton,Nandurbar,Navapur,42.71,42.0,43.0,0.7,2016,October
2016-10,Cotton,Nagpur,Parshiwani,50.51,50.51,50.51,7.5,2016,October
2016-10,Cotton,Wardha,Pulgaon,47.35,46.22,47.57,267.3,2016,October
2016-10,Cotton,Chandrapur,Rajura,44.0,43.0,45.0,6.7,2016,October
2016-10,Cotton,Yewatmal,Ralegaon,45.68,41.35,46.3,1235.7,2016,October
2016-10,Cotton,Nagpur,Savner,50.51,50.51,50.51,10.0,2016,October
2016-10,Cotton,Yewatmal,Vani,43.73,41.45,45.25,1023.5,2016,October
2016-10,Cotton,Chandrapur,Varora,46.23,44.61,47.86,98.9,2016,October
2016-10,Cotton,Wardha,Wardha,47.5,45.75,48.63,118.1,2016,October
2016-10,Cotton,Jalgaon,Yawal,45.28,40.28,50.28,208.4,2016,October
2016-10,Cotton,Yewatmal,Yeotmal,46.76,45.86,47.36,474.6,2016,October
2016-10,Jowar,Amaravathi,Achalpur,16.25,16.09,16.38,23.5,2016,October
2016-10,Jowar,Ahmadnagar,Ahmednagar,19.38,16.56,21.88,174.7,2016,October
2016-10,Jowar,Latur,Ahmedpur,15.52,13.05,18.18,182.6,2016,October
2016-10,Jowar,Solapur,Akkolkot,19.51,18.56,21.01,3.4,2016,October
2016-10,Jowar,Akola,Akola,15.05,13.05,17.06,156.0,2016,October
2016-10,Jowar,Akola,Akot,12.71,11.79,13.62,488.0,2016,October
2016-10,Jowar,Jalgaon,Amalner,18.28,14.53,18.28,2088.8,2016,October
2016-10,Jowar,Amaravathi,Amarawati,18.94,17.18,20.83,18.4,2016,October
2016-10,Jowar,Jalna,Ambad(Vadi Godri),18.29,16.53,24.51,166.2,2016,October
2016-10,Jowar,Beed,Ambejogai,16.32,16.12,16.58,6.7,2016,October
2016-10,Jowar,Amaravathi,Anajngaon Surji,13.21,9.86,15.36,63.5,2016,October
2016-10,Jowar,Sangli,Atpadi,18.0,17.0,19.0,1.2,2016,October
2016-10,Jowar,Latur,Ausa,14.11,13.1,14.63,8.2,2016,October
2016-10,Jowar,Akola,Balapur,13.4,12.6,15.2,11.0,2016,October
2016-10,Jowar,Pune,Baramati,18.28,16.34,21.76,162.5,2016,October
2016-10,Jowar,Solapur,Barshi,21.98,16.52,28.43,1408.5,2016,October
2016-10,Jowar,Solapur,Barshi-Vairag,21.32,16.99,25.77,201.0,2016,October
2016-10,Jowar,Beed,Beed,18.41,17.06,20.56,176.4,2016,October
2016-10,Jowar,Nanded,Bhokar,15.5,15.0,16.0,9.6,2016,October
2016-10,Jowar,Jalna,Bhokardan,16.31,16.03,16.53,23.2,2016,October
2016-10,Jowar,Jalna,Bhokardan-Pimpalgaon Renu,16.35,16.06,16.56,8.9,2016,October
2016-10,Jowar,Jalgaon,Bhusaval,12.35,12.03,12.64,88.1,2016,October
2016-10,Jowar,Parbhani,Bori,18.56,17.22,18.76,3.1,2016,October
2016-10,Jowar,Buldhana,Buldhana,14.25,13.25,15.44,13.5,2016,October
2016-10,Jowar,Buldhana,Buldhana-Dhad,14.0,12.0,16.0,6.0,2016,October
2016-10,Jowar,Latur,Chakur,17.01,17.01,17.01,0.1,2016,October
2016-10,Jowar,Jalgaon,Chalisgaon,13.35,12.36,14.47,58.7,2016,October
2016-10,Jowar,Amaravathi,Chandur Bajar,14.08,13.05,15.03,28.7,2016,October
2016-10,Jowar,Buldhana,Chikhali,14.4,13.2,15.64,18.3,2016,October
2016-10,Jowar,Jalgaon,Chopda,15.86,15.12,16.3,260.9,2016,October
2016-10,Jowar,Nasik,Devala,12.45,12.35,12.45,1.1,2016,October
2016-10,Jowar,Nandurbar,Dhadgaon,14.94,14.33,15.46,100.5,2016,October
2016-10,Jowar,Jalgaon,Dharangaon,11.47,11.16,11.87,71.8,2016,October
2016-10,Jowar,Amaravathi,Dharni,14.07,13.71,14.43,301.0,2016,October
2016-10,Jowar,Dhule,Dhule,14.41,13.3,15.07,502.4,2016,October
2016-10,Jowar,Yewatmal,Digras,16.82,16.79,16.92,4.5,2016,October
2016-10,Jowar,Dhule,Dondaicha,16.32,14.49,17.74,490.6,2016,October
2016-10,Jowar,Dhule,Dondaicha-Sindkheda,15.28,14.59,15.75,50.1,2016,October
2016-10,Jowar,Pune,Dound,19.73,17.29,21.66,234.3,2016,October
2016-10,Jowar,Solapur,Dudhani,20.04,18.39,20.76,10.1,2016,October
2016-10,Jowar,Parbhani,Gangakhed,17.7,17.13,18.25,22.0,2016,October
2016-10,Jowar,Aurangabad,Gangapur,17.72,17.19,18.29,94.5,2016,October
2016-10,Jowar,Beed,Gevrai,18.03,15.32,20.53,149.8,2016,October
2016-10,Jowar,Jalna,Ghansawangi,17.0,16.0,18.0,4.0,2016,October
2016-10,Jowar,Pune,Indapur,20.91,18.18,25.15,23.7,2016,October
2016-10,Jowar,Pune,Indapur (Nimgaon Ketki),17.0,16.0,22.0,1.0,2016,October
2016-10,Jowar,Pune,Indapur-Bhigwan,18.75,15.63,24.14,80.1,2016,October
2016-10,Jowar,Jalna,Jafrabad,10.0,9.0,11.0,1.0,2016,October
2016-10,Jowar,Jalgaon,Jalgaon,16.58,15.72,17.83,186.9,2016,October
2016-10,Jowar,Buldhana,Jalgaon Jamod,12.5,12.5,12.5,0.3,2016,October
2016-10,Jowar,Buldhana,Jalgaon Jamod-Aasalgaon,12.5,11.83,13.0,69.2,2016,October
2016-10,Jowar,Jalgaon,Jalgaon-Masawat,12.13,11.62,12.44,566.9,2016,October
2016-10,Jowar,Latur,Jalkot,14.44,13.56,15.13,45.4,2016,October
2016-10,Jowar,Jalna,Jalna,18.78,15.51,27.7,1253.5,2016,October
2016-10,Jowar,Jalna,Jalna-Badnapur,16.92,15.63,19.0,83.8,2016,October
2016-10,Jowar,Ahmadnagar,Jamkhed,21.57,17.71,25.42,593.1,2016,October
2016-10,Jowar,Hingoli,Jawala-Bajar,15.25,14.0,16.0,8.5,2016,October
2016-10,Jowar,Parbhani,Jintur,17.07,16.21,18.19,15.6,2016,October
2016-10,Jowar,Beed,Kada,19.61,16.07,24.58,157.4,2016,October
2016-10,Jowar,Beed,Kada (Ashti),18.5,16.38,21.56,32.6,2016,October
2016-10,Jowar,Osmanabad,Kalamb (Os),16.21,15.34,17.08,124.2,2016,October
2016-10,Jowar,Hingoli,Kalamnuri,16.5,16.5,16.5,2.0,2016,October
2016-10,Jowar,Nasik,Kalvan,12.11,12.11,12.11,2.0,2016,October
2016-10,Jowar,Aurangabad,Kannad,15.7,15.34,15.94,1.4,2016,October
2016-10,Jowar,Wasim,Karanja,18.15,18.15,19.4,15.1,2016,October
2016-10,Jowar,Solapur,Karmala,20.33,15.84,23.37,25.1,2016,October
2016-10,Jowar,Nagpur,Katol,12.97,12.77,13.17,3.5,2016,October
2016-10,Jowar,Beed,Kej,17.62,17.25,18.15,23.7,2016,October
2016-10,Jowar,Buldhana,Khamgaon,13.9,12.32,14.87,117.5,2016,October
2016-10,Jowar,Beed,Kille Dharur,17.59,16.73,18.31,23.5,2016,October
2016-10,Jowar,Kolhapur,Kolhapur-Laxmipuri,25.85,20.3,40.0,73.5,2016,October
2016-10,Jowar,Ahmadnagar,Kopargaon,15.96,14.44,16.73,47.6,2016,October
2016-10,Jowar,Solapur,Kurdwadi,19.98,16.28,23.68,16.8,2016,October
2016-10,Jowar,Solapur,Kurdwadi-Modnimb,17.06,14.07,25.17,37.0,2016,October
2016-10,Jowar,Nasik,Lasalgaon,16.23,12.67,17.26,19.9,2016,October
2016-10,Jowar,Nasik,Lasalgaon-Vinchur,14.52,12.12,14.84,3.2,2016,October
2016-10,Jowar,Aurangabad,Lasur Station,18.55,16.73,22.09,262.6,2016,October
2016-10,Jowar,Latur,Latur,16.9,16.0,18.01,613.3,2016,October
2016-10,Jowar,Latur,Latur-Murud,16.62,15.65,17.46,14.6,2016,October
2016-10,Jowar,Satara,Lonand,19.38,16.5,22.25,24.5,2016,October
2016-10,Jowar,Buldhana,Lonar,19.25,18.17,20.42,24.7,2016,October
2016-10,Jowar,Yewatmal,Mahagaon,16.0,15.0,18.0,16.1,2016,October
2016-10,Jowar,Beed,Majalgaon,17.04,15.99,17.93,53.6,2016,October
2016-10,Jowar,Buldhana,Malkapur,14.14,12.89,16.44,237.2,2016,October
2016-10,Jowar,Solapur,Mangalwedha,19.8,17.31,21.86,56.6,2016,October
2016-10,Jowar,Wasim,Mangrulpeer,12.03,12.03,12.03,0.7,2016,October
2016-10,Jowar,Nasik,Manmad,16.51,14.01,17.51,2.8,2016,October
2016-10,Jowar,Jalna,Mantha,17.75,16.88,18.28,17.5,2016,October
2016-10,Jowar,Parbhani,Manwat,17.79,17.66,18.75,12.3,2016,October
2016-10,Jowar,Buldhana,Mehkar,16.46,16.24,16.82,10.4,2016,October
2016-10,Jowar,Solapur,Mohol,21.35,16.51,22.93,52.8,2016,October
2016-10,Jowar,Amaravathi,Morshi,14.58,13.94,15.09,47.2,2016,October
2016-10,Jowar,Nanded,Naigaon,13.5,13.5,13.5,0.6,2016,October
2016-10,Jowar,Nasik,Nampur,17.0,17.0,17.0,0.1,2016,October
2016-10,Jowar,Nanded,Nanded,14.96,14.69,14.96,7.9,2016,October
2016-10,Jowar,Amaravathi,Nandgaon Khandeshwar,8.51,8.51,8.51,0.5,2016,October
2016-10,Jowar,Buldhana,Nandura,15.64,13.13,15.64,110.7,2016,October
2016-10,Jowar,Nandurbar,Nandurbar,13.32,11.03,15.6,4578.5,2016,October
2016-10,Jowar,Nandurbar,Navapur,13.0,12.5,13.84,25.4,2016,October
2016-10,Jowar,Ahmadnagar,Newasa,16.42,16.42,16.42,1.7,2016,October
2016-10,Jowar,Pune,Nira-Saswad,19.45,16.51,22.38,43.8,2016,October
2016-10,Jowar,Osmanabad,Osmanabad,19.41,17.01,21.93,15.1,2016,October
2016-10,Jowar,Jalgaon,Pachora,14.39,13.66,15.13,1878.6,2016,October
2016-10,Jowar,Aurangabad,Paithan,17.67,17.12,18.49,51.8,2016,October
2016-10,Jowar,Solapur,Pandharpur,18.49,18.46,18.54,6.7,2016,October
2016-10,Jowar,Osmanabad,Paranda,20.33,17.11,22.72,48.8,2016,October
2016-10,Jowar,Parbhani,Parbhani,17.13,16.6,17.55,33.8,2016,October
2016-10,Jowar,Beed,Parli-Vaijnath,15.42,14.7,16.63,108.8,2016,October
2016-10,Jowar,Jalgaon,Parola,11.64,9.64,13.36,5112.9,2016,October
2016-10,Jowar,Jalna,Partur,17.82,17.05,18.69,31.9,2016,October
2016-10,Jowar,Ahmadnagar,Pathardi,17.19,16.51,18.27,43.6,2016,October
2016-10,Jowar,Parbhani,Pathari,17.02,16.49,17.75,24.5,2016,October
2016-10,Jowar,Akola,Patur,14.58,13.72,15.48,12.7,2016,October
2016-10,Jowar,Satara,Phaltan,19.17,16.25,24.18,95.5,2016,October
2016-10,Jowar,Pune,Pune,27.34,25.13,28.58,1218.3,2016,October
2016-10,Jowar,Parbhani,Purna,14.96,14.76,15.1,3.1,2016,October
2016-10,Jowar,Yewatmal,Pusad,16.37,14.88,17.64,109.7,2016,October
2016-10,Jowar,Ahmadnagar,Rahata,13.08,12.93,14.13,10.9,2016,October
2016-10,Jowar,Ahmadnagar,Rahuri-Vambori,16.41,14.49,17.9,20.2,2016,October
2016-10,Jowar,Jalgaon,Raver,13.98,11.7,14.68,460.5,2016,October
2016-10,Jowar,Jalgaon,Raver-Sawada,11.38,10.63,12.13,54.5,2016,October
2016-10,Jowar,Parbhani,Sailu,18.44,17.7,19.32,47.6,2016,October
2016-10,Jowar,Sangli,Sangali,22.88,17.94,25.7,867.7,2016,October
2016-10,Jowar,Ahmadnagar,Sangamner,16.87,16.75,17.03,23.0,2016,October
2016-10,Jowar,Buldhana,Sangrampur-Varvatbakal,12.91,10.82,13.93,10.4,2016,October
2016-10,Jowar,Nagpur,Savner,11.65,11.36,11.78,2.3,2016,October
2016-10,Jowar,Hingoli,Sengaon,16.0,16.0,16.0,0.7,2016,October
2016-10,Jowar,Nandurbar,Shahada,14.53,13.48,21.67,129.2,2016,October
2016-10,Jowar,Buldhana,Shegaon,13.29,12.69,13.78,83.5,2016,October
2016-10,Jowar,Ahmadnagar,Shevgaon,20.32,17.83,20.32,86.4,2016,October
2016-10,Jowar,Ahmadnagar,Shevgaon-Bodhegaon,18.93,17.43,18.96,109.0,2016,October
2016-10,Jowar,Dhule,Shirpur,15.26,13.65,16.96,321.4,2016,October
2016-10,Jowar,Pune,Shirur,16.77,15.9,17.31,11.1,2016,October
2016-10,Jowar,Ahmadnagar,Shrigonda,18.06,16.41,21.44,34.8,2016,October
2016-10,Jowar,Ahmadnagar,Shrirampur,15.92,15.25,16.88,18.7,2016,October
2016-10,Jowar,Ahmadnagar,Shrirampur-Belapur,13.17,13.17,13.17,3.2,2016,October
2016-10,Jowar,Aurangabad,Sillod,12.0,11.5,12.5,2.3,2016,October
2016-10,Jowar,Aurangabad,Sillod-Bharadi,14.22,13.67,14.67,0.4,2016,October
2016-10,Jowar,Nasik,Sinner,15.86,12.48,19.27,24.4,2016,October
2016-10,Jowar,Solapur,Solapur,20.77,19.39,22.92,78.9,2016,October
2016-10,Jowar,Parbhani,Sonpeth,17.23,15.79,18.5,218.6,2016,October
2016-10,Jowar,Parbhani,Tadkalas,16.3,16.3,16.3,0.3,2016,October
2016-10,Jowar,Sangli,Tasgaon,18.04,17.39,18.81,142.0,2016,October
2016-10,Jowar,Akola,Telhara,13.49,12.82,14.17,73.5,2016,October
2016-10,Jowar,Osmanabad,Tuljapur,12.5,12.5,12.5,0.4,2016,October
2016-10,Jowar,Latur,Udgir,12.8,12.08,12.8,10.0,2016,October
2016-10,Jowar,Thane,Ulhasnagar,22.21,18.29,24.93,135.3,2016,October
2016-10,Jowar,Nagpur,Umared,25.0,25.0,25.0,0.5,2016,October
2016-10,Jowar,Osmanabad,Umarga,13.18,12.45,14.02,15.9,2016,October
2016-10,Jowar,Satara,Vaduj,20.78,20.11,21.44,240.0,2016,October
2016-10,Jowar,Aurangabad,Vaijapur,19.04,17.85,19.41,89.0,2016,October
2016-10,Jowar,Amaravathi,Varud,0.3,0.14,0.3,364.6,2016,October
2016-10,Jowar,Amaravathi,Varud-Rajura Bazar,6.01,5.76,6.51,406.4,2016,October
2016-10,Jowar,Wasim,Washim,14.23,13.0,14.83,10.2,2016,October
2016-10,Jowar,Wasim,Washim-Ansing,12.77,12.33,13.25,1.1,2016,October
2016-10,Jowar,Jalgaon,Yawal,12.83,11.13,13.83,116.9,2016,October
2016-10,Jowar,Nasik,Yeola,16.14,16.01,16.52,1.9,2016,October
2016-10,Onion,Ahmadnagar,Ahmednagar,7.35,0.9,10.13,14999.3,2016,October
2016-10,Onion,Solapur,Akluj,4.42,2.58,6.74,191.2,2016,October
2016-10,Onion,Ahmadnagar,Akole,5.89,0.78,9.49,1100.1,2016,October
2016-10,Onion,Jalgaon,Amalner,3.78,1.51,3.78,10.0,2016,October
2016-10,Onion,Amaravathi,Amarawati,9.48,6.0,12.96,193.3,2016,October
2016-10,Onion,Amaravathi,Amarawati-Fruit And Vegetables,7.97,4.24,11.37,278.8,2016,October
2016-10,Onion,Aurangabad,Aurangabad,3.94,1.58,6.16,1175.7,2016,October
2016-10,Onion,Pune,Baramati,4.3,2.0,7.98,168.6,2016,October
2016-10,Onion,Solapur,Barshi,10.0,10.0,10.0,0.3,2016,October
2016-10,Onion,Jalgaon,Chalisgaon,4.92,2.76,7.5,3389.5,2016,October
2016-10,Onion,Chandrapur,Chandrapur-Ganjwad,8.13,6.5,9.65,866.2,2016,October
2016-10,Onion,Nasik,Chandvad,5.8,1.86,7.57,5244.8,2016,October
2016-10,Onion,Nasik,Devala,6.3,2.24,7.66,9410.3,2016,October
2016-10,Onion,Dhule,Dhule,4.95,1.33,6.85,4209.1,2016,October
2016-10,Onion,Jalgaon,Jalgaon,4.95,3.05,6.93,334.0,2016,October
2016-10,Onion,Pune,Junnar,8.06,5.72,9.28,8115.6,2016,October
2016-10,Onion,Pune,Junnar (Alephata),7.45,3.18,10.34,9759.3,2016,October
2016-10,Onion,Pune,Junnar-Otur,8.9,5.6,9.84,7724.6,2016,October
2016-10,Onion,Beed,Kada,6.5,1.0,9.0,348.2,2016,October
2016-10,Onion,Nasik,Kalvan,6.82,1.94,9.23,7205.0,2016,October
2016-10,Onion,Thane,Kalyan,6.6,5.1,7.5,3.0,2016,October
2016-10,Onion,Nagpur,Kamthi,7.81,5.0,9.25,13.0,2016,October
2016-10,Onion,Satara,Karad,8.54,4.75,8.54,604.2,2016,October
2016-10,Onion,Pune,Khed-Chakan,5.07,3.14,7.14,431.0,2016,October
2016-10,Onion,Kolhapur,Kolhapur,6.09,1.52,9.51,9076.6,2016,October
2016-10,Onion,Ahmadnagar,Kopargaon,6.62,1.45,9.43,4041.3,2016,October
2016-10,Onion,Solapur,Kurdwadi,4.33,1.44,7.24,62.9,2016,October
2016-10,Onion,Solapur,Kurdwadi-Modnimb,3.8,1.84,6.95,79.7,2016,October
2016-10,Onion,Nasik,Lasalgaon,5.67,2.39,7.74,19726.5,2016,October
2016-10,Onion,Nasik,Lasalgaon-Niphad,5.08,1.75,6.56,4522.5,2016,October
2016-10,Onion,Aurangabad,Lasur Station,4.35,1.6,8.07,1374.8,2016,October
2016-10,Onion,Satara,Lonand,5.56,1.88,7.51,740.4,2016,October
2016-10,Onion,Nasik,Malegaon,5.15,1.55,6.94,4100.0,2016,October
2016-10,Onion,Buldhana,Malkapur,5.45,3.5,7.24,83.5,2016,October
2016-10,Onion,Pune,Manchar,5.93,3.36,7.73,2713.9,2016,October
2016-10,Onion,Solapur,Mangalwedha,5.98,4.15,7.46,47.7,2016,October
2016-10,Onion,Nasik,Manmad,5.46,2.02,7.22,5707.7,2016,October
2016-10,Onion,Mumbai,Mumbai-Onion And Potato Mkt,6.75,5.88,7.33,17938.0,2016,October
2016-10,Onion,Nagpur,Nagpur,6.83,3.19,8.03,7137.7,2016,October
2016-10,Onion,Nasik,Nampur,5.94,2.64,8.51,11197.0,2016,October
2016-10,Onion,Nasik,Nandgaon,5.41,1.7,7.5,2837.9,2016,October
2016-10,Onion,Buldhana,Nandura,4.6,2.33,5.02,101.0,2016,October
2016-10,Onion,Nasik,Nashik,4.79,1.59,7.47,5037.2,2016,October
2016-10,Onion,Nandurbar,Navapur,2.87,2.75,3.0,20.0,2016,October
2016-10,Onion,Ahmadnagar,Newasa-Ghodegaon,6.75,1.25,10.25,24515.2,2016,October
2016-10,Onion,Aurangabad,Paithan,4.67,1.43,6.83,193.8,2016,October
2016-10,Onion,Thane,Palghar(Bevur),6.15,5.37,6.5,21.9,2016,October
2016-10,Onion,Solapur,Pandharpur,5.3,1.17,9.29,395.7,2016,October
2016-10,Onion,Ahmadnagar,Parner,6.07,1.71,8.24,2145.4,2016,October
2016-10,Onion,Ahmadnagar,Pathardi,6.38,2.0,8.57,389.6,2016,October
2016-10,Onion,Satara,Phaltan,4.5,1.0,8.01,635.9,2016,October
2016-10,Onion,Nasik,Pimpalgaon (B)-Saykheda,4.07,1.49,6.8,11681.8,2016,October
2016-10,Onion,Nasik,Pimpalgaon Basawant,5.34,1.82,9.21,28986.5,2016,October
2016-10,Onion,Pune,Pune,6.52,3.38,7.96,21508.5,2016,October
2016-10,Onion,Pune,Pune-Manjri,6.81,6.5,7.33,7.7,2016,October
2016-10,Onion,Pune,Pune-Moshi,6.69,5.5,7.88,76.2,2016,October
2016-10,Onion,Pune,Pune-Pimpri,6.18,5.52,6.5,16.6,2016,October
2016-10,Onion,Ahmadnagar,Rahata,6.1,1.0,10.4,4400.7,2016,October
2016-10,Onion,Ahmadnagar,Rahuri-Vambori,5.79,1.0,9.92,5886.1,2016,October
2016-10,Onion,Nagpur,Ramtek,10.0,9.29,11.14,10.3,2016,October
2016-10,Onion,Dhule,Sakri,3.77,1.13,7.62,7873.0,2016,October
2016-10,Onion,Ahmadnagar,Sangamner,7.14,2.67,9.84,4645.8,2016,October
2016-10,Onion,Sangli,Sangli-Phale Bhajipalam,7.37,1.63,9.71,3954.8,2016,October
2016-10,Onion,Nasik,Satana,6.38,1.93,8.85,15059.4,2016,October
2016-10,Onion,Satara,Satara,6.13,3.75,8.5,490.8,2016,October
2016-10,Onion,Dhule,Shirpur,5.75,2.0,8.0,53.4,2016,October
2016-10,Onion,Ahmadnagar,Shrirampur,6.7,1.0,10.0,7615.5,2016,October
2016-10,Onion,Nasik,Sinner,4.75,0.57,7.72,3492.1,2016,October
2016-10,Onion,Solapur,Solapur,5.22,1.0,12.21,29406.7,2016,October
2016-10,Onion,Thane,Ulhasnagar,6.89,5.89,7.91,380.0,2016,October
2016-10,Onion,Nasik,Umrane,5.89,3.38,9.24,23733.0,2016,October
2016-10,Onion,Satara,Vai,7.2,4.75,7.75,50.8,2016,October
2016-10,Onion,Aurangabad,Vaijapur,5.5,1.5,11.0,195.7,2016,October
2016-10,Onion,Sangli,Vita,7.0,4.33,9.33,12.6,2016,October
2016-10,Onion,Jalgaon,Yawal,4.0,3.0,5.0,16.0,2016,October
2016-10,Onion,Nasik,Yeola,4.93,1.8,7.57,13088.0,2016,October
2016-10,Rice,Gondiya,Aamgaon,14.45,14.01,14.91,452.3,2016,October
2016-10,Rice,Gadchiroli,Aheri,19.8678,19.8485,19.8968,112.0,2016,October
2016-10,Rice,Solapur,Akkolkot,7.01,7.01,7.01,0.3,2016,October
2016-10,Rice,Ahmadnagar,Akole,16.5,15.0,21.13,24.0,2016,October
2016-10,Rice,Raigad,Alibag,27.54,24.945,30.13,150.0,2016,October
2016-10,Rice,Gondiya,Arjuni Morgaon,19.58,19.3,19.58,703.9,2016,October
2016-10,Rice,Gadchiroli,Armori,18.61,18.32,18.91,283.5,2016,October
2016-10,Rice,Gadchiroli,Armori-Desaiganj,18.1,16.58,18.44,1728.2,2016,October
2016-10,Rice,Solapur,Barshi,17.81,17.32,17.89,39.5,2016,October
2016-10,Rice,Bhandara,Bhandara,31.87,30.91,32.87,31.2,2016,October
2016-10,Rice,Thane,Bhivandi,26.39,22.52,34.94,73295.0,2016,October
2016-10,Rice,Nagpur,Bhiwapur,22.45,22.29,22.73,37.3,2016,October
2016-10,Rice,Chandrapur,Brahmpuri,22.21,21.63,22.83,583.5,2016,October
2016-10,Rice,Gadchiroli,Chamorshi,24.24,23.75,24.74,2227.4,2016,October
2016-10,Rice,Chandrapur,Chimur,23.63,23.15,24.12,641.9,2016,October
2016-10,Rice,Yewatmal,Digras,11.95,11.95,11.95,0.1,2016,October
2016-10,Rice,Gadchiroli,Gadchiroli,19.34,18.66,19.72,223.1,2016,October
2016-10,Rice,Gondiya,Gondiya,15.51,14.69,16.1,2861.1,2016,October
2016-10,Rice,Chandrapur,Gondpimpri,24.79,24.33,25.08,62.1,2016,October
2016-10,Rice,Gondiya,Goregaon,14.37,13.93,14.79,61.2,2016,October
2016-10,Rice,Pune,Indapur,11.76,11.76,12.0,0.2,2016,October
2016-10,Rice,Pune,Indapur-Bhigwan,17.0,16.26,17.11,14.3,2016,October
2016-10,Rice,Raigad,Karjat (Raigad),26.0985,18.5025,37.9418,266.5,2016,October
2016-10,Rice,Kolhapur,Kolhapur-Laxmipuri,30.6,21.0,49.03,253.5,2016,October
2016-10,Rice,Bhandara,Lakhandur,16.9926,16.8167,17.2301,465.9,2016,October
2016-10,Rice,Bhandara,Lakhani,23.34,23.15,23.51,324.6,2016,October
2016-10,Rice,Nasik,Lasalgaon,16.01,16.0,17.41,0.2,2016,October
2016-10,Rice,Nasik,Lasalgaon-Vinchur,13.71,13.7,13.71,0.3,2016,October
2016-10,Rice,Raigad,Mangaon(Bhadav),27.47,18.11,36.31,41.8,2016,October
2016-10,Rice,Nagpur,Mauda,20.0,18.0,22.0,47.6,2016,October
2016-10,Rice,Chandrapur,Mul,23.74,21.57,24.85,1500.8,2016,October
2016-10,Rice,Mumbai,Mumbai,62.58,48.16,77.02,43666.2,2016,October
2016-10,Rice,Raigad,Murud,23.18,20.595,25.76,138.0,2016,October
2016-10,Rice,Chandrapur,Nagbhid,22.62,20.5,22.62,1070.5,2016,October
2016-10,Rice,Nagpur,Nagpur,28.45,26.32,29.17,265.6,2016,October
2016-10,Rice,Nandurbar,Nandurbar,35.0,35.0,35.0,0.4,2016,October
2016-10,Rice,Nandurbar,Navapur,12.3,12.2,12.4,10.1,2016,October
2016-10,Rice,Pune,Nira-Saswad,28.94,24.13,33.75,4.3,2016,October
2016-10,Rice,Jalgaon,Pachora,13.26,13.26,13.26,0.6,2016,October
2016-10,Rice,Thane,Palghar(Bevur),29.84,25.02,33.83,754.0,2016,October
2016-10,Rice,Bhandara,Pavani,20.91,20.58,21.07,96.6,2016,October
2016-10,Rice,Raigad,Pen,22.9714,21.2907,29.518,26.4,2016,October
2016-10,Rice,Chandrapur,Pombhurni,20.01,19.16,21.74,850.7,2016,October
2016-10,Rice,Pune,Pune,47.68,38.63,55.42,2763.5,2016,October
2016-10,Rice,Jalgaon,Raver,14.21,14.04,14.21,0.4,2016,October
2016-10,Rice,Raigad,Roha,14.94,14.93,14.95,3.3,2016,October
2016-10,Rice,Gondiya,Sadak Arjuni,14.58,14.28,14.58,93.0,2016,October
2016-10,Rice,Sangli,Sangali,44.89,20.79,57.68,1287.6,2016,October
2016-10,Rice,Chandrapur,Savali,24.41,24.06,24.75,449.8,2016,October
2016-10,Rice,Chandrapur,Sindevahi,22.48,22.48,23.55,553.0,2016,October
2016-10,Rice,Nasik,Sinner,14.0,13.0,15.0,0.2,2016,October
2016-10,Rice,Gadchiroli,Sironcha,20.0,20.0,20.0,1186.0,2016,October
2016-10,Rice,Solapur,Solapur,30.18,21.25,52.52,883.1,2016,October
2016-10,Rice,Gondiya,Tiroda,16.87,16.18,17.55,2383.4,2016,October
2016-10,Rice,Bhandara,Tumsar,18.5782,17.8403,19.1925,4559.6,2016,October
2016-10,Rice,Thane,Ulhasnagar,45.09,33.64,54.7,469.6,2016,October
2016-10,Rice,Nagpur,Umared,35.0,20.0,39.75,246.5,2016,October
2016-10,Rice,Thane,Vasai,27.5,19.32,42.98,350.5,2016,October
2016-10,Soybean,Yewatmal,Aarni,26.36,21.95,28.6,920.0,2016,October
2016-10,Soybean,Amaravathi,Achalpur,28.18,26.82,29.49,1083.0,2016,October
2016-10,Soybean,Ahmadnagar,Ahmednagar,25.6,22.06,28.7,330.8,2016,October
2016-10,Soybean,Latur,Ahmedpur,25.07,20.51,29.83,681.4,2016,October
2016-10,Soybean,Hingoli,Akhadabalapur,28.3,27.79,28.76,371.4,2016,October
2016-10,Soybean,Akola,Akola,26.8,23.65,29.97,10943.1,2016,October
2016-10,Soybean,Ahmadnagar,Akole,28.75,28.15,30.0,30.6,2016,October
2016-10,Soybean,Akola,Akot,25.89,22.41,29.37,2539.5,2016,October
2016-10,Soybean,Jalgaon,Amalner,25.95,23.9,25.95,36.3,2016,October
2016-10,Soybean,Amaravathi,Amarawati,26.55,23.96,29.14,21349.3,2016,October
2016-10,Soybean,Jalna,Ambad(Vadi Godri),21.7,18.97,25.84,366.3,2016,October
2016-10,Soybean,Beed,Ambejogai,28.97,24.37,30.07,561.4,2016,October
2016-10,Soybean,Amaravathi,Anajngaon Surji,23.61,19.5,27.87,2522.6,2016,October
2016-10,Soybean,Wardha,Arvi,24.81,21.63,28.31,939.3,2016,October
2016-10,Soybean,Wardha,Ashti-Karanja,26.72,25.53,27.77,361.5,2016,October
2016-10,Soybean,Latur,Ausa,26.44,16.7,29.0,1228.0,2016,October
2016-10,Soybean,Yewatmal,Babhulgaon,26.08,21.41,29.76,644.5,2016,October
2016-10,Soybean,Akola,Balapur,26.1,24.15,27.6,434.2,2016,October
2016-10,Soybean,Solapur,Barshi,22.69,18.26,27.51,563.1,2016,October
2016-10,Soybean,Solapur,Barshi-Vairag,23.68,19.68,26.21,322.7,2016,October
2016-10,Soybean,Hingoli,Basmat,27.07,25.77,28.39,1586.0,2016,October
2016-10,Soybean,Hingoli,Basmat (Kurunda),27.1,26.01,28.09,522.0,2016,October
2016-10,Soybean,Beed,Beed,28.06,25.73,29.43,85.2,2016,October
2016-10,Soybean,Bhandara,Bhandara,32.38,30.9,33.08,10.6,2016,October
2016-10,Soybean,Nagpur,Bhiwapur,26.23,24.54,27.28,414.1,2016,October
2016-10,Soybean,Nanded,Bhokar,27.15,25.87,28.49,328.9,2016,October
2016-10,Soybean,Jalna,Bhokardan,25.26,24.87,25.59,471.9,2016,October
2016-10,Soybean,Jalna,Bhokardan-Pimpalgaon Renu,24.5,24.0,24.88,66.4,2016,October
2016-10,Soybean,Parbhani,Bori,24.05,21.83,25.65,428.6,2016,October
2016-10,Soybean,Buldhana,Buldhana,25.27,21.82,28.8,288.0,2016,October
2016-10,Soybean,Buldhana,Buldhana-Dhad,26.5,23.95,28.9,300.1,2016,October
2016-10,Soybean,Latur,Chakur,28.32,28.1,29.3,48.7,2016,October
2016-10,Soybean,Chandrapur,Chandrapur,25.42,19.21,26.93,268.9,2016,October
2016-10,Soybean,Amaravathi,Chandur Bajar,27.22,23.15,30.54,2795.4,2016,October
2016-10,Soybean,Amaravathi,Chandur Rly.,26.25,22.88,28.6,508.1,2016,October
2016-10,Soybean,Buldhana,Chikhali,27.53,23.17,33.99,4874.0,2016,October
2016-10,Soybean,Jalgaon,Chopda,27.93,23.53,28.71,84.6,2016,October
2016-10,Soybean,Amaravathi,Daryapur,26.05,20.81,27.97,1827.8,2016,October
2016-10,Soybean,Amaravathi,Dhamangaon-Rly,24.07,21.18,27.37,1288.5,2016,October
2016-10,Soybean,Amaravathi,Dharni,25.36,24.86,25.79,191.0,2016,October
2016-10,Soybean,Dhule,Dhule,26.06,24.62,27.52,15.5,2016,October
2016-10,Soybean,Yewatmal,Digras,28.26,25.35,29.09,485.8,2016,October
2016-10,Soybean,Parbhani,Gangakhed,27.9,27.75,28.0,190.5,2016,October
2016-10,Soybean,Aurangabad,Gangapur,25.71,24.83,26.54,14.1,2016,October
2016-10,Soybean,Beed,Gevrai,27.03,24.74,28.21,19.6,2016,October
2016-10,Soybean,Jalna,Ghansawangi,23.88,21.88,25.13,771.8,2016,October
2016-10,Soybean,Nanded,Hadgaon,29.0,28.0,30.0,210.0,2016,October
2016-10,Soybean,Nanded,Hadgaon-Tamsa,29.0,28.0,30.0,161.0,2016,October
2016-10,Soybean,Nanded,Hanegaon,18.55,15.05,19.45,1.4,2016,October
2016-10,Soybean,Wardha,Hinganghat,28.46,26.25,30.67,7611.9,2016,October
2016-10,Soybean,Hingoli,Hingoli,29.53,27.64,29.82,2244.7,2016,October
2016-10,Soybean,Hingoli,Hingoli-Kanegaon Naka,31.07,28.79,32.79,73.7,2016,October
2016-10,Soybean,Pune,Indapur,24.01,20.76,27.5,14.9,2016,October
2016-10,Soybean,Pune,Indapur-Bhigwan,25.25,20.5,26.96,13.0,2016,October
2016-10,Soybean,Jalna,Jafrabad,23.88,22.67,24.92,93.3,2016,October
2016-10,Soybean,Buldhana,Jalgaon Jamod,25.33,22.0,27.0,39.2,2016,October
2016-10,Soybean,Buldhana,Jalgaon Jamod-Aasalgaon,26.28,22.33,28.61,340.6,2016,October
2016-10,Soybean,Latur,Jalkot,25.02,22.73,26.76,981.4,2016,October
2016-10,Soybean,Jalna,Jalna,25.43,17.53,28.39,25619.5,2016,October
2016-10,Soybean,Jalna,Jalna-Badnapur,25.25,16.75,29.25,1694.4,2016,October
2016-10,Soybean,Hingoli,Jawala-Bajar,29.01,27.68,29.94,2548.0,2016,October
2016-10,Soybean,Parbhani,Jintur,26.52,24.3,28.56,859.4,2016,October
2016-10,Soybean,Beed,Kada,21.5,17.29,25.93,46.4,2016,October
2016-10,Soybean,Beed,Kada (Ashti),22.6,18.5,26.01,19.7,2016,October
2016-10,Soybean,Osmanabad,Kalamb (Os),26.09,19.06,30.07,3021.9,2016,October
2016-10,Soybean,Yewatmal,Kalamb (Yawatmal),28.0,27.75,28.75,41.0,2016,October
2016-10,Soybean,Hingoli,Kalamnuri,27.76,26.65,28.31,580.0,2016,October
2016-10,Soybean,Nagpur,Kalmeshwar,28.41,27.95,28.84,189.6,2016,October
2016-10,Soybean,Nasik,Kalvan,28.05,27.61,28.33,44.6,2016,October
2016-10,Soybean,Wasim,Karanja,27.87,24.66,30.95,7423.0,2016,October
2016-10,Soybean,Nagpur,Katol,26.82,24.28,28.72,410.5,2016,October
2016-10,Soybean,Beed,Kej,30.55,30.45,32.23,2.2,2016,October
2016-10,Soybean,Buldhana,Khamgaon,26.75,20.77,30.51,21293.0,2016,October
2016-10,Soybean,Beed,Kille Dharur,28.01,25.96,28.72,143.0,2016,October
2016-10,Soybean,Nanded,Kinwat,26.73,26.25,27.25,438.3,2016,October
2016-10,Soybean,Ahmadnagar,Kopargaon,27.88,25.76,28.46,217.0,2016,October
2016-10,Soybean,Chandrapur,Korpana,26.59,26.03,27.63,69.1,2016,October
2016-10,Soybean,Solapur,Kurdwadi,18.45,16.9,20.0,4.4,2016,October
2016-10,Soybean,Nasik,Lasalgaon,30.44,24.61,31.55,53.7,2016,October
2016-10,Soybean,Nasik,Lasalgaon-Niphad,28.76,26.21,29.18,108.8,2016,October
2016-10,Soybean,Nasik,Lasalgaon-Vinchur,28.19,22.35,29.19,520.2,2016,October
2016-10,Soybean,Aurangabad,Lasur Station,26.8,21.88,27.28,253.8,2016,October
2016-10,Soybean,Latur,Latur,30.6,21.22,32.27,24513.0,2016,October
2016-10,Soybean,Latur,Latur-Murud,27.8,21.03,29.67,258.7,2016,October
2016-10,Soybean,Osmanabad,Lohara,26.01,17.56,30.51,9.2,2016,October
2016-10,Soybean,Buldhana,Lonar,28.6,28.04,30.21,7557.5,2016,October
2016-10,Soybean,Yewatmal,Mahagaon,28.0,27.78,29.08,191.1,2016,October
2016-10,Soybean,Beed,Majalgaon,28.1,27.67,28.41,1654.5,2016,October
2016-10,Soybean,Wasim,Malegaon (Washim),28.22,25.08,29.87,2590.0,2016,October
2016-10,Soybean,Buldhana,Malkapur,27.07,22.02,29.72,7720.0,2016,October
2016-10,Soybean,Nagpur,Mandhal,27.16,26.59,27.82,319.3,2016,October
2016-10,Soybean,Wasim,Mangrulpeer,30.38,21.53,32.17,4344.5,2016,October
2016-10,Soybean,Wasim,Manora,28.86,27.89,30.41,1047.2,2016,October
2016-10,Soybean,Jalna,Mantha,25.56,23.9,26.31,261.7,2016,October
2016-10,Soybean,Parbhani,Manwat,25.25,23.88,27.04,832.9,2016,October
2016-10,Soybean,Nagpur,Mauda,25.97,24.54,27.77,441.1,2016,October
2016-10,Soybean,Buldhana,Mehkar,28.43,25.63,31.31,3798.1,2016,October
2016-10,Soybean,Amaravathi,Morshi,25.52,23.81,27.19,860.3,2016,October
2016-10,Soybean,Nanded,Mukhed,27.81,26.69,28.81,28.9,2016,October
2016-10,Soybean,Akola,Murtizapur,27.2,24.05,29.51,4660.0,2016,October
2016-10,Soybean,Osmanabad,Murum,29.98,29.21,30.75,5.0,2016,October
2016-10,Soybean,Nagpur,Nagpur,28.57,25.88,29.67,3074.4,2016,October
2016-10,Soybean,Nanded,Naigaon,26.8,23.8,28.52,48.2,2016,October
2016-10,Soybean,Nasik,Nampur,25.0,25.0,25.0,0.2,2016,October
2016-10,Soybean,Nanded,Nanded,26.28,25.09,27.1,223.2,2016,October
2016-10,Soybean,Amaravathi,Nandgaon Khandeshwar,25.11,22.26,27.95,901.5,2016,October
2016-10,Soybean,Buldhana,Nandura,28.7,22.49,28.7,2129.6,2016,October
2016-10,Soybean,Nandurbar,Nandurbar,26.39,23.83,28.05,382.5,2016,October
2016-10,Soybean,Nagpur,Narkhed,25.64,23.84,27.86,19.6,2016,October
2016-10,Soybean,Nandurbar,Navapur,28.06,27.66,29.09,68.4,2016,October
2016-10,Soybean,Yewatmal,Ner Parasopant,27.39,26.25,28.46,1261.1,2016,October
2016-10,Soybean,Osmanabad,Osmanabad,24.86,20.48,27.38,83.8,2016,October
2016-10,Soybean,Jalgaon,Pachora,26.71,24.68,28.74,1770.2,2016,October
2016-10,Soybean,Aurangabad,Paithan,27.15,26.51,28.65,65.0,2016,October
2016-10,Soybean,Parbhani,Palam,27.0,27.0,27.0,4.1,2016,October
2016-10,Soybean,Yewatmal,Pandharkawada,24.91,19.89,26.18,346.7,2016,October
2016-10,Soybean,Parbhani,Parbhani,27.76,25.1,28.54,1764.0,2016,October
2016-10,Soybean,Beed,Parli-Vaijnath,28.17,25.65,29.79,949.6,2016,October
2016-10,Soybean,Jalna,Partur,25.71,22.92,27.77,2108.1,2016,October
2016-10,Soybean,Parbhani,Pathari,22.36,16.63,26.42,2011.0,2016,October
2016-10,Soybean,Akola,Patur,25.5,22.1,26.85,794.8,2016,October
2016-10,Soybean,Wardha,Pulgaon,27.38,24.97,28.25,478.5,2016,October
2016-10,Soybean,Parbhani,Purna,28.14,27.43,28.51,326.5,2016,October
2016-10,Soybean,Yewatmal,Pusad,29.35,23.59,31.14,1555.3,2016,October
2016-10,Soybean,Ahmadnagar,Rahata,26.74,26.19,27.24,93.0,2016,October
2016-10,Soybean,Ahmadnagar,Rahuri-Vambori,24.7,21.12,27.56,385.7,2016,October
2016-10,Soybean,Chandrapur,Rajura,25.41,21.5,27.36,122.5,2016,October
2016-10,Soybean,Yewatmal,Ralegaon,27.0,23.0,28.0,2.5,2016,October
2016-10,Soybean,Wasim,Risod,29.17,27.93,30.58,3645.1,2016,October
2016-10,Soybean,Parbhani,Sailu,26.52,21.78,27.65,771.7,2016,October
2016-10,Soybean,Dhule,Sakri,26.8,26.52,27.57,10.9,2016,October
2016-10,Soybean,Wardha,Samudrapur,26.33,24.43,29.27,191.9,2016,October
2016-10,Soybean,Sangli,Sangali,30.76,28.54,31.68,338.3,2016,October
2016-10,Soybean,Buldhana,Sangrampur-Varvatbakal,24.96,20.58,27.48,86.2,2016,October
2016-10,Soybean,Nagpur,Savner,26.23,22.91,28.13,128.1,2016,October
2016-10,Soybean,Hingoli,Sengaon,29.22,28.24,30.34,1001.9,2016,October
2016-10,Soybean,Nandurbar,Shahada,26.6,23.34,28.04,1195.0,2016,October
2016-10,Soybean,Buldhana,Shegaon,28.58,24.9,28.96,1385.2,2016,October
2016-10,Soybean,Ahmadnagar,Shevgaon,25.17,23.25,25.17,37.0,2016,October
2016-10,Soybean,Ahmadnagar,Shevgaon-Bodhegaon,20.67,19.33,20.67,3.3,2016,October
2016-10,Soybean,Dhule,Shirpur,25.95,20.73,27.67,305.1,2016,October
2016-10,Soybean,Pune,Shirur,24.04,23.5,24.11,4.9,2016,October
2016-10,Soybean,Ahmadnagar,Shrigonda,30.8,29.1,32.6,26.2,2016,October
2016-10,Soybean,Ahmadnagar,Shrirampur,25.5,25.0,26.0,14.7,2016,October
2016-10,Soybean,Ahmadnagar,Shrirampur-Belapur,24.5,23.0,26.0,181.7,2016,October
2016-10,Soybean,Aurangabad,Sillod,25.29,23.83,26.75,382.2,2016,October
2016-10,Soybean,Aurangabad,Sillod-Bharadi,26.67,25.33,28.0,5.0,2016,October
2016-10,Soybean,Wardha,Sindi,26.16,23.13,28.42,580.8,2016,October
2016-10,Soybean,Wardha,Sindi (Selu),27.49,25.43,29.6,2295.0,2016,October
2016-10,Soybean,Nasik,Sinner,28.62,26.12,29.26,13.4,2016,October
2016-10,Soybean,Parbhani,Sonpeth,26.77,22.2,28.8,1046.6,2016,October
2016-10,Soybean,Parbhani,Tadkalas,27.86,27.86,27.86,191.5,2016,October
2016-10,Soybean,Sangli,Tasgaon,28.25,27.9,29.0,7.5,2016,October
2016-10,Soybean,Akola,Telhara,26.46,25.0,28.07,1570.0,2016,October
2016-10,Soybean,Osmanabad,Tuljapur,26.63,24.08,27.13,142.5,2016,October
2016-10,Soybean,Latur,Udgir,33.48,25.87,33.48,5506.1,2016,October
2016-10,Soybean,Nagpur,Umared,27.83,25.28,28.99,2442.1,2016,October
2016-10,Soybean,Osmanabad,Umarga,26.02,21.45,28.38,308.0,2016,October
2016-10,Soybean,Yewatmal,Umarkhed,27.48,26.48,28.53,2206.0,2016,October
2016-10,Soybean,Yewatmal,Umarkhed-Danki,27.61,26.67,28.7,1781.0,2016,October
2016-10,Soybean,Satara,Vaduj,29.08,28.63,29.5,235.0,2016,October
2016-10,Soybean,Aurangabad,Vaijapur,27.31,24.96,27.7,41.7,2016,October
2016-10,Soybean,Yewatmal,Vani,25.66,23.51,27.17,96.9,2016,October
2016-10,Soybean,Chandrapur,Varora,24.96,22.7,27.23,442.0,2016,October
2016-10,Soybean,Amaravathi,Varud,1.0,0.22,1.0,610.7,2016,October
2016-10,Soybean,Amaravathi,Varud-Rajura Bazar,27.19,18.16,29.44,18.8,2016,October
2016-10,Soybean,Wardha,Wardha,27.31,24.54,29.78,1466.9,2016,October
2016-10,Soybean,Wasim,Washim,29.36,26.62,30.66,3665.0,2016,October
2016-10,Soybean,Wasim,Washim-Ansing,28.85,26.96,30.33,745.0,2016,October
2016-10,Soybean,Jalgaon,Yawal,25.0,20.0,30.0,4.6,2016,October
2016-10,Soybean,Nasik,Yeola,27.75,27.75,27.8,0.9,2016,October
2016-10,Soybean,Yewatmal,Yeotmal,27.81,24.62,30.47,1863.8,2016,October
2016-10,Soybean,Yewatmal,Zarijamini,24.25,18.26,26.21,103.3,2016,October
2016-11,Bajra,Ahmadnagar,Ahmednagar,16.48,14.53,18.1,29.8,2016,November
2016-11,Bajra,Latur,Ahmedpur,11.7,11.33,12.08,5.8,2016,November
2016-11,Bajra,Solapur,Akkolkot,14.38,14.38,14.38,6.7,2016,November
2016-11,Bajra,Akola,Akola,18.13,17.38,18.88,2.9,2016,November
2016-11,Bajra,Ahmadnagar,Akole,15.88,14.5,19.5,6.0,2016,November
2016-11,Bajra,Jalgaon,Amalner,14.35,11.6,14.35,111.0,2016,November
2016-11,Bajra,Amaravathi,Amarawati,19.71,18.21,21.18,5.7,2016,November
2016-11,Bajra,Jalna,Ambad(Vadi Godri),12.71,11.65,17.48,135.2,2016,November
2016-11,Bajra,Beed,Ambejogai,15.0,13.9,16.51,0.2,2016,November
2016-11,Bajra,Sangli,Atpadi,17.0,16.0,18.0,1.2,2016,November
2016-11,Bajra,Pune,Baramati,18.5,15.81,20.94,366.6,2016,November
2016-11,Bajra,Solapur,Barshi,12.37,11.81,12.89,14.4,2016,November
2016-11,Bajra,Beed,Beed,14.84,13.59,16.35,229.5,2016,November
2016-11,Bajra,Jalna,Bhokardan,14.26,14.03,14.4,2.8,2016,November
2016-11,Bajra,Jalna,Bhokardan-Pimpalgaon Renu,14.4,14.05,14.58,2.0,2016,November
2016-11,Bajra,Parbhani,Bori,15.0,15.0,15.0,1.1,2016,November
2016-11,Bajra,Latur,Chakur,13.63,13.63,13.63,0.3,2016,November
2016-11,Bajra,Jalgaon,Chalisgaon,15.25,11.76,16.75,48.5,2016,November
2016-11,Bajra,Jalgaon,Chopda,14.23,13.12,14.31,14.3,2016,November
2016-11,Bajra,Nasik,Devala,14.88,13.66,16.65,48.7,2016,November
2016-11,Bajra,Dhule,Dhule,14.99,10.8,17.06,236.1,2016,November
2016-11,Bajra,Dhule,Dondaicha,14.19,11.79,15.6,93.9,2016,November
2016-11,Bajra,Dhule,Dondaicha-Sindkheda,11.52,10.84,12.43,14.3,2016,November
2016-11,Bajra,Pune,Dound,15.48,12.37,20.12,309.1,2016,November
2016-11,Bajra,Solapur,Dudhani,16.11,12.5,18.3,162.2,2016,November
2016-11,Bajra,Aurangabad,Gangapur,14.5,13.98,15.03,85.6,2016,November
2016-11,Bajra,Beed,Gevrai,13.1,12.07,16.39,684.0,2016,November
2016-11,Bajra,Pune,Indapur,17.0,11.51,18.0,1.7,2016,November
2016-11,Bajra,Pune,Indapur-Bhigwan,15.5,13.71,21.91,64.2,2016,November
2016-11,Bajra,Jalgaon,Jalgaon,14.39,13.78,14.94,8.2,2016,November
2016-11,Bajra,Jalna,Jalna,14.37,12.26,19.59,489.9,2016,November
2016-11,Bajra,Jalna,Jalna-Badnapur,12.5,12.5,12.5,3.2,2016,November
2016-11,Bajra,Beed,Kada,14.08,12.7,17.35,54.8,2016,November
2016-11,Bajra,Beed,Kada (Ashti),13.0,11.76,16.26,8.0,2016,November
2016-11,Bajra,Osmanabad,Kalamb (Os),11.69,10.82,12.98,22.5,2016,November
2016-11,Bajra,Nasik,Kalvan,15.06,13.59,16.5,24.2,2016,November
2016-11,Bajra,Aurangabad,Kannad,14.68,13.33,16.02,16.2,2016,November
2016-11,Bajra,Solapur,Karmala,13.25,10.63,15.56,19.9,2016,November
2016-11,Bajra,Beed,Kej,12.4,11.81,16.69,65.7,2016,November
2016-11,Bajra,Buldhana,Khamgaon,14.66,14.16,15.04,4.1,2016,November
2016-11,Bajra,Beed,Kille Dharur,14.0,12.19,15.74,31.6,2016,November
2016-11,Bajra,Kolhapur,Kolhapur-Laxmipuri,20.0,19.06,21.06,12.5,2016,November
2016-11,Bajra,Ahmadnagar,Kopargaon,13.2,11.38,14.12,70.9,2016,November
2016-11,Bajra,Solapur,Kurdwadi,14.21,14.21,14.21,0.6,2016,November
2016-11,Bajra,Solapur,Kurdwadi-Modnimb,15.09,13.93,16.02,4.9,2016,November
2016-11,Bajra,Nasik,Lasalgaon,17.35,12.93,19.75,58.8,2016,November
2016-11,Bajra,Nasik,Lasalgaon-Vinchur,13.37,12.24,15.13,6.3,2016,November
2016-11,Bajra,Aurangabad,Lasur Station,13.35,11.59,15.3,118.9,2016,November
2016-11,Bajra,Latur,Latur,14.5,12.5,16.1,25.2,2016,November
2016-11,Bajra,Satara,Lonand,16.13,14.15,17.75,27.9,2016,November
2016-11,Bajra,Beed,Majalgaon,13.46,13.3,15.6,68.0,2016,November
2016-11,Bajra,Nasik,Malegaon,15.48,13.32,18.17,281.5,2016,November
2016-11,Bajra,Buldhana,Malkapur,13.99,13.75,14.94,2.4,2016,November
2016-11,Bajra,Solapur,Mangalwedha,13.93,12.22,14.32,17.7,2016,November
2016-11,Bajra,Nasik,Manmad,16.52,14.16,19.75,64.4,2016,November
2016-11,Bajra,Jalna,Mantha,14.25,14.0,14.5,1.2,2016,November
2016-11,Bajra,Nasik,Nampur,14.49,12.7,15.82,239.2,2016,November
2016-11,Bajra,Buldhana,Nandura,13.97,12.2,13.97,6.7,2016,November
2016-11,Bajra,Nandurbar,Nandurbar,15.78,12.87,18.21,112.7,2016,November
2016-11,Bajra,Ahmadnagar,Newasa,13.99,13.88,14.1,13.8,2016,November
2016-11,Bajra,Pune,Nira-Saswad,18.77,15.6,21.95,36.2,2016,November
2016-11,Bajra,Jalgaon,Pachora,12.12,10.74,13.51,43.4,2016,November
2016-11,Bajra,Aurangabad,Paithan,14.19,13.39,15.71,78.2,2016,November
2016-11,Bajra,Beed,Parli-Vaijnath,11.13,11.07,11.38,42.2,2016,November
2016-11,Bajra,Jalgaon,Parola,10.86,9.97,11.89,96.0,2016,November
2016-11,Bajra,Jalna,Partur,13.0,12.5,13.0,0.7,2016,November
2016-11,Bajra,Ahmadnagar,Pathardi,15.25,13.5,17.12,114.2,2016,November
2016-11,Bajra,Satara,Phaltan,18.75,13.4,22.05,155.3,2016,November
2016-11,Bajra,Pune,Pune,23.13,21.26,24.15,325.7,2016,November
2016-11,Bajra,Yewatmal,Pusad,19.15,14.45,21.2,2.4,2016,November
2016-11,Bajra,Ahmadnagar,Rahata,12.36,11.99,13.05,43.9,2016,November
2016-11,Bajra,Ahmadnagar,Rahuri-Vambori,15.12,12.05,16.44,137.0,2016,November
2016-11,Bajra,Jalgaon,Raver,9.0,9.0,9.0,0.1,2016,November
2016-11,Bajra,Dhule,Sakri,12.72,11.85,14.06,73.5,2016,November
2016-11,Bajra,Sangli,Sangali,17.34,15.9,18.08,193.7,2016,November
2016-11,Bajra,Ahmadnagar,Sangamner,16.16,13.49,17.76,123.5,2016,November
2016-11,Bajra,Nasik,Satana,15.76,13.36,17.88,56.2,2016,November
2016-11,Bajra,Nandurbar,Shahada,12.89,12.75,12.98,7.2,2016,November
2016-11,Bajra,Buldhana,Shegaon,11.9,11.9,11.9,0.6,2016,November
2016-11,Bajra,Ahmadnagar,Shevgaon,12.72,11.51,12.72,126.1,2016,November
2016-11,Bajra,Ahmadnagar,Shevgaon-Bodhegaon,12.44,11.02,12.44,114.9,2016,November
2016-11,Bajra,Dhule,Shirpur,13.81,10.93,16.14,76.0,2016,November
2016-11,Bajra,Pune,Shirur,13.29,12.6,14.11,52.7,2016,November
2016-11,Bajra,Ahmadnagar,Shrigonda,14.0,10.83,14.83,30.8,2016,November
2016-11,Bajra,Ahmadnagar,Shrirampur,13.89,11.76,15.16,116.1,2016,November
2016-11,Bajra,Ahmadnagar,Shrirampur-Belapur,11.33,10.78,11.89,64.8,2016,November
2016-11,Bajra,Aurangabad,Sillod,13.64,13.14,14.14,5.8,2016,November
2016-11,Bajra,Aurangabad,Sillod-Bharadi,13.5,12.83,14.0,1.4,2016,November
2016-11,Bajra,Nasik,Sinner,16.4,14.09,17.72,27.4,2016,November
2016-11,Bajra,Solapur,Solapur,15.46,14.96,16.03,6.1,2016,November
2016-11,Bajra,Thane,Ulhasnagar,18.89,15.85,20.85,213.0,2016,November
2016-11,Bajra,Osmanabad,Umarga,12.16,10.87,13.57,0.9,2016,November
2016-11,Bajra,Satara,Vaduj,17.39,16.78,18.0,111.5,2016,November
2016-11,Bajra,Beed,Vadvani,16.0,16.0,16.7,0.2,2016,November
2016-11,Bajra,Aurangabad,Vaijapur,16.18,14.06,17.3,82.1,2016,November
2016-11,Bajra,Nasik,Yeola,13.53,13.25,14.56,28.3,2016,November
2016-11,Cotton,Gadchiroli,Aheri,43.78,43.78,43.78,93.5,2016,November
2016-11,Cotton,Hingoli,Akhadabalapur,48.25,47.22,49.22,76.2,2016,November
2016-11,Cotton,Akola,Akot,51.2,50.85,51.61,1242.5,2016,November
2016-11,Cotton,Amaravathi,Amarawati,49.72,49.36,50.07,395.1,2016,November
2016-11,Cotton,Wardha,Arvi,49.61,49.29,49.87,6468.6,2016,November
2016-11,Cotton,Wardha,Ashti (Wardha),41.44,41.04,41.73,3133.0,2016,November
2016-11,Cotton,Akola,Barshi Takli,47.86,46.05,48.96,207.4,2016,November
2016-11,Cotton,Hingoli,Basmat,48.0,47.5,48.5,7.0,2016,November
2016-11,Cotton,Chandrapur,Bhadrawati,48.5,48.14,48.89,1010.3,2016,November
2016-11,Cotton,Nagpur,Bhiwapur,47.43,46.5,48.49,368.7,2016,November
2016-11,Cotton,Nanded,Bhokar,48.74,47.55,49.63,2835.3,2016,November
2016-11,Cotton,Chandrapur,Chimur,48.35,47.48,49.07,574.6,2016,November
2016-11,Cotton,Yewatmal,Darwha,46.5,45.0,48.0,5.2,2016,November
2016-11,Cotton,Buldhana,Deulgaon Raja,47.91,46.81,49.33,1440.0,2016,November
2016-11,Cotton,Amaravathi,Dhamangaon-Rly,49.09,48.64,49.72,405.0,2016,November
2016-11,Cotton,Amaravathi,Dharni,42.31,41.81,42.81,51.5,2016,November
2016-11,Cotton,Yewatmal,Digras,47.42,46.6,48.17,418.8,2016,November
2016-11,Cotton,Aurangabad,Fulambri,47.87,47.13,48.97,685.0,2016,November
2016-11,Cotton,Parbhani,Gangakhed,48.83,41.6,49.89,256.9,2016,November
2016-11,Cotton,Beed,Gevrai,47.92,46.38,48.95,9379.0,2016,November
2016-11,Cotton,Jalna,Ghansawangi,48.42,47.42,49.33,106.0,2016,November
2016-11,Cotton,Yewatmal,Ghatanji,48.62,47.78,49.47,5046.1,2016,November
2016-11,Cotton,Nanded,Hadgaon-Tamsa,48.0,46.0,50.0,343.0,2016,November
2016-11,Cotton,Wardha,Hinganghat,48.44,47.29,50.15,14507.0,2016,November
2016-11,Cotton,Jalna,Jafrabad,48.59,47.44,49.56,162.7,2016,November
2016-11,Cotton,Jalna,Jalna,48.89,48.57,49.31,288.4,2016,November
2016-11,Cotton,Jalna,Jalna-Badnapur,49.67,45.24,50.28,896.8,2016,November
2016-11,Cotton,Jalgaon,Jamner,46.6,44.81,48.07,625.1,2016,November
2016-11,Cotton,Jalgaon,Jamner-Neri,46.38,44.61,47.89,277.7,2016,November
2016-11,Cotton,Hingoli,Jawala-Bajar,48.0,46.56,49.44,105.9,2016,November
2016-11,Cotton,Nagpur,Kalmeshwar,48.68,47.38,49.23,3548.4,2016,November
2016-11,Cotton,Nagpur,Katol,48.78,47.97,49.55,374.3,2016,November
2016-11,Cotton,Beed,Kille Dharur,49.76,49.46,50.08,5295.2,2016,November
2016-11,Cotton,Nanded,Kinwat,45.26,44.24,46.26,286.7,2016,November
2016-11,Cotton,Chandrapur,Korpana,47.96,47.27,48.64,368.0,2016,November
2016-11,Cotton,Yewatmal,Mahagaon,48.42,46.65,49.64,792.9,2016,November
2016-11,Cotton,Beed,Majalgaon,48.5,46.91,49.0,325.0,2016,November
2016-11,Cotton,Buldhana,Malkapur,48.0,47.0,50.0,115.2,2016,November
2016-11,Cotton,Nagpur,Mandhal,47.48,47.33,47.72,389.8,2016,November
2016-11,Cotton,Wasim,Mangrulpeer,49.0,49.0,49.0,64.5,2016,November
2016-11,Cotton,Jalna,Mantha,49.38,48.68,49.95,633.4,2016,November
2016-11,Cotton,Parbhani,Manwat,50.78,49.76,51.17,1305.0,2016,November
2016-11,Cotton,Yewatmal,Maregaon,47.86,46.83,49.03,1975.1,2016,November
2016-11,Cotton,Nanded,Naigaon,48.25,48.0,48.5,3.5,2016,November
2016-11,Cotton,Nagpur,Narkhed,48.19,47.36,49.03,708.5,2016,November
2016-11,Cotton,Nandurbar,Navapur,46.91,46.67,47.42,13.2,2016,November
2016-11,Cotton,Parbhani,Parbhani,51.15,50.73,51.31,563.5,2016,November
2016-11,Cotton,Nagpur,Parshiwani,48.57,48.24,48.86,785.2,2016,November
2016-11,Cotton,Jalna,Partur,49.58,48.87,50.25,353.4,2016,November
2016-11,Cotton,Ahmadnagar,Pathardi,48.39,38.75,50.0,80.5,2016,November
2016-11,Cotton,Chandrapur,Pombhurni,45.0,40.0,47.0,12.3,2016,November
2016-11,Cotton,Wardha,Pulgaon,49.26,48.4,49.8,4500.4,2016,November
2016-11,Cotton,Chandrapur,Rajura,47.81,45.94,48.49,1291.7,2016,November
2016-11,Cotton,Yewatmal,Ralegaon,49.28,48.09,49.69,11025.2,2016,November
2016-11,Cotton,Parbhani,Sailu,51.01,50.41,51.55,1820.0,2016,November
2016-11,Cotton,Wardha,Samudrapur,48.64,48.11,49.5,2348.2,2016,November
2016-11,Cotton,Nagpur,Savner,48.95,48.77,49.06,1485.5,2016,November
2016-11,Cotton,Ahmadnagar,Shrigonda-Ghogargaon,49.72,49.17,50.28,72.1,2016,November
2016-11,Cotton,Wardha,Sindi,48.93,48.28,49.31,181.3,2016,November
2016-11,Cotton,Wardha,Sindi (Selu),48.45,47.84,49.08,4932.6,2016,November
2016-11,Cotton,Gadchiroli,Sironcha,44.5,44.5,44.5,53.2,2016,November
2016-11,Cotton,Parbhani,Sonpeth,47.38,46.77,47.73,1176.8,2016,November
2016-11,Cotton,Akola,Telhara,48.75,48.5,49.0,1128.0,2016,November
2016-11,Cotton,Amaravathi,Tiwasa,48.64,47.0,49.71,20.4,2016,November
2016-11,Cotton,Nagpur,Umared,48.68,48.23,49.16,465.2,2016,November
2016-11,Cotton,Beed,Vadvani,48.7,48.58,48.8,383.4,2016,November
2016-11,Cotton,Yewatmal,Vani,48.43,46.2,49.27,20237.2,2016,November
2016-11,Cotton,Chandrapur,Varora,47.6,46.59,48.63,5912.6,2016,November
2016-11,Cotton,Amaravathi,Varud,49.0,48.21,49.57,189.0,2016,November
2016-11,Cotton,Wardha,Wardha,48.06,46.87,49.41,1420.3,2016,November
2016-11,Cotton,Jalgaon,Yawal,44.21,40.0,50.0,320.3,2016,November
2016-11,Cotton,Yewatmal,Yeotmal,48.56,47.53,49.28,5387.0,2016,November
2016-11,Cotton,Yewatmal,Zarijamini,47.93,46.51,48.45,1889.2,2016,November
2016-11,Jowar,Amaravathi,Achalpur,14.47,13.75,15.18,93.4,2016,November
2016-11,Jowar,Ahmadnagar,Ahmednagar,22.84,20.3,24.87,45.9,2016,November
2016-11,Jowar,Latur,Ahmedpur,14.88,11.47,18.32,381.6,2016,November
2016-11,Jowar,Hingoli,Akhadabalapur,16.25,16.25,16.25,1.3,2016,November
2016-11,Jowar,Nandurbar,Akkalkuwa,13.45,13.4,13.5,11.5,2016,November
2016-11,Jowar,Akola,Akola,15.65,12.83,18.43,934.5,2016,November
2016-11,Jowar,Akola,Akot,13.92,12.13,15.7,2035.0,2016,November
2016-11,Jowar,Jalgaon,Amalner,20.94,16.45,20.94,1853.2,2016,November
2016-11,Jowar,Amaravathi,Amarawati,19.46,17.71,21.21,36.1,2016,November
2016-11,Jowar,Jalna,Ambad(Vadi Godri),22.29,20.09,25.51,57.2,2016,November
2016-11,Jowar,Beed,Ambejogai,20.29,18.29,21.79,34.4,2016,November
2016-11,Jowar,Amaravathi,Anajngaon Surji,13.63,10.88,16.13,69.9,2016,November
2016-11,Jowar,Sangli,Atpadi,22.0,20.0,24.0,0.7,2016,November
2016-11,Jowar,Latur,Ausa,17.31,15.81,18.2,59.6,2016,November
2016-11,Jowar,Akola,Balapur,15.25,12.75,15.75,36.1,2016,November
2016-11,Jowar,Pune,Baramati,19.59,16.75,26.05,130.2,2016,November
2016-11,Jowar,Solapur,Barshi,22.68,17.9,30.13,555.6,2016,November
2016-11,Jowar,Beed,Beed,22.25,19.38,24.08,87.2,2016,November
2016-11,Jowar,Nanded,Bhokar,14.97,14.04,15.83,10.2,2016,November
2016-11,Jowar,Jalna,Bhokardan,16.3,16.1,16.45,4.6,2016,November
2016-11,Jowar,Jalna,Bhokardan-Pimpalgaon Renu,16.3,16.0,16.5,0.7,2016,November
2016-11,Jowar,Jalgaon,Bhusaval,11.37,11.05,12.31,104.1,2016,November
2016-11,Jowar,Parbhani,Bori,19.83,18.37,20.13,4.7,2016,November
2016-11,Jowar,Buldhana,Buldhana,13.36,12.0,14.71,10.1,2016,November
2016-11,Jowar,Buldhana,Buldhana-Dhad,14.0,12.0,16.0,6.0,2016,November
2016-11,Jowar,Latur,Chakur,24.51,24.51,24.51,0.3,2016,November
2016-11,Jowar,Jalgaon,Chalisgaon,12.0,10.8,12.77,63.0,2016,November
2016-11,Jowar,Amaravathi,Chandur Bajar,13.8,12.54,15.08,80.2,2016,November
2016-11,Jowar,Buldhana,Chikhali,12.99,11.98,14.0,9.0,2016,November
2016-11,Jowar,Jalgaon,Chopda,15.59,14.6,16.73,1280.5,2016,November
2016-11,Jowar,Nasik,Devala,11.94,11.94,11.94,0.5,2016,November
2016-11,Jowar,Latur,Devani,16.01,16.01,16.01,2.1,2016,November
2016-11,Jowar,Nandurbar,Dhadgaon,11.72,10.85,12.24,76.0,2016,November
2016-11,Jowar,Jalgaon,Dharangaon,11.73,11.21,12.42,188.6,2016,November
2016-11,Jowar,Amaravathi,Dharni,14.1,13.6,14.6,248.5,2016,November
2016-11,Jowar,Dhule,Dhule,13.02,12.33,14.63,595.3,2016,November
2016-11,Jowar,Yewatmal,Digras,16.28,16.28,16.28,0.7,2016,November
2016-11,Jowar,Dhule,Dondaicha,18.14,15.38,19.64,435.8,2016,November
2016-11,Jowar,Dhule,Dondaicha-Sindkheda,15.33,14.62,15.86,63.4,2016,November
2016-11,Jowar,Pune,Dound,24.58,22.37,26.07,150.0,2016,November
2016-11,Jowar,Solapur,Dudhani,23.17,21.76,23.63,4.0,2016,November
2016-11,Jowar,Parbhani,Gangakhed,16.6,16.25,16.8,20.0,2016,November
2016-11,Jowar,Aurangabad,Gangapur,22.19,21.62,22.79,33.9,2016,November
2016-11,Jowar,Beed,Gevrai,22.65,19.02,24.92,411.3,2016,November
2016-11,Jowar,Jalna,Ghansawangi,17.0,16.0,18.0,2.5,2016,November
2016-11,Jowar,Hingoli,Hingoli,20.95,20.95,20.95,1.4,2016,November
2016-11,Jowar,Pune,Indapur,24.0,20.11,26.51,4.0,2016,November
2016-11,Jowar,Pune,Indapur-Bhigwan,22.34,18.0,30.34,32.4,2016,November
2016-11,Jowar,Jalgaon,Jalgaon,18.79,16.92,20.05,543.4,2016,November
2016-11,Jowar,Buldhana,Jalgaon Jamod-Aasalgaon,12.0,10.75,13.0,35.9,2016,November
2016-11,Jowar,Jalgaon,Jalgaon-Masawat,11.3,11.07,11.69,346.2,2016,November
2016-11,Jowar,Latur,Jalkot,11.74,10.79,12.66,179.3,2016,November
2016-11,Jowar,Jalna,Jalna,22.82,17.63,28.42,772.6,2016,November
2016-11,Jowar,Jalna,Jalna-Badnapur,18.92,18.5,19.17,4.3,2016,November
2016-11,Jowar,Ahmadnagar,Jamkhed,24.13,20.25,28.0,753.9,2016,November
2016-11,Jowar,Parbhani,Jintur,19.85,19.85,19.85,0.7,2016,November
2016-11,Jowar,Beed,Kada,23.95,19.3,28.2,156.8,2016,November
2016-11,Jowar,Beed,Kada (Ashti),23.0,18.25,27.25,31.0,2016,November
2016-11,Jowar,Osmanabad,Kalamb (Os),18.47,15.99,19.67,169.2,2016,November
2016-11,Jowar,Aurangabad,Kannad,14.14,14.14,14.14,1.3,2016,November
2016-11,Jowar,Wasim,Karanja,15.69,13.91,17.88,18.3,2016,November
2016-11,Jowar,Solapur,Karmala,22.25,17.13,29.13,47.4,2016,November
2016-11,Jowar,Nagpur,Katol,12.18,11.94,12.51,18.2,2016,November
2016-11,Jowar,Beed,Kej,19.51,17.74,20.79,196.3,2016,November
2016-11,Jowar,Buldhana,Khamgaon,13.28,11.86,14.31,447.0,2016,November
2016-11,Jowar,Beed,Kille Dharur,18.86,17.65,19.55,14.7,2016,November
2016-11,Jowar,Kolhapur,Kolhapur-Laxmipuri,31.4,23.72,40.44,146.4,2016,November
2016-11,Jowar,Ahmadnagar,Kopargaon,19.63,17.98,20.67,17.2,2016,November
2016-11,Jowar,Solapur,Kurdwadi,24.08,20.48,27.47,16.5,2016,November
2016-11,Jowar,Solapur,Kurdwadi-Modnimb,21.41,16.61,26.3,21.9,2016,November
2016-11,Jowar,Nasik,Lasalgaon,16.75,13.86,18.74,8.7,2016,November
2016-11,Jowar,Nasik,Lasalgaon-Vinchur,14.9,12.0,16.16,1.3,2016,November
2016-11,Jowar,Aurangabad,Lasur Station,21.91,19.65,23.58,73.8,2016,November
2016-11,Jowar,Latur,Latur,18.91,16.58,21.47,1029.0,2016,November
2016-11,Jowar,Latur,Latur-Murud,18.74,17.91,19.34,167.7,2016,November
2016-11,Jowar,Nanded,Loha,14.25,11.51,14.56,11.4,2016,November
2016-11,Jowar,Satara,Lonand,19.75,16.5,23.0,6.8,2016,November
2016-11,Jowar,Buldhana,Lonar,19.88,17.01,22.75,2.0,2016,November
2016-11,Jowar,Yewatmal,Mahagaon,15.5,14.85,16.5,130.5,2016,November
2016-11,Jowar,Beed,Majalgaon,20.22,17.19,22.23,35.4,2016,November
2016-11,Jowar,Buldhana,Malkapur,12.45,11.61,15.78,950.9,2016,November
2016-11,Jowar,Solapur,Mangalwedha,23.49,21.8,25.37,69.5,2016,November
2016-11,Jowar,Wasim,Mangrulpeer,13.55,13.55,13.55,0.3,2016,November
2016-11,Jowar,Nasik,Manmad,23.8,23.8,23.8,0.8,2016,November
2016-11,Jowar,Jalna,Mantha,19.75,18.7,21.0,8.4,2016,November
2016-11,Jowar,Parbhani,Manwat,20.43,19.25,21.15,16.7,2016,November
2016-11,Jowar,Buldhana,Mehkar,17.16,16.63,18.12,5.1,2016,November
2016-11,Jowar,Solapur,Mohol,23.43,16.5,26.02,33.3,2016,November
2016-11,Jowar,Amaravathi,Morshi,12.51,11.94,13.2,97.0,2016,November
2016-11,Jowar,Nanded,Mukhed,11.33,11.25,12.61,35.6,2016,November
2016-11,Jowar,Osmanabad,Murum,26.0,26.0,26.0,0.1,2016,November
2016-11,Jowar,Nagpur,Nagpur,17.75,15.0,18.67,2.8,2016,November
2016-11,Jowar,Nanded,Naigaon,11.63,11.5,12.51,1.4,2016,November
2016-11,Jowar,Nasik,Nampur,31.5,31.5,31.5,0.1,2016,November
2016-11,Jowar,Nanded,Nanded,12.33,12.06,12.51,18.4,2016,November
2016-11,Jowar,Buldhana,Nandura,14.4,11.47,14.4,131.9,2016,November
2016-11,Jowar,Nandurbar,Nandurbar,14.87,12.13,16.86,3577.1,2016,November
2016-11,Jowar,Nandurbar,Navapur,12.34,12.03,12.75,43.5,2016,November
2016-11,Jowar,Ahmadnagar,Newasa,18.15,18.1,18.6,2.0,2016,November
2016-11,Jowar,Latur,Nilanga,10.83,10.48,13.14,21.1,2016,November
2016-11,Jowar,Pune,Nira-Saswad,22.05,17.36,26.91,24.6,2016,November
2016-11,Jowar,Osmanabad,Osmanabad,23.25,18.51,25.63,9.7,2016,November
2016-11,Jowar,Jalgaon,Pachora,13.95,13.18,14.8,2497.9,2016,November
2016-11,Jowar,Aurangabad,Paithan,22.17,21.53,22.99,22.0,2016,November
2016-11,Jowar,Solapur,Pandharpur,18.45,18.45,18.45,1.2,2016,November
2016-11,Jowar,Osmanabad,Paranda,20.38,18.0,22.13,42.0,2016,November
2016-11,Jowar,Parbhani,Parbhani,18.42,16.96,19.2,24.1,2016,November
2016-11,Jowar,Beed,Parli-Vaijnath,15.65,14.27,17.16,364.7,2016,November
2016-11,Jowar,Jalgaon,Parola,11.57,10.75,12.31,1435.8,2016,November
2016-11,Jowar,Jalna,Partur,20.5,18.75,21.37,11.9,2016,November
2016-11,Jowar,Ahmadnagar,Pathardi,18.47,16.58,21.06,39.1,2016,November
2016-11,Jowar,Parbhani,Pathari,19.21,18.44,20.04,9.3,2016,November
2016-11,Jowar,Akola,Patur,14.25,13.58,14.67,4.4,2016,November
2016-11,Jowar,Satara,Phaltan,22.25,16.38,29.41,36.8,2016,November
2016-11,Jowar,Pune,Pune,29.73,28.04,30.72,1387.0,2016,November
2016-11,Jowar,Yewatmal,Pusad,15.0,13.5,16.26,7.2,2016,November
2016-11,Jowar,Ahmadnagar,Rahata,13.8,13.8,13.94,5.6,2016,November
2016-11,Jowar,Ahmadnagar,Rahuri-Vambori,21.09,20.13,22.04,12.1,2016,November
2016-11,Jowar,Jalgaon,Raver,15.02,11.2,15.91,855.3,2016,November
2016-11,Jowar,Jalgaon,Raver-Sawada,11.69,10.58,12.03,136.8,2016,November
2016-11,Jowar,Parbhani,Sailu,21.8,20.44,22.7,22.8,2016,November
2016-11,Jowar,Sangli,Sangali,25.09,19.43,28.73,1430.1,2016,November
2016-11,Jowar,Ahmadnagar,Sangamner,17.71,17.54,17.93,6.8,2016,November
2016-11,Jowar,Buldhana,Sangrampur-Varvatbakal,12.09,10.77,13.07,16.0,2016,November
2016-11,Jowar,Nagpur,Savner,11.05,10.87,11.16,7.3,2016,November
2016-11,Jowar,Nandurbar,Shahada,14.38,13.41,15.96,242.6,2016,November
2016-11,Jowar,Buldhana,Shegaon,13.6,12.44,14.66,407.1,2016,November
2016-11,Jowar,Ahmadnagar,Shevgaon,23.14,21.74,23.14,60.4,2016,November
2016-11,Jowar,Ahmadnagar,Shevgaon-Bodhegaon,23.87,22.78,23.87,85.1,2016,November
2016-11,Jowar,Sangli,Shirala,18.5,17.0,20.0,34.0,2016,November
2016-11,Jowar,Dhule,Shirpur,16.52,14.68,17.73,689.9,2016,November
2016-11,Jowar,Pune,Shirur,18.43,17.53,18.6,3.6,2016,November
2016-11,Jowar,Ahmadnagar,Shrigonda,19.67,17.67,21.17,7.0,2016,November
2016-11,Jowar,Ahmadnagar,Shrirampur,19.78,16.53,21.23,45.6,2016,November
2016-11,Jowar,Aurangabad,Sillod,14.0,13.5,14.5,3.6,2016,November
2016-11,Jowar,Aurangabad,Sillod-Bharadi,13.0,12.5,13.5,0.2,2016,November
2016-11,Jowar,Wardha,Sindi (Selu),11.5,10.5,12.0,0.9,2016,November
2016-11,Jowar,Nasik,Sinner,16.61,13.71,18.24,5.0,2016,November
2016-11,Jowar,Solapur,Solapur,25.27,23.35,26.87,72.0,2016,November
2016-11,Jowar,Parbhani,Sonpeth,20.59,19.81,21.51,4.7,2016,November
2016-11,Jowar,Nandurbar,Taloda,14.24,12.9,14.65,419.1,2016,November
2016-11,Jowar,Sangli,Tasgaon,18.03,17.06,19.02,168.9,2016,November
2016-11,Jowar,Akola,Telhara,12.8,12.19,13.42,301.0,2016,November
2016-11,Jowar,Osmanabad,Tuljapur,19.89,19.86,20.57,32.5,2016,November
2016-11,Jowar,Latur,Udgir,11.67,11.34,11.67,150.5,2016,November
2016-11,Jowar,Thane,Ulhasnagar,21.46,17.39,23.78,197.5,2016,November
2016-11,Jowar,Nagpur,Umared,24.75,24.75,24.75,0.5,2016,November
2016-11,Jowar,Osmanabad,Umarga,14.38,13.9,15.12,30.5,2016,November
2016-11,Jowar,Satara,Vaduj,23.5,22.56,24.67,205.0,2016,November
2016-11,Jowar,Beed,Vadvani,19.5,16.25,20.51,0.4,2016,November
2016-11,Jowar,Aurangabad,Vaijapur,21.09,20.04,21.64,35.1,2016,November
2016-11,Jowar,Amaravathi,Varud,13.0,12.53,13.59,48.8,2016,November
2016-11,Jowar,Amaravathi,Varud-Rajura Bazar,13.98,13.41,14.5,11.1,2016,November
2016-11,Jowar,Wasim,Washim,11.38,10.5,12.17,7.1,2016,November
2016-11,Jowar,Jalgaon,Yawal,12.4,10.8,13.47,571.5,2016,November
2016-11,Jowar,Nasik,Yeola,18.16,16.55,19.17,2.0,2016,November
2016-11,Onion,Ahmadnagar,Ahmednagar,10.6,1.9,14.76,16620.1,2016,November
2016-11,Onion,Solapur,Akluj,6.33,3.31,8.83,244.3,2016,November
2016-11,Onion,Ahmadnagar,Akole,6.6,1.43,12.71,593.6,2016,November
2016-11,Onion,Jalgaon,Amalner,1.73,1.5,1.73,5.3,2016,November
2016-11,Onion,Amaravathi,Amarawati-Fruit And Vegetables,12.77,9.92,15.08,504.8,2016,November
2016-11,Onion,Aurangabad,Aurangabad,5.48,2.23,8.73,878.5,2016,November
2016-11,Onion,Pune,Baramati,6.8,2.0,11.19,403.2,2016,November
2016-11,Onion,Jalgaon,Chalisgaon,5.64,3.0,9.43,1908.6,2016,November
2016-11,Onion,Chandrapur,Chandrapur-Ganjwad,14.65,11.65,17.71,529.9,2016,November
2016-11,Onion,Nasik,Chandvad,8.7,3.24,12.41,8583.7,2016,November
2016-11,Onion,Nasik,Devala,8.58,3.46,10.27,10135.6,2016,November
2016-11,Onion,Dhule,Dhule,7.91,2.01,11.24,5557.3,2016,November
2016-11,Onion,Nasik,Dindori-Vani,8.24,6.2,10.18,4852.8,2016,November
2016-11,Onion,Pune,Indapur,5.25,1.0,9.0,94.6,2016,November
2016-11,Onion,Jalgaon,Jalgaon,6.45,3.43,9.26,1233.5,2016,November
2016-11,Onion,Ahmadnagar,Jamkhed,6.33,1.0,11.67,220.8,2016,November
2016-11,Onion,Pune,Junnar,11.14,5.86,12.73,4194.2,2016,November
2016-11,Onion,Pune,Junnar (Alephata),12.45,5.9,14.2,7744.0,2016,November
2016-11,Onion,Pune,Junnar-Otur,10.14,6.29,11.3,6230.5,2016,November
2016-11,Onion,Beed,Kada,9.9,1.1,13.2,1150.8,2016,November
2016-11,Onion,Nasik,Kalvan,7.68,2.27,10.24,8978.5,2016,November
2016-11,Onion,Thane,Kalyan,7.2,6.39,8.09,6.9,2016,November
2016-11,Onion,Nagpur,Kamthi,8.07,4.86,10.07,12.0,2016,November
2016-11,Onion,Satara,Karad,10.08,5.56,10.08,566.7,2016,November
2016-11,Onion,Pune,Khed-Chakan,6.75,4.38,9.5,344.2,2016,November
2016-11,Onion,Kolhapur,Kolhapur,7.71,2.56,13.29,11363.7,2016,November
2016-11,Onion,Ahmadnagar,Kopargaon,7.9,1.61,10.85,2495.4,2016,November
2016-11,Onion,Solapur,Kurdwadi,4.49,1.2,8.33,119.9,2016,November
2016-11,Onion,Solapur,Kurdwadi-Modnimb,4.85,1.25,8.86,166.0,2016,November
2016-11,Onion,Nasik,Lasalgaon,9.28,4.58,12.06,13251.0,2016,November
2016-11,Onion,Nasik,Lasalgaon-Niphad,6.22,2.7,7.67,3423.4,2016,November
2016-11,Onion,Aurangabad,Lasur Station,4.1,1.1,8.06,682.3,2016,November
2016-11,Onion,Satara,Lonand,9.18,3.57,12.29,2319.2,2016,November
2016-11,Onion,Nasik,Malegaon,10.5,4.07,15.18,5792.2,2016,November
2016-11,Onion,Buldhana,Malkapur,7.21,5.46,9.28,287.4,2016,November
2016-11,Onion,Pune,Manchar,6.79,3.71,9.73,2855.7,2016,November
2016-11,Onion,Solapur,Mangalwedha,7.42,4.75,9.04,31.5,2016,November
2016-11,Onion,Nasik,Manmad,7.76,3.29,10.54,5409.5,2016,November
2016-11,Onion,Mumbai,Mumbai-Onion And Potato Mkt,7.62,6.35,8.46,24570.0,2016,November
2016-11,Onion,Nagpur,Nagpur,10.59,4.99,12.47,8370.7,2016,November
2016-11,Onion,Nasik,Nampur,8.46,2.75,11.89,9666.0,2016,November
2016-11,Onion,Buldhana,Nandura,3.93,2.27,3.93,15.6,2016,November
2016-11,Onion,Nasik,Nashik,5.13,1.99,10.26,2676.8,2016,November
2016-11,Onion,Ahmadnagar,Newasa-Ghodegaon,8.23,1.77,13.85,14474.7,2016,November
2016-11,Onion,Osmanabad,Osmanabad,8.56,6.02,11.1,7.7,2016,November
2016-11,Onion,Aurangabad,Paithan,5.0,1.5,6.0,6.0,2016,November
2016-11,Onion,Thane,Palghar(Bevur),9.15,9.15,9.15,51.5,2016,November
2016-11,Onion,Solapur,Pandharpur,8.16,1.62,12.38,504.2,2016,November
2016-11,Onion,Ahmadnagar,Parner,7.0,2.75,11.1,2317.8,2016,November
2016-11,Onion,Ahmadnagar,Pathardi,8.98,2.11,11.53,1068.1,2016,November
2016-11,Onion,Satara,Phaltan,7.5,2.0,12.01,440.3,2016,November
2016-11,Onion,Nasik,Pimpalgaon (B)-Saykheda,6.05,2.27,8.86,4643.8,2016,November
2016-11,Onion,Nasik,Pimpalgaon Basawant,8.03,2.4,12.31,26266.6,2016,November
2016-11,Onion,Pune,Pune,9.7,4.16,11.54,27914.4,2016,November
2016-11,Onion,Pune,Pune-Manjri,6.54,6.04,7.31,13.5,2016,November
2016-11,Onion,Pune,Pune-Moshi,7.32,5.73,8.9,140.4,2016,November
2016-11,Onion,Pune,Pune-Pimpri,7.38,6.71,7.77,23.3,2016,November
2016-11,Onion,Ahmadnagar,Rahata,6.56,1.63,12.63,4474.6,2016,November
2016-11,Onion,Ahmadnagar,Rahuri,7.88,3.31,11.81,10472.0,2016,November
2016-11,Onion,Ahmadnagar,Rahuri-Vambori,7.2,1.5,13.0,6058.2,2016,November
2016-11,Onion,Nagpur,Ramtek,10.79,9.86,11.71,7.4,2016,November
2016-11,Onion,Dhule,Sakri,5.46,3.5,7.67,654.0,2016,November
2016-11,Onion,Ahmadnagar,Sangamner,10.41,3.73,15.97,10138.5,2016,November
2016-11,Onion,Sangli,Sangli-Phale Bhajipalam,9.16,2.0,13.29,4049.3,2016,November
2016-11,Onion,Nasik,Satana,8.43,2.5,11.31,9858.0,2016,November
2016-11,Onion,Satara,Satara,7.29,3.57,11.0,238.5,2016,November
2016-11,Onion,Dhule,Shirpur,6.47,2.37,7.76,339.0,2016,November
2016-11,Onion,Ahmadnagar,Shrirampur,8.0,2.0,12.31,6190.1,2016,November
2016-11,Onion,Nasik,Sinner,6.27,0.9,10.52,2419.3,2016,November
2016-11,Onion,Solapur,Solapur,6.23,1.11,16.09,50209.6,2016,November
2016-11,Onion,Thane,Ulhasnagar,6.64,5.11,11.0,338.0,2016,November
2016-11,Onion,Nasik,Umrane,9.0,4.54,13.05,25206.5,2016,November
2016-11,Onion,Satara,Vai,7.98,5.4,10.0,57.6,2016,November
2016-11,Onion,Aurangabad,Vaijapur,5.0,1.5,10.0,85.0,2016,November
2016-11,Onion,Sangli,Vita,9.39,5.5,11.93,9.3,2016,November
2016-11,Onion,Nasik,Yeola,5.78,2.14,7.94,4479.4,2016,November
2016-11,Rice,Gondiya,Aamgaon,14.19,13.88,14.51,638.2,2016,November
2016-11,Rice,Gadchiroli,Aheri,17.5924,17.5924,17.5924,217.0,2016,November
2016-11,Rice,Akola,Akola,42.82,31.1,54.53,6.5,2016,November
2016-11,Rice,Ahmadnagar,Akole,16.13,15.05,20.13,17.0,2016,November
2016-11,Rice,Raigad,Alibag,26.36,24.02,28.695,138.0,2016,November
2016-11,Rice,Gondiya,Arjuni Morgaon,15.8,15.63,15.8,1184.6,2016,November
2016-11,Rice,Gadchiroli,Armori,16.62,16.13,17.07,819.2,2016,November
2016-11,Rice,Gadchiroli,Armori-Desaiganj,16.52,15.4,16.91,5081.1,2016,November
2016-11,Rice,Solapur,Barshi,17.54,16.46,17.54,16.6,2016,November
2016-11,Rice,Bhandara,Bhandara,29.27,27.9,30.6,28.9,2016,November
2016-11,Rice,Thane,Bhivandi,23.9,20.92,28.77,1008.3,2016,November
2016-11,Rice,Nagpur,Bhiwapur,19.7,18.7,21.01,661.0,2016,November
2016-11,Rice,Chandrapur,Brahmpuri,17.55,17.01,18.09,532.6,2016,November
2016-11,Rice,Gadchiroli,Chamorshi,19.88,19.32,20.57,2278.2,2016,November
2016-11,Rice,Chandrapur,Chimur,20.76,20.03,21.37,1362.4,2016,November
2016-11,Rice,Gondiya,Devri,14.78,14.7,15.1,1268.1,2016,November
2016-11,Rice,Gadchiroli,Gadchiroli,17.57,17.07,17.98,456.8,2016,November
2016-11,Rice,Gondiya,Gondiya,14.63,14.04,15.15,6264.1,2016,November
2016-11,Rice,Chandrapur,Gondpimpri,24.1,23.51,24.51,40.0,2016,November
2016-11,Rice,Gondiya,Goregaon,15.76,15.33,16.19,512.0,2016,November
2016-11,Rice,Pune,Indapur-Bhigwan,16.9,16.01,17.22,5.4,2016,November
2016-11,Rice,Raigad,Karjat (Raigad),21.3059,16.7976,29.2416,284.5,2016,November
2016-11,Rice,Kolhapur,Kolhapur-Laxmipuri,22.8082,18.7984,30.9885,511.0,2016,November
2016-11,Rice,Bhandara,Lakhandur,15.5975,15.4297,15.7554,3395.9,2016,November
2016-11,Rice,Bhandara,Lakhani,19.18,19.18,19.18,5.6,2016,November
2016-11,Rice,Nagpur,Mandhal,17.0,16.5,18.6,37.1,2016,November
2016-11,Rice,Raigad,Mangaon(Bhadav),19.3054,15.8646,22.2216,91.6,2016,November
2016-11,Rice,Chandrapur,Mul,19.68,18.51,21.04,2357.5,2016,November
2016-11,Rice,Mumbai,Mumbai,60.23,45.62,93.81,60633.7,2016,November
2016-11,Rice,Raigad,Murud,22.665,20.115,25.215,138.0,2016,November
2016-11,Rice,Chandrapur,Nagbhid,19.36,17.26,19.36,3634.0,2016,November
2016-11,Rice,Nagpur,Nagpur,18.5222,16.1846,19.3084,3196.0,2016,November
2016-11,Rice,Nandurbar,Nandurbar,30.0,30.0,30.0,0.3,2016,November
2016-11,Rice,Nandurbar,Navapur,12.8083,12.5851,12.9927,33.8,2016,November
2016-11,Rice,Pune,Nira-Saswad,31.12,27.0,35.25,18.7,2016,November
2016-11,Rice,Thane,Palghar(Bevur),30.01,25.69,34.73,690.6,2016,November
2016-11,Rice,Bhandara,Pavani,18.42,18.07,18.73,725.5,2016,November
2016-11,Rice,Raigad,Pen,23.9677,22.0806,31.2203,37.2,2016,November
2016-11,Rice,Chandrapur,Pombhurni,20.08,19.08,21.6,228.6,2016,November
2016-11,Rice,Pune,Pune,44.24,36.59,50.62,4416.0,2016,November
2016-11,Rice,Nagpur,Ramtek,17.28,17.06,17.44,350.6,2016,November
2016-11,Rice,Jalgaon,Raver,14.5,14.5,14.5,0.1,2016,November
2016-11,Rice,Raigad,Roha,15.1,15.1,15.1,3.8,2016,November
2016-11,Rice,Gondiya,Sadak Arjuni,14.7,14.7,14.7,1195.5,2016,November
2016-11,Rice,Dhule,Sakri,27.0,27.0,27.0,0.3,2016,November
2016-11,Rice,Sangli,Sangali,44.57,21.64,55.86,1357.5,2016,November
2016-11,Rice,Chandrapur,Savali,19.7,19.14,20.42,421.0,2016,November
2016-11,Rice,Thane,Shahapur,16.09,15.36,16.98,14.2,2016,November
2016-11,Rice,Sangli,Shirala,18.75,15.0,22.5,83.0,2016,November
2016-11,Rice,Chandrapur,Sindevahi,20.96,20.96,21.99,456.4,2016,November
2016-11,Rice,Nasik,Sinner,17.0,17.0,17.0,0.1,2016,November
2016-11,Rice,Gadchiroli,Sironcha,19.8282,19.8282,19.8282,1019.0,2016,November
2016-11,Rice,Solapur,Solapur,31.26,22.65,53.0,1580.8,2016,November
2016-11,Rice,Gondiya,Tiroda,15.79,15.3,16.27,5204.2,2016,November
2016-11,Rice,Bhandara,Tumsar,17.9746,17.1545,18.5343,10318.8,2016,November
2016-11,Rice,Thane,Ulhasnagar,44.13,34.59,53.13,458.5,2016,November
2016-11,Rice,Nagpur,Umared,35.0,20.0,40.13,197.7,2016,November
2016-11,Rice,Thane,Vasai,27.98,20.98,43.59,487.0,2016,November
2016-11,Soybean,Yewatmal,Aarni,26.66,24.63,28.51,1396.0,2016,November
2016-11,Soybean,Amaravathi,Achalpur,26.91,25.85,27.92,1041.5,2016,November
2016-11,Soybean,Gadchiroli,Aheri,23.84,23.18,24.47,80.8,2016,November
2016-11,Soybean,Ahmadnagar,Ahmednagar,24.58,20.75,27.86,219.7,2016,November
2016-11,Soybean,Latur,Ahmedpur,24.82,21.71,28.31,2158.0,2016,November
2016-11,Soybean,Hingoli,Akhadabalapur,28.14,27.78,28.52,223.8,2016,November
2016-11,Soybean,Akola,Akola,26.31,24.06,28.44,15600.9,2016,November
2016-11,Soybean,Ahmadnagar,Akole,28.06,27.81,29.25,83.6,2016,November
2016-11,Soybean,Akola,Akot,26.4,23.89,28.84,2435.0,2016,November
2016-11,Soybean,Jalgaon,Amalner,26.18,23.21,26.18,41.7,2016,November
2016-11,Soybean,Amaravathi,Amarawati,25.32,22.19,28.45,31053.5,2016,November
2016-11,Soybean,Jalna,Ambad(Vadi Godri),23.63,21.02,27.69,131.1,2016,November
2016-11,Soybean,Beed,Ambejogai,27.97,22.09,28.98,3535.0,2016,November
2016-11,Soybean,Amaravathi,Anajngaon Surji,25.46,23.45,27.82,1337.2,2016,November
2016-11,Soybean,Wardha,Arvi,25.3,21.75,28.12,1025.1,2016,November
2016-11,Soybean,Wardha,Ashti-Karanja,28.11,27.48,28.86,326.8,2016,November
2016-11,Soybean,Latur,Aurad Shahajani,27.0,23.39,29.0,41.9,2016,November
2016-11,Soybean,Latur,Ausa,26.77,19.62,27.89,1959.7,2016,November
2016-11,Soybean,Yewatmal,Babhulgaon,25.81,21.75,28.56,921.6,2016,November
2016-11,Soybean,Akola,Balapur,27.0,26.13,27.38,506.6,2016,November
2016-11,Soybean,Pune,Baramati,27.5,26.88,29.05,215.0,2016,November
2016-11,Soybean,Solapur,Barshi,26.29,23.29,26.91,144.7,2016,November
2016-11,Soybean,Hingoli,Basmat,28.03,27.54,28.58,954.8,2016,November
2016-11,Soybean,Hingoli,Basmat (Kurunda),27.32,26.28,28.06,183.5,2016,November
2016-11,Soybean,Beed,Beed,26.0,24.0,28.0,20.0,2016,November
2016-11,Soybean,Bhandara,Bhandara,27.46,27.11,27.68,16.4,2016,November
2016-11,Soybean,Nagpur,Bhiwapur,27.25,26.82,27.91,436.2,2016,November
2016-11,Soybean,Nanded,Bhokar,26.54,25.33,27.79,1442.3,2016,November
2016-11,Soybean,Jalna,Bhokardan,27.18,26.92,27.41,259.4,2016,November
2016-11,Soybean,Jalna,Bhokardan-Pimpalgaon Renu,26.6,26.4,27.01,47.8,2016,November
2016-11,Soybean,Parbhani,Bori,24.03,20.77,27.8,803.8,2016,November
2016-11,Soybean,Yewatmal,Bori Arab,27.97,27.88,28.17,37.6,2016,November
2016-11,Soybean,Buldhana,Buldhana,26.25,24.94,28.08,342.0,2016,November
2016-11,Soybean,Buldhana,Buldhana-Dhad,24.53,22.65,26.47,1708.6,2016,November
2016-11,Soybean,Latur,Chakur,27.73,27.21,28.53,69.6,2016,November
2016-11,Soybean,Jalgaon,Chalisgaon,24.25,21.95,25.7,7.4,2016,November
2016-11,Soybean,Chandrapur,Chandrapur,25.24,19.2,27.74,366.7,2016,November
2016-11,Soybean,Amaravathi,Chandur Bajar,27.71,24.3,29.62,1942.1,2016,November
2016-11,Soybean,Amaravathi,Chandur Rly.,26.19,22.11,28.5,1113.8,2016,November
2016-11,Soybean,Buldhana,Chikhali,25.67,22.8,28.65,5450.2,2016,November
2016-11,Soybean,Chandrapur,Chimur,28.5,28.0,30.0,2.7,2016,November
2016-11,Soybean,Jalgaon,Chopda,27.12,22.61,27.92,78.2,2016,November
2016-11,Soybean,Yewatmal,Darwha,27.78,27.7,27.85,3.0,2016,November
2016-11,Soybean,Amaravathi,Daryapur,26.34,21.13,28.36,1190.8,2016,November
2016-11,Soybean,Latur,Devani,25.88,22.94,28.82,300.3,2016,November
2016-11,Soybean,Amaravathi,Dhamangaon-Rly,25.3,22.81,28.31,3239.5,2016,November
2016-11,Soybean,Amaravathi,Dharni,26.05,25.55,26.55,191.3,2016,November
2016-11,Soybean,Dhule,Dhule,26.14,23.26,26.9,13.4,2016,November
2016-11,Soybean,Yewatmal,Digras,27.32,25.98,27.76,621.3,2016,November
2016-11,Soybean,Parbhani,Gangakhed,27.86,27.75,28.02,302.0,2016,November
2016-11,Soybean,Aurangabad,Gangapur,26.45,26.28,26.61,18.8,2016,November
2016-11,Soybean,Beed,Gevrai,23.86,20.76,26.56,294.3,2016,November
2016-11,Soybean,Jalna,Ghansawangi,26.79,26.0,27.57,269.0,2016,November
2016-11,Soybean,Yewatmal,Ghatanji,25.88,23.91,27.18,59.6,2016,November
2016-11,Soybean,Nanded,Hadgaon,29.0,28.0,29.96,181.7,2016,November
2016-11,Soybean,Nanded,Hadgaon-Tamsa,29.0,28.0,30.0,68.0,2016,November
2016-11,Soybean,Nanded,Hanegaon,26.03,21.34,27.37,52.4,2016,November
2016-11,Soybean,Wardha,Hinganghat,27.23,24.4,29.33,14913.8,2016,November
2016-11,Soybean,Hingoli,Hingoli,28.87,27.54,28.87,3050.6,2016,November
2016-11,Soybean,Hingoli,Hingoli-Kanegaon Naka,28.79,28.54,29.03,62.5,2016,November
2016-11,Soybean,Pune,Indapur,22.75,21.0,27.25,4.2,2016,November
2016-11,Soybean,Pune,Indapur-Bhigwan,25.5,24.06,26.5,9.2,2016,November
2016-11,Soybean,Jalna,Jafrabad,25.69,24.56,26.38,61.5,2016,November
2016-11,Soybean,Jalgaon,Jalgaon,26.28,24.86,26.93,284.3,2016,November
2016-11,Soybean,Buldhana,Jalgaon Jamod-Aasalgaon,27.33,25.58,28.42,438.9,2016,November
2016-11,Soybean,Latur,Jalkot,27.04,25.87,27.87,934.5,2016,November
2016-11,Soybean,Jalna,Jalna,26.89,21.3,28.29,14569.1,2016,November
2016-11,Soybean,Hingoli,Jawala-Bajar,27.57,26.77,28.39,1482.5,2016,November
2016-11,Soybean,Parbhani,Jintur,27.1,25.45,27.97,1088.4,2016,November
2016-11,Soybean,Beed,Kada,24.17,17.17,27.17,14.0,2016,November
2016-11,Soybean,Beed,Kada (Ashti),23.5,19.5,26.5,11.9,2016,November
2016-11,Soybean,Osmanabad,Kalamb (Os),26.48,17.84,27.99,2744.8,2016,November
2016-11,Soybean,Yewatmal,Kalamb (Yawatmal),26.57,24.48,28.66,1313.5,2016,November
2016-11,Soybean,Hingoli,Kalamnuri,26.46,24.42,27.92,359.6,2016,November
2016-11,Soybean,Nagpur,Kalmeshwar,27.68,26.1,28.79,138.0,2016,November
2016-11,Soybean,Nasik,Kalvan,26.82,26.53,27.1,34.4,2016,November
2016-11,Soybean,Wasim,Karanja,26.44,24.24,28.77,7460.0,2016,November
2016-11,Soybean,Nagpur,Katol,26.57,24.68,28.49,472.5,2016,November
2016-11,Soybean,Beed,Kej,26.61,24.06,27.89,512.4,2016,November
2016-11,Soybean,Buldhana,Khamgaon,27.19,23.68,29.01,25956.3,2016,November
2016-11,Soybean,Beed,Kille Dharur,26.07,22.92,26.86,110.7,2016,November
2016-11,Soybean,Nanded,Kinwat,28.36,27.82,28.91,145.1,2016,November
2016-11,Soybean,Ahmadnagar,Kopargaon,27.05,24.66,27.47,395.2,2016,November
2016-11,Soybean,Chandrapur,Korpana,27.08,26.98,27.23,96.5,2016,November
2016-11,Soybean,Solapur,Kurdwadi,20.5,18.0,23.0,0.9,2016,November
2016-11,Soybean,Nasik,Lasalgaon,27.68,22.46,28.45,981.0,2016,November
2016-11,Soybean,Nasik,Lasalgaon-Niphad,27.62,21.72,28.15,430.2,2016,November
2016-11,Soybean,Nasik,Lasalgaon-Vinchur,27.56,21.28,28.05,1308.0,2016,November
2016-11,Soybean,Aurangabad,Lasur Station,26.84,23.38,27.18,143.6,2016,November
2016-11,Soybean,Latur,Latur,28.17,24.29,29.92,55328.3,2016,November
2016-11,Soybean,Latur,Latur-Murud,26.72,20.63,28.1,797.4,2016,November
2016-11,Soybean,Buldhana,Lonar,28.41,27.75,29.14,7007.5,2016,November
2016-11,Soybean,Yewatmal,Mahagaon,27.69,26.96,28.64,118.5,2016,November
2016-11,Soybean,Beed,Majalgaon,27.77,27.75,27.98,1815.0,2016,November
2016-11,Soybean,Nasik,Malegaon,23.9,15.0,26.41,1.0,2016,November
2016-11,Soybean,Wasim,Malegaon (Washim),27.47,25.27,28.38,3177.5,2016,November
2016-11,Soybean,Buldhana,Malkapur,26.91,21.85,28.71,4444.5,2016,November
2016-11,Soybean,Nagpur,Mandhal,26.7,26.18,27.65,171.2,2016,November
2016-11,Soybean,Wasim,Mangrulpeer,28.65,23.39,30.08,5935.3,2016,November
2016-11,Soybean,Wasim,Manora,27.45,26.15,28.99,1573.5,2016,November
2016-11,Soybean,Jalna,Mantha,26.1,24.45,26.63,181.3,2016,November
2016-11,Soybean,Parbhani,Manwat,26.53,23.94,27.72,1176.5,2016,November
2016-11,Soybean,Buldhana,Mehkar,27.35,25.7,29.57,3803.5,2016,November
2016-11,Soybean,Amaravathi,Morshi,27.12,25.71,28.43,1468.7,2016,November
2016-11,Soybean,Nanded,Mukhed,27.35,23.69,28.1,77.6,2016,November
2016-11,Soybean,Akola,Murtizapur,27.12,25.81,28.82,3820.0,2016,November
2016-11,Soybean,Osmanabad,Murum,28.18,27.91,28.45,13.8,2016,November
2016-11,Soybean,Nagpur,Nagpur,28.02,25.54,28.96,2940.5,2016,November
2016-11,Soybean,Nanded,Naigaon,25.05,21.61,27.35,90.1,2016,November
2016-11,Soybean,Nanded,Nanded,26.54,25.45,27.16,1096.1,2016,November
2016-11,Soybean,Amaravathi,Nandgaon Khandeshwar,25.33,22.44,28.24,1791.2,2016,November
2016-11,Soybean,Buldhana,Nandura,28.2,24.9,28.2,1959.7,2016,November
2016-11,Soybean,Nandurbar,Nandurbar,25.77,23.64,27.97,210.5,2016,November
2016-11,Soybean,Nandurbar,Navapur,27.44,27.0,27.94,102.3,2016,November
2016-11,Soybean,Yewatmal,Ner Parasopant,26.68,25.56,27.73,2021.8,2016,November
2016-11,Soybean,Latur,Nilanga,26.5,18.15,28.79,535.7,2016,November
2016-11,Soybean,Osmanabad,Osmanabad,23.88,21.75,27.63,37.0,2016,November
2016-11,Soybean,Jalgaon,Pachora,26.59,24.8,28.38,1046.3,2016,November
2016-11,Soybean,Aurangabad,Paithan,25.34,24.54,26.11,33.3,2016,November
2016-11,Soybean,Parbhani,Palam,27.98,27.98,27.98,29.0,2016,November
2016-11,Soybean,Yewatmal,Pandharkawada,27.08,23.86,27.58,402.0,2016,November
2016-11,Soybean,Parbhani,Parbhani,27.46,25.45,27.71,2217.5,2016,November
2016-11,Soybean,Beed,Parli-Vaijnath,26.05,21.77,30.04,2531.2,2016,November
2016-11,Soybean,Nagpur,Parshiwani,26.75,24.75,28.75,15.0,2016,November
2016-11,Soybean,Jalna,Partur,27.04,25.36,28.13,754.0,2016,November
2016-11,Soybean,Parbhani,Pathari,24.36,17.65,26.71,541.2,2016,November
2016-11,Soybean,Akola,Patur,27.0,24.83,28.03,594.9,2016,November
2016-11,Soybean,Wardha,Pulgaon,27.67,24.85,28.43,654.1,2016,November
2016-11,Soybean,Parbhani,Purna,27.28,26.01,27.74,660.0,2016,November
2016-11,Soybean,Ahmadnagar,Rahata,27.27,26.67,27.75,331.8,2016,November
2016-11,Soybean,Ahmadnagar,Rahuri-Vambori,26.07,23.53,27.85,105.3,2016,November
2016-11,Soybean,Chandrapur,Rajura,26.39,23.17,27.29,423.8,2016,November
2016-11,Soybean,Nagpur,Ramtek,26.35,26.35,26.35,6.5,2016,November
2016-11,Soybean,Wasim,Risod,27.62,26.3,28.88,5667.1,2016,November
2016-11,Soybean,Parbhani,Sailu,27.28,21.38,27.98,857.4,2016,November
2016-11,Soybean,Dhule,Sakri,28.94,25.67,32.42,32.6,2016,November
2016-11,Soybean,Wardha,Samudrapur,26.79,24.86,29.29,426.2,2016,November
2016-11,Soybean,Sangli,Sangali,29.08,28.0,29.68,231.9,2016,November
2016-11,Soybean,Buldhana,Sangrampur-Varvatbakal,26.98,24.5,28.01,123.0,2016,November
2016-11,Soybean,Nagpur,Savner,26.07,22.94,27.59,108.9,2016,November
2016-11,Soybean,Hingoli,Sengaon,28.05,27.67,28.47,1572.4,2016,November
2016-11,Soybean,Nandurbar,Shahada,26.95,23.38,28.1,428.5,2016,November
2016-11,Soybean,Buldhana,Shegaon,27.99,24.2,28.35,1207.0,2016,November
2016-11,Soybean,Ahmadnagar,Shevgaon,25.29,24.56,25.29,24.0,2016,November
2016-11,Soybean,Ahmadnagar,Shevgaon-Bodhegaon,26.5,26.5,26.5,0.2,2016,November
2016-11,Soybean,Sangli,Shirala,28.5,28.0,29.0,85.0,2016,November
2016-11,Soybean,Dhule,Shirpur,25.46,19.58,27.49,150.2,2016,November
2016-11,Soybean,Pune,Shirur,25.41,24.59,25.41,4.2,2016,November
2016-11,Soybean,Ahmadnagar,Shrigonda,26.33,25.83,27.08,16.6,2016,November
2016-11,Soybean,Ahmadnagar,Shrirampur,26.94,25.52,27.79,344.9,2016,November
2016-11,Soybean,Ahmadnagar,Shrirampur-Belapur,25.71,24.89,26.53,39.9,2016,November
2016-11,Soybean,Aurangabad,Sillod,24.88,22.43,27.24,118.9,2016,November
2016-11,Soybean,Aurangabad,Sillod-Bharadi,25.13,23.0,26.75,6.1,2016,November
2016-11,Soybean,Wardha,Sindi,27.13,25.83,28.58,352.8,2016,November
2016-11,Soybean,Wardha,Sindi (Selu),26.87,24.84,28.69,1625.6,2016,November
2016-11,Soybean,Buldhana,Sindkhed Raja,27.65,27.05,28.1,183.7,2016,November
2016-11,Soybean,Nasik,Sinner,27.17,21.76,27.74,37.9,2016,November
2016-11,Soybean,Solapur,Solapur,27.9,27.9,27.9,7.1,2016,November
2016-11,Soybean,Parbhani,Sonpeth,25.88,21.76,26.96,277.4,2016,November
2016-11,Soybean,Parbhani,Tadkalas,28.02,28.02,28.02,353.1,2016,November
2016-11,Soybean,Sangli,Tasgaon,28.19,27.88,28.52,54.7,2016,November
2016-11,Soybean,Akola,Telhara,26.81,25.59,28.38,930.0,2016,November
2016-11,Soybean,Amaravathi,Tiwasa,26.19,24.35,28.31,369.5,2016,November
2016-11,Soybean,Osmanabad,Tuljapur,25.81,22.76,26.4,160.3,2016,November
2016-11,Soybean,Latur,Udgir,28.15,24.26,28.18,8500.0,2016,November
2016-11,Soybean,Nagpur,Umared,27.53,24.89,29.34,3090.5,2016,November
2016-11,Soybean,Osmanabad,Umarga,24.93,19.82,26.3,309.6,2016,November
2016-11,Soybean,Yewatmal,Umarkhed,27.22,26.63,27.76,700.2,2016,November
2016-11,Soybean,Yewatmal,Umarkhed-Danki,27.17,26.59,27.72,574.0,2016,November
2016-11,Soybean,Satara,Vaduj,28.61,28.11,29.11,120.0,2016,November
2016-11,Soybean,Aurangabad,Vaijapur,27.02,26.47,27.49,49.5,2016,November
2016-11,Soybean,Yewatmal,Vani,26.54,23.88,28.07,349.6,2016,November
2016-11,Soybean,Chandrapur,Varora,25.74,23.17,28.43,1312.4,2016,November
2016-11,Soybean,Amaravathi,Varud,27.37,24.21,29.36,74.8,2016,November
2016-11,Soybean,Amaravathi,Varud-Rajura Bazar,27.5,26.0,29.01,25.8,2016,November
2016-11,Soybean,Wardha,Wardha,28.26,25.96,29.92,2527.9,2016,November
2016-11,Soybean,Wasim,Washim,27.84,26.75,29.39,4410.0,2016,November
2016-11,Soybean,Wasim,Washim-Ansing,27.63,26.0,29.05,795.0,2016,November
2016-11,Soybean,Jalgaon,Yawal,22.0,18.0,26.79,19.3,2016,November
2016-11,Soybean,Nasik,Yeola,27.83,27.77,27.98,35.7,2016,November
2016-11,Soybean,Yewatmal,Yeotmal,26.93,24.59,28.46,3670.4,2016,November
2016-11,Soybean,Yewatmal,Zarijamini,26.01,22.28,27.26,133.3,2016,November
2016-11,Sugarcane,Thane,Ulhasnagar,3.5,2.0,5.0,17.0,2016,November
